brand,country,text
nike,USA,"What is the common way to say Nike? Edit: Thanks y'all for sharing your pronunciation, is awesome to read all comments and the proper/correct pronunciation"
nike,USA,How is it “Nike” pronounced? 
nike,USA,"What's the most famous brand from your state? What is the most famous brand that originated/is headquartered in your state?

Note that this is about the most recognizable brand, not the one with the most revenue

Examples:

Oregon: Nike

Georgia: Coca-Cola 

Kentucky: KFC
"
nike,USA,"How do you pronounce ""Nike""? "
nike,USA,"My fellow Americans, what do you call the casual shoes made by such companies as Nike and Converse? I call them “sneakers,” for an explanation. “Go-fasters” if I'm around military-types.

EDIT: Among those who call them “tennis shoes,” do you play tennis?"
nike,USA,Are Nike Tuned's (TNS) considered Eshay (Wannabe Gangster) in America? as title states
nike,USA,"Do your supermarkets sell big brand British Food and Drink products? When I asked the question I was wondering about:

- Cadburys Chocolate.
- Colman’s Mustard.
- Walkers Crisps.
- Tetley’s Tea Bags.

Like typically big famous British brands but I would be intrigued in general and TIA.

Edit - It has kindly been pointed out to me Heinz is American and not British so I have added Kellogg’s. I’m my original post I included Nestle which someone kindly informed me was Swiss so I have added Weetabix.

Thanks for the feedback, I apologise for the errors, legitimate mistake on my part 🙂.

2nd Edit - It has kindly been brought to my attention that Kellogg’s is not British either. Clearly my resources were not accurate, so I have replaced Kellogg’s with Tetley’s Tea Bags 🙂. Plus I have been informed the same with Weetabix’s (Very nicely). So I believe I finally have 4 which are British, three hours after posting 😂.

Thanks for the responses, enjoying them all before hopefully a visit to the States real soon!!"
nike,USA,"What’s the American equivalent of an eshay? For those who don’t know an eshay is a subculture in Australia where teen boys act like alpha males, they dress in sporting good brands like Nike, Adidas and wear their hair in mullets and they try to flex their look on others and they want to be gangsters and criminals so badly but end up being really big pussies when they actually do have to fight people and always lose fights. Basically their douchey wannabe criminal teens."
nike,USA,"Is your state known for inventing something(s)? If so, what is it? According to the internet, sunscreen was invented in FL. According to oceandrive.com,

“Yes, the Sunshine State is where sunscreen originated from. This one probably doesn't come as a big surprise. In 1944, pharmacist Benjamin Green used red veterinary petrolatum mixed with cocoa butter and coconut oil. Thus, Coppertone suntan cream was born. The iconic Coppertone girl on the bottles did not make her appearance until 1956. It's hard to imagine bracing the sunshine here without a few layers.”

Other things invented where Gatorade, no surprise there, key lime pie, concentrated orange juice, NASCAR,  air conditioning, and the first personal computer."
nike,USA,"Can All Low Income Females Order Nikes In America? C. A. L. I. F. O. R. N. I. A

(Please respond in a California themed initialism)"
nike,USA,What feels American but isn't? 
nike,USA,"What was/is the majority of your high school class doing after high school? Mine, a majority are going National Guard or are already in, and the rest seem like they are all going to tech school to be welders. *It’s a middle class community btw.*"
nike,USA,"What are some American things to do with my exchange student? Our family will be hosting a high school student from Spain this fall. Being the planner I am, I want to start making a list of activities to try with them as well as food items to either cook or seek out. We live in Georgia in the burbs btw. 

So my question is, what are some all American things they must see/do/eat before heading home?

Edit: I’m new to Georgia. I also grew up outside of the US. I didn’t grow up doing a lot of things most people find stereotypical American."
nike,USA,"Is wearing a t-shirt with slogan considered weird in US? I'm an international student at a university in US. I have a few t-shirts from Nike [with this style](https://modesens.com/product/nike-men-just-do-it-graphic-t-shirt-u-redblack-37976702/) that I use for gym and walking. I notice that a lot of women and men stare at me and smile when I'm in the gym or sometimes walking to the gym. 

&#x200B;

Is it considered weird in US to wear t-shirts with slogan like these?"
nike,USA,"Do you take into account from which countries brands come from when buying? Like, do you care that Nike is American while Adidas is German?, or that Ford is American while Toyota is Japanese?, or that Apple is American while Samsung is South Korean?

Just some examples, and how does it affect which brands you consume, if at all?"
nike,USA,What is your home states greatest contribution to the greater global society? 
nike,USA,"Can someone please explain the Colin Kappernick controversy? As I understand it he is an American football player and knelt during the national anthem to protest against police.

Why has this inflamed passion so much? As an outsider, protesting police brutality doesn't seem to me to be so transgressive."
nike,USA,"menswear? Is tracksuit popular in America? ( tracksuit is popular in the UK) Why do many American men love either southern tide, vineyard vines, patagonia or ralph laurent zip sweater, I see bunch of college kids wear these three brands. Don’t want to make this as a racial thing but from my observations most kids who wear these four brands are whites and asians. Occasionally blacks. I never saw a latino wearing these. 

I’m quite confused, vineyard vines and southern tide target demographics are young people, but patagonia and ralph laurent target demographics are middle aged professionals. So why would college students choose to buy ralph laurent and patagonia clothings? 

Also, is nike tech fleece popular in America?"
nike,USA,"Which casual fashion stores are most popular in the US and California for middle-class young adults? Hi, I am moving to Southern California in a few days, and I am wondering which middle-class fashion stores are most popular in the US and California? In my country, popular stores included Zara, American Eagle, LC Waikiki, Splash, Max, etc. Usually, a T-shirt in these stores doesn't exceed 20-30 USD, so I am searching for similar stores in the US. I already know that American Eagle and Zara are in the US as well, but I am searching for more options."
nike,USA,"Mixed bag of questions about retail shopping in US. Please help me? Curious about some questions on retail shopping in the US.  
 
1) I see some dedicated shoe retail shops such as Foot locker selling branded shoes like Nike, Puma etc. ,  while also same brand shoes sold in Footwear section of supermarket like Walmart or Target. Are they basically same in terms of quality, finishing etc.? Or does dedicated footwear stores have good quality products from same brand?  
 
2) I'm a vegetarian guy who doesn't eat meat or seafood, but eggs are fine. Which fast food place has good vegetarian options among these? McDonalds, Burger King, Applebees and Wendy's ?   

 
3) Is it appropriate to bargain in US stores when purchasing Jewelries made from precious metals such as gold? Or do they sell it at fixed price?  
 
4) What exactly is a thrift shop and are they worth browsing for cheap electronics in new condition? 
 
5) Is it good idea to buy gold coins from a pawn shop if they are cheaper than jeweler? "
nike,USA,American clothing sizes? Im trying to order some clothing from an American company called cookies and I’m struggling to get the sizes figured out... some websites say to go down a size whilst others say to go up... I’m trying to order a tracksuit and usually wear a medium top and bottoms. I tried looking at the measurements on the website but if they’re correct then a cookies 4XL is the same size as a Nike medium... so basically how does an American medium compare to medium in the UK?
nike,USA,Are air Jordan’s easy to get in America? Aussie that may be visiting Vegas in the next year and have been hoping to get a new pair of Jordan’s! They’re super hard to get here and I’m wondering if they’re much more common in the US? Cheers
nike,USA,"Despite the current political situation, are you still glad to be an American if you knew that you are the envy of many other nationalities? This might be quite a complex question because I am drawing in a lot of my personal experiences growing up. FYI, I'm 21 y/o, originally from Southeast Asia but grew up in different countries around Asia and currently studying at a university in Canada. 

When I was younger, I have always admired America as a country because I knew that it was first-world nation that is highly developed. I grew up watching a lot of MTV, attended an international school that follows the American system (where I was told it was superior to the local education system) and was generally pushed to go to universities in the US (for the ""prestige"" factor because anything American/western = good.) I liked shopping for American brands like Apple and Nike (or any brands from the West, really.) I also dreamt of perhaps moving and settling here because I knew this would be a much more civilized and developed place than my country that is still developing. 

I also have vivid memories of my dad, who is an economist, commenting on an economic policy of our country that wasn't favourable to the United States and saying something like ""This is never a good move, we can mess with other countries but we should never mess with the US."" You get my drift, America has always been seen as this great and almighty country that is feared and admired by other nations. This perception has been especially prominent in third-world Asian countries. 

My question is: Does being the envy of other nations, as I mentioned above, still make you happy to be an American in 2017? Is that feeling of envy from foreigners enough to put you at peace with the current political situation of America?

EDIT: My perception of the US has definitely changed since observing the recent election. But there is no denying that a lot people in developing countries still has the same sentiment that I did."
nike,USA,Which company or certain product do most Americans love? 
nike,USA,What are good shoes to buy? 
nike,USA,Is the Betsy Ross flag considered a white supremacy flag? 
nike,USA,"Later this month, Comet NEOWISE is expected to be the first easily visible comet in the evening sky in over 20 years. Are you looking forward to seeing it? "
nike,USA,"What is your preferred athletic clothing brand? Nike, Adidas, Under Armor, Reebok, Puma, etc."
nike,USA,"Do you get HBO on normal TV or do you have to pay subscription for it? And is it widely accepted as the network that basically makes/produces the best shows? Seems that on paper HBO would wipe the floor with any other TV channel/production company in existence. Do most Americans see it like that? It’s basically like Nike or McDonald’s in their respective fields of business but in the TV world.

Game of Thrones, True Detective, Oz, The Night Of, The Sopranos, The Wire, Curb Your Enthusiasm, Band of Brothers, Deadwood, Eastbound and Down, Sex and The City, Flight of the Conchords... I could go on...

How come it’s so good?"
nike,USA,"Why do you have to ""respect the troops""? I was reading a thread about the Nike boycott and the Kaepernick thing, and one side was saying he is disrespectful to the country and the people in it, the other side says he doesn't think the anthem stands for all people, but he kneeled to ""respect our troops"". My question is, why do US soldiers deserve above-all extra respect, so much so that the anthem is somewhat connected to them? Or does this mean all servicemen, such as firefighers and paramedics, etc. or just voluntary soldiers?"
nike,USA,What is your favorite clothing brand? 
nike,USA,"Help me break down this song Yoo guys, what up, I was listening to ruthless by lil tjay and had some trouble understanding a couple words. Here's the lyrics. What does ""got me broads in atlanta"".

&#x200B;

&#x200B;

 I don't play the field no more without a hammer  
Brodie on the news, whole face on the camera  
Free all my day one niggas out the slammer  
**Opp nigga told, black and white, he a panda**  
**Got me finna run up in his crib like I'm Santa**  
**All of this designer got me broads in Atlanta**  
Honestly, I ain't playin' games no more  
And they been on my dick 'til my thing feel sore  
Bitch said I'm trash, shorty, change your drawers  
I ain't worried 'bout you, I ain't worried 'bout me  
I'ma still pop out with a fresh white tee  
With some retro J's and some fresh Nikes 

&#x200B;

Also, what's a panda? and why is he talking about a hammer? what's broodie on the news mean?"
nike,USA,Does anyone here live in the city and work in the suburbs? Obviously the traditional stereotype (which is still true often) is that people live in the suburbs and work in the city. But does anyone live in a big city and commute to the suburbs?
nike,USA,"Is it safe to use a bag with a Proposition 65 Warning? I got a Roland CB-TDP, an electronic drum kit bag. It has the proposition 65 warning on it (with saying it might have lead), something that I just learn its existence. Some googling around showed that virtually everything has this warning. So am I safe to use this bag? Will a simple Nike duffel bag have the same warning?"
nike,USA,"Need advice for purchasing gifts in US for family back home. What brands among below are good in US? Coming on a short trip to US, I have several queries.   
 
 
1) For Blue/Grey Jeans, what are differences and which is the best one b/w Levi's, Wrangler, Lee and GAP?  
 
2) For a good sports shoes also used as daily wear, what are differences and which is the best one b/w Reebok, Puma, Nike and Adidas?  
 
3) I have used AXE deodorants back in home, however they don't sell AXE perfumes there. I saw AXE cologne, perfumes here in US. Are they good?  
 
4) How are TIMEX watches? Any other brand for good american middle range watches.  
 
5) Lastly, are Playboy brand clothes and underwear good? Or they are only costly because of associated with brand name?"
nike,USA,"Which large(ish) city seems to have weird borders? This is my observations from state to state

[Los Angeles](https://www.google.com/maps/place/Los+Angeles,+CA/@34.0201613,-118.6919205,10z/data=!3m1!4b1!4m5!3m4!1s0x80c2c75ddc27da13:0xe22fdf6f254608f4!8m2!3d34.0522342!4d-118.2436849) looks like a large backwards P with a hunchback, and that sagging tentacle that extends to the port.

[Yuma, Az](https://www.google.com/maps/place/Yuma,+AZ/@32.6055638,-114.6421014,12z/data=!4m5!3m4!1s0x80d66287214dadd9:0xcfa93a07f59e4258!8m2!3d32.6926512!4d-114.6276916) has a gaping mouth shape akin to that of Maryland, that bottom right section is like a tumor.

[Denver, CO](https://www.google.com/maps/place/Denver,+CO/@39.7642548,-104.9951942,11z/data=!3m1!4b1!4m5!3m4!1s0x876b80aa231f17cf:0x118ef4f8278a36d6!8m2!3d39.7392358!4d-104.990251) has that weird upper right arm that forcibly extends to the airport.

[Albuquerque, NM](https://www.google.com/maps/place/Albuquerque,+NM/@35.0823294,-106.8165627,11z/data=!3m1!4b1!4m5!3m4!1s0x87220addd309837b:0xc0d3f8ceb8d9f6fd!8m2!3d35.0843859!4d-106.650422) Looks like an incongruent Beyblade.

[El Paso, Tx](https://www.google.com/maps/place/El+Paso,+TX/@31.8110563,-106.564601,11z/data=!3m1!4b1!4m5!3m4!1s0x86e73f8bc5fe3b69:0xe39184e3ab9d0222!8m2!3d31.7618778!4d-106.4850217) looks like a less than sign squished against the border.

[Omaha, NE](https://www.google.com/maps/place/Omaha,+NE/@41.291774,-96.2213311,11z/data=!3m1!4b1!4m5!3m4!1s0x87938dc8b50cfced:0x46424d4fae37b604!8m2!3d41.2565369!4d-95.9345034) has a split off tumor that's Elkhorn.

[Cleveland, OH](https://www.google.com/maps/place/Cleveland,+OH/@41.4975108,-81.7758995,12z/data=!3m1!4b1!4m5!3m4!1s0x8830ef2ee3686b2d:0xed04cb55f7621842!8m2!3d41.49932!4d-81.6943605) looks like a weird lightning bolt.

[Madison, WI](https://www.google.com/maps/place/Madison,+WI/@43.0849721,-89.47646,12z/data=!3m1!4b1!4m5!3m4!1s0x8806536d3a2019ff:0x4e0cfcb5ba484198!8m2!3d43.0730517!4d-89.4012302) looks like the Camel who tried to squeeze through the reasonably large eye of the needle.

[Memphis, TN](https://www.google.com/maps/place/Memphis,+TN/data=!4m2!3m1!1s0x87d57e1eea439745:0xd193f315601ab6fe?sa=X&ved=2ahUKEwj37dzo8ITeAhXuRd8KHaQSBCAQ8gEwFHoECAkQCw) looks like Tennessee and Kentucky had a baby.

[New Orleans, LA](https://www.google.com/maps/place/New+Orleans,+LA/@30.0329222,-90.0226472,11z/data=!3m1!4b1!4m5!3m4!1s0x8620a454b2118265:0xdb065be85e22d3b4!8m2!3d29.9510658!4d-90.0715323) Looks like an upside down Nike Logo.

[Columbia, SC](https://www.google.com/maps/place/Columbia,+SC/@34.0374295,-81.0776483,11z/data=!3m1!4b1!4m5!3m4!1s0x88f8a5697931d1e3:0xf32808f4b379fa96!8m2!3d34.0007104!4d-81.0348144) looks like a flipped version of NOLA.

That's the ones that stand out to me.


"
nike,USA,"Fellow Americans: What do you think of Michael Avenatti’s case? [Was listening to this Jim Norton clip this morning which made me curious about other’s opinions.](https://youtu.be/UVnlYNiag8E)

Question is actually twofold:

1) What do you think of Avenatti being accusationed of extortion?

2) What do you think of the original claim he was making against Nike?

Link to the story if you need background:

https://www.google.com/amp/s/www.cnbc.com/amp/2019/04/01/michael-avenatti-confident-justice-will-be-done-in-his-fraud-case.html
"
nike,USA,"Why do american TV cencor mannequins? Just watched an episode of Wahlburgers where Donny removed a pair of boxers from a mannequin torso. 

What hit me was that when the boxershorts was removed, the producers censored the bulge in the front (Not a penis, just a bulge), and the ass... Its not even real! 

Why does this happen? Do they think people really get off to a mannequin toso bulge? The mannequin by the way was missing arms, legs and a head! "
nike,USA,Nike apologizes for London Marathon “Never Again. Until Next Year” billboard after billboard was accused of containing phrase that's associated with Holocaust 
nike,USA,Nike’s 30th anniversary of the Just Do It campaign 
nike,USA,Nike jerseys not off to a great start 
nike,USA,Can't ruin the Nikes! 
nike,USA,Nike supports Naomi Osaka after stunning French Open withdrawal 
nike,USA,Tiger Woods Announces the End of His Longtime Partnership With Nike 
nike,USA,Caitlin Clark nearing endorsement deal with Nike: Sources 
nike,USA,Simone Biles drops Nike and signs with Athleta 
nike,USA,NIKE may be implicated in FIFA scandal. 
nike,USA,"Distance runner Mary Cain files $20M lawsuit against Nike, coach alleging abuse "
nike,USA,"World record-holding Texas teen cashes in with Nike, forgoes eligibility to race in world championships "
nike,USA,Nike Vaporfly shoes are not banned at the Olympic Games 
nike,USA,Nike Nixes ‘Betsy Ross Flag’ Sneaker After Colin Kaepernick Intervenes 
nike,USA,"Nike, TAG Heuer, Porsche suspend ties with Sharapova "
nike,USA,Nike permanently ends sponsor partnership with Hockey Canada 
nike,USA,Oregon debuts new Nike 2014 uniforms. IMO the best looking uniform in all of football. 
nike,USA,Nike dumps Lance Armstrong 
nike,USA,Cleveland Responds To The Lebron James Nike Commercial (VIDEO) 
nike,USA,FIFA rebuffs Zelensky's request to share message of peace at World Cup final 
nike,USA,Teen sprinter sues Gatorade over doping ban that cost him an Olympic spot 
nike,USA,Tiger Woods: 'Just don't understand' how LIV players could give up playing in major championships. 
nike,USA,Gigi’s teammates sitting court side 
nike,USA,"Nike, Alberto Salazar settle lawsuit with distance runner Mary Cain "
nike,USA,The Emotions of the Paris 2024 Olympics 
nike,USA,Tiger Woods' Return to the Cover of Sports Illustrated 
nike,USA,President Donald Trump: Nike sending 'terrible message' with Colin Kaepernick partnership 
nike,USA,"No sweat: High school junior completes 7,000 pull-ups to shatter world records "
nike,USA,"The NFL suspended Ray Rice indefinitely, and NIKE dropped Peterson. Meanwhile Hope Solo continues to play professional soccer and be sponsored by NIKE, despite being arrested and charged on 2 domestic violence charges back in June. "
nike,USA,Converse – Not Nike – Takes Center Stage at NBA Finals With Thunder Star 
nike,USA,Nike takes out full page ad for Dirk in Dallas Morning News. 
nike,USA,Michael Avenatti arrested for alleged $20 million extortion attempt against Nike 
nike,USA,"Nike's Ad After Tiger's Master Win: ""Never stop chasing your crazy dream, I'm gonna beat Jack Nicklaus"" "
nike,USA,I do not like Lebron James. But his new Nike commercial is pretty amazing. 
nike,USA,This inspirational Nike ad gave me goosebumps. Can anyone find a higher-quality version of it? 
nike,USA,Brothers Steph Curry and Seth Curry swap jerseys during Klay Thompson interview 
nike,USA,South Park spoofs LeBron's Nike commercial 
nike,USA,Nike notes options for track athletes amid uniform backlash 
nike,USA,Zion Williamson leaves injured after blowing through his shoe in massive rivalry game 
nike,USA,Allyson Felix qualifies for fifth Olympic Games! 
nike,USA,Naomi Osaka to Boycott WTA Cincinnati Semifinal Match In Protest Over Racial Justice 
nike,USA,nike does not want you to see lebron james being dunked on 
nike,USA,Nike introduces 'Pro Hijab' for Muslim female athletes 
nike,USA,Nike says it supports athletes' boycotts 
nike,USA,Nike says it split with Neymar over sexual assault investigation 
nike,USA,"CR7 certainly knew. Nike didn't know better, though. "
nike,USA,Duke University investigating claim that Zion Williamson's mother was paid by Nike 
nike,USA,Brilliant new Nike Soccer commercial 
nike,USA,Dan Evans has been buying his own plain white t-shirts costing $13 after he was dropped by Nike in December. Earlier this month he made his first ATP final and today made it into the last 16 of the Australian Open 
nike,USA,"At 16, Larry Miller killed another teen. At 72, the Nike executive is ready to apologize "
nike,USA,Nike Claims 31 out of 36 Podium Placements in 2019 World Marathon Majors 
nike,USA,"[Redskins Today] It appears that Nike has removed all Redskins clothing from their website. If you go to Nike’s website, they have apparel for all the NFL teams currently; except for Washington. "
nike,USA,"Cristiano Ronaldo has signed a record deal with Nike, seeing him pocket $43m (USD) every year for the rest of his life "
nike,USA,"I Was the Fastest Girl in America, Until I Joined Nike "
nike,USA,"Awesome Nike advertisement with Gronk, Suh, Shady, Paul George, Carli Lloyd, A.J. Green and more - Snow Day [2:01] "
nike,USA,All of the new NFL jerseys from Nike 
nike,USA,Arizona governor to yank Nike financial breaks after American flag sneakers pulled 
nike,USA,Nike Launches New MLB “City Connect” Uniform Series for 2021 
nike,USA,Nike just released its new Kobe Bryant film narrated by Kendrick Lamar. 
nike,USA,"In his first game back, Ja Morant wins the game for the Grizzlies on a buzzer beater "
nike,USA,Nike Vaporfly shoes are not banned at the Olympic Games 
nike,USA,Grant Fisher runs a 3:59.38 to become the 7th high schooler to break 4 in the mile tonight at the Nike Festival of Miles. 
nike,USA,New Kobe Bryant sneaker by Nike will reportedly be released in March 
nike,USA,"This Saturday, 3 Nike Runners Will Attempt to be the First to Break 2 Hours in a Marathon "
nike,USA,New Tiger Woods Nike ad.  Features the voice of his late father.  
nike,USA,Nike’s Stock is Falling After the Zion Williamson Shoe Fiasco 
nike,USA,"Michael Jordan's longtime agent said the basketball star didn't originally want to sign a deal with Nike, in part because he 'didn't like the shoes' "
nike,USA,Nike Allegedly Pay Workers 21 Pence an Hour to Make The £160 England Football/Soccer Kit 
nike,USA,Nike's best football/soccer commercial  
nike,USA,Nike Pro Hijab released by Nike 
nike,USA,Allyson Felix denounces Nike for failing to financially support athletes during pregnancy 
nike,USA,Olympian Allyson Felix Says Nike Was 'Disrespectful' During Maternity-Protections Dispute 
nike,USA,Nike surprises Justin Gallegos (their first professional athlete with Cerebral Palsy) with a contract 
nike,USA,Nike says it will stop making golf equipment 
nike,USA,"Red Bull F1 employee who accused team boss Horner of misconduct has been suspended, AP source says "
nike,USA,PSG and LeBron James offer Liverpool exciting next phase of Nike kit deal 
nike,USA,"Thought you guys were overreacting on the quality decline from Nike… But this is unacceptable (see pic). The other side didn’t even have all the holes punched all the way through. Not going to return because I might get a worse pair. I ordered two pairs initial, but returned one because there were major scuffs (from JD). Kept the pair sent by DSG (the one pictured). I’m going to start being extremely selective on the pairs that I buy from now on. I’m highly disappointed. "
nike,USA,Guy in crowd at OKC/Denver game with Nike Mags He must have a lot of money. Or they're reps. 
nike,USA,Are the cool or nah? They’re Nike Air. 59 (f) 
nike,USA,"I love Costco, but this is a really lame collab. Kirkland Signature Nike Dunks in the works "
nike,USA,Indonesian Nike Factory Worker Was Asked to Leave US Nike Store Because She Spoke Out 
nike,USA,Stranger Things X Nike Dunk lows first look 
nike,USA,I hope Nike sees this 
nike,USA,This is Nikes lamest marketing stunt yet… And describing their socials too just for this weird artificial storytelling? The kids don’t want em only the heads fr. I still have my 2016’s so I won’t be too mad but sheesh Nike just give the ppl what they want.
nike,USA,"Nike, Adidas and other sneaker brands write letter to Trump for tariff exemption "
nike,USA,Lego x Nike Dunk Low Official Look 
nike,USA,"The new CEO of FootLocker is Ann Freeman (formerly Ann Hebert), the Nike exec who resigned after helping her son run a reselling company Remember this lady? She was a Nike VP whose son was flipping kicks ""without her knowledge."" Changed her name and now runs a major shoe seller!  
   
[https://www.cbsnews.com/news/nike-exec-ann-hebert-resigns-son-joe-sneaker-resale/](https://www.cbsnews.com/news/nike-exec-ann-hebert-resigns-son-joe-sneaker-resale/)"
nike,USA,Birthday gift from my fiancée. Nike dunk low pandas. Straight to feet.  
nike,USA,Fuck u Nike and fuck u Ben and fuck u Jerry 
nike,USA,Nike ain’t playing games 😭 250 is still insane tho 
nike,USA,Nike’s Big Gamble: CEO Ousted Amid Accusations of Making the Brand ‘Uncool’ - So What Next? 
nike,USA,"Ik they're pretty basic, but I got my first pair of Nike's today "
nike,USA,The Nike Dunk hype is finally over. Almost every size available at Nike retailer  
nike,USA,"Nike Store randomly had 1 pair left, in my size Had to cop"
nike,USA,Win of the Century? My 2016 self lacing Nike Mags. #86 of 89. 
nike,USA,"Bought these at a Nike outlet, was made fun of by the male nike employees cause it's a ""women's"" colorway. IDGAF, these are 🔥 "
nike,USA,This Ross won't stop 🔥🤦 Sacai x Nike Cortez for $60 and more!! 
nike,USA,"40 years ago today, Nike released the Air Jordan to the public. If you could only wear one pair for the rest of your life, which ones would they be? "
nike,USA,How many Nikes do you own? 
nike,USA,"A Chicago man, 26-year old Erick LaJuno Bautista, was arrested after investigators discovered $1 million dollars worth of stolen Nike shoes in a warehouse he had sub-leased. No Who else will get caught? "
nike,USA,Whats you think about upcoming Nike x Tiffany? 
nike,USA,Updated pic of the Nike collection. Forgot my am90s in last pic. 
nike,USA,What Y'all thought on this? 😂 Me: Nike losing their goddamn mind.. 
nike,USA,Nike’s dropping the “Dirty Triple White” Air Force 1s on May 7 for $130 which is designed to look dirty out the box and the look fades over time to show a clean layer underneath. 
nike,USA,Stock X caught up selling fake shoes by Nike. Wow 
nike,USA,I made a custom pair of Nike Air Force 1 using real mountainbike tires 
nike,USA,Nike Dunk SB low “Cool Grey” 
nike,USA,Was inspired by a video game I used to love playing to create a concept design. Nike x Portal Nike SB Dunk. 
nike,USA,Ben & Jerry’s x Nike Dunk SB Special Box 
nike,USA,Why nike needs to stop using hermes/evri in the UK 
nike,USA,Took a shoe making class — and made my own Nike Dunk 
nike,USA,Circle of Nike Heat 
nike,USA,Hand Painted Pixelated Nike Cortez (Not Photoshopped / Your Internet Isn't Slow) 
nike,USA,"Dear Nike & Adidas. Please stop putting giant “steal me” signs all over your packages. Love, innocent victims of package theft "
nike,USA,Is there any Nike shoes that look like this but are under $100 
nike,USA,Nike Quality Control 
nike,USA,I’ll buy anything Virgil does with Nike 
nike,USA,Found a pair of Nike Air Ship on my parents' attic (more info in comment). 
nike,USA,"Nike will be restocking these sneakers for 50th anniversary, expected in both US and EU on SNRKS and Nike App "
nike,USA,I made a sculpture of a Nike Air Max. Some feedback? 
nike,USA,I’m done . About 80% of the shoes were bought in the last 2 months. #Jordan/nike meets designer sneakers. 
nike,USA,Are you guys Team Jordan or Team Nike Air? !Optional Question! Which back tab do you like more? 3’s or 4’s?
nike,USA,"For the love of god, can Adidas (and Nike) stop using neon green accents. Especially on a clean colorway like this. "
nike,USA,It’s official next week I am doing my make-A-wish which is to go to Nike Headquarters (Beaverton) to design a Dornbecher and I have never been more excited in my life and I’m am going to be at Nike on September 13 2019 (and yes I know in this photo I’m wearing adidas it’s the most recent pic I have) 
nike,USA,Copped these all Royal Blue metallic NIKE AF1’s 
nike,USA,40 year old Woman Sneakerhead. Sold all my Nikes and Yeezy’s for a more mature collection. 
nike,USA,Even my cat approves of the Turbo Greens and pastel Nike combo 
nike,USA,Dreams come true <3 (Nike x Sacai Blazer) 
nike,USA,Tying shoe laces are a thing of the past! Nike Go FlyEase is here! 
nike,USA,I Made a Lampshade from a Nike Shoe box. 
nike,USA,So Nike is calling the AF1s Retros Now...and Charging $150!? 
nike,USA,Now have all the Nike members of THA PARRA COLLECTION! 
nike,USA,How do y’all feel about Nike branding on box? They recently started doing this. Not my pic btw 
nike,USA,"If these were Nike Dunk SB, they would resale for +500$ "
nike,USA,The Nike Mars Yard 3.0 is coming in 2025 
nike,USA,Nike CPFM Flea 1 Trimmed 
nike,USA,My (Updated) Nike Air Max Collection Wheel 
nike,USA,"Copped the 'Nike Dunk By You' & did the Chicago 1 color way, then yellowed the soles. Curious what y'all think? "
nike,USA,Kanye wants to buy a shoe company or get a deal where he has control. Sounds very similar to his fallout with Nike. 
nike,USA,I received these 3s from Nike today. I don’t feel that this quality is acceptable. I’m not wrong for being upset right?
nike,USA,Who else remembers Nike+ ? I remember getting kids size Lunarglide 2’s in 5th grade but being disappointed they weren’t Nike+ compatible like grown ups shoes
nike,USA,New Nike x Fear of God 
nike,USA,How we feel about these? Hopefully Nike makes a lot of these 
nike,USA,FOG Nike X Pokémon: Blastoise 
nike,USA,What’re we thinking about the Nike SB x Jordan 4 SP “Navy”? Was blessed with the chance to purchase these on Saturday at Jordan Fam Fest for retail. “Pine Green” or “Navy Blue”?
nike,USA,"Off-White x Nike Blazer ""All Hallow's Eve"" of the ""Spooky Pack"" On-Foot "
nike,USA,Best birthday gift ever!!! My first nike shoes and my first ever heat/more known shoes! So grateful to have these and I love them sooo much!! 
nike,USA,Nike by me.. but what do YOU think By You’s just touched down… can I get an honest opinion? Heat or trash 🗑️
nike,USA,My idea for a Sacai Air Jordan 1 Mid. Mixed with a Nike Blazer. What's your favorite colorway? 
nike,USA,"Just got this tattoo done yesterday, dedicated to one of my favourite sneakers of all time, the Nike SB 'Purple Lobster'. "
nike,USA,Just got AJ1 taxi at Nike Factory Store 
nike,UK,England's £90 World Cup shirt made by Nike's Indonesian workers earning just 30p an hour. 
nike,UK,Nike finally U-turn on Mary Earps row and agree to sell England goalkeeper shirt 
nike,UK,FA defends changes to St George's Cross on England shirt by Nike 
nike,UK,Nike apologizes for using phrase associated with Holocaust in London Marathon ads 
nike,UK,"Why I'm challenging Nike, Adidas and Puma over single shoes "
nike,UK,UK retailers may have to cut thousands of jobs after bleak Christmas | Retail industry 
nike,UK,Mary Earps calls out Nike for refusing to make her jersey: ‘Is this your version of an apology?’ 
nike,UK,Cost of living: The people using OnlyFans as a second job to help with bills 
nike,UK,"‘Wage theft’ in Primark, Nike and H&M supply chain – report "
nike,UK,Businesses warned to prepare for ‘gangs of youths’ in shopping centre raid 
nike,UK,Ministers stepping up preparations for renationalisation of Thames Water 
nike,UK,Thousands of Nike shoes stolen in great trainer robbery 
nike,UK,Shoppers push and shove to be first in store as NikeTown in Oxford Street reopens 
nike,UK,Businesses claim staff got ill following controversial Nike convention in Edinburgh in February 
nike,UK,Covid in Scotland: No community transmission after Nike outbreak 
nike,UK,Sports Direct demands inquiry into Nike-Adidas dominance 
nike,UK,Evri parcel service raised at PMQs 
nike,UK,"More than half of UK’s black children live in poverty, analysis shows "
nike,UK,"Duncan Mundell owner of the party store in Clapham that was burnt out by looters, setup this charity in South East Asia for kids with real needs. Not kids who want the latest nike, Please support him reddit. "
nike,UK,Gareth Southgate on England kit row: Flag cannot be called St George’s Cross 
nike,UK,Black man dies after Met Police officer said chest pain was 'nonsense' 
nike,UK,"How can Theresa May trigger A. 50 next week if MPs reject the Lords' amendments from the Brexit Bill? Surely if the amendments - to give EU citizens permanent resident rights and to give MPs a vote on the final Brexit deal - are rejected by the House of Commons in the next few days, then how does that allow Theresa May to enact Article 50 as early as Tuesday as some are saying?  Surely the bill would need the Lords' approval again before A. 50 could be triggered?  Or is there something I'm missing in all of this mess?"
nike,UK,"Going to the US shortly - whats good to buy over there that I can't get here? I like tech but it seems most, if not all things, are available here, albeit at a higher cost....so whats cheaper out there?"
nike,UK,St Mellons crash: Driver admits charges linked to deaths inquiry 
nike,UK,"Dear people residing in the united kingdom, in what way can the new emoji movie be shown in the United Kingdom without breaking the advertising codes written by the Advertising Standard Authority? This morning my friends and i were talking trash about the new emoji movie. The fact that it is an advertisement disguised as a movie also came up. [This](https://www.vox.com/summer-movies/2017/7/27/16037862/emoji-movie-review-garbage-fire-poo-patrick-stewart)  review states the same. 

Later today i was watching random videos on youtube and came across [a video](https://www.youtube.com/watch?v=4SyetdjWMuw) by tom scott on product placement in britain. 

As far as i can tell the emoji movie violates the advertising codes composed by the ASA. Is this not the case? Will there be any repercussions for sony? I'd love to hear your thoughts on the matter."
nike,UK,Indian supplier to UK fashion brands agrees to pay £3m in unpaid wages 
nike,UK,"Just watching a Jeremy Kyle Special about Benefits, had a few thoughts Discarding the medium (Jeremy Kyle), if what was shown on this program is true, why does it take him to get people off their arse?

One of the 'couples' he looked at were Cheryl and Robin, she has 6 children by different fathers (from the age of 16) and is now 27 expecting child #7. 

All their rent, bills, utilities are paid for (aside from car insurance which seemed to aggreive her), and she pockets £1700 per calendar month in other benefits which Kyle describes as 'spending money' as 99% of her bills are paid - what is the reason for her partner to go to work?

EDIT - Robin  was wearing £40 Superdry jumper and new Nikes, he is out of work.

Another guy was told he had a start at a job paying minimum wage, if he worked 6 hours a week and earned £50 then they (benefits agency) would take the £50 from his benefits leaving him 'only' £15 in jobseekers allowance.

The point I hope to make is that all through these stories Kyle talked about self respect and the respect of your neighbours or others within the community.

The truth is, in a lot of families there is no sense of self respect, no reason to earn the respect of your peers, especially if all your neighbours are also benefit reliant people who share tips about how to get the most out of the system.

He talked also about how the people he interviewed realised that they were taking advantage - he called the girl with 6 children (and one on the way) a 'baby maker' - who knew the system would be there for her if she wanted to devote her life to raising children.

What has happened to this country? 30 years ago if you ready to have children you would have to work out how you could pay for them - you were lucky to have more than one or two you could support yourself with the limited help you got from the government.

I realise kyle is a stage managed job but believe me, in the small village where I live there are carbon copies of these 'families', and it makes me wonder what will become of this girls 7 children, will they end up the same as their parents?

Is there any point working in England for near to minimum wage? I don't think there is thanks to the benefits available. Have kids - acquire money.

"
nike,UK,Two men from Luton found guilty of promoting the Islamic State outside Topshop in London's Oxford Street 
nike,UK,"Why don't kids have school bags anymore? Something I have noticed over the last 3-4 years when driving home. Kids, in particular, lads, don't seem to have school bags anymore. Not even a simple Nike /JD drawstring.

They just seem to be walking home wearing a hoodie over/under their blazer and the girls seem to walking with those small bags that you couldn't even fit an A4 pad in. Do they not even need pencil cases anymore?

I'm just curious as to why is this now? I mean when I was in school I would have had to bring at least one file, a couple of exercise books and a pencil case with me for lessons or face getting a detention and not being able to work.

I'm taking an educated guess that a lot of the work kids do is computerised and done in workbooks that are kept in school, or possibly more schools are adopting the use of lockers? I was just wondering if there was anyone e.g. teachers, that could actually shed some light.

TL:DR Where dem kidz bagz at?

"
nike,UK,"Longer sentences for hate murders As vile as the act is, it doesn't seem right to set the precedent that the motive impacts the punishment?"
nike,UK,Superdry to axe up to 200 jobs as part of £50m cost-cutting plan 
nike,UK,Shoppers urged to check for fake goods 
nike,UK,A question for people who buy ethical and sustainable clothing. I want to buy clothing that doesn't exploit people but I'm a student with not a lot of money at the moment. Does anyone know where the cheapest place to buy ethically made shoes?
nike,UK,"What apps or advice would you recommend for a 45+ male to muscle gain, meal plan/track? I've looked at RP, Nike training club, myfitness pal. Not subscribed, just had a look. Hi all

I'm a 46 year old male that has been going to the gym on and off for a bit, roughly two years. I've lost weight and added definition but I feel I've plateaued. Need help with realistic outcomes for my age, and any suggestions of apps that do everything from meal plans, to daily exercise routes.
Thanks in advance.
Cheers
"
nike,UK,Do shoes like Nike TNs have the same reputation in the UK? I'm seeing more TNs than I expected over here. I'm from Australia where they're associated with eshays which are basically Aussie roadmen. Are TNs associated with the wannabe hard young people here too?
nike,UK,"11 year old son with autism going to mainstream secondary school next month… can someone tell me what backpacks all the kids have please? 😭🙈 This was never something I ever considered to be a problem, or something that I’d ever worry about in the slightest. I went to secondary school in the 90’s. I was popular through sports, had lovely friends. Had a good time to be honest. 
My eldest son is a gorgeous, beautiful soul, who is “gifted” at mathematics and got full marks on his SATS a few months ago. But my elderly auntie told me that HER grandson HAD to have a certain backpack… apparently all the kids have it, and if they don’t have it… they get “bullied”. I laughed at first. Her family live an hour away from me. Different schools. Different areas. I told her don’t worry auntie, I know what I’m doing haha.. 😟
But September is getting closer, and I find myself laying awake at night, imagining that I buy the wrong sort of backpack, like an adidas instead of Nike (I can’t believe I’m writing this 🙄🔫) and I imagine all the horrible kids, laughing at him. Excluding him. Calling him names. He’s vulnerable anyway, having autism. Primary school was a journey for us both. 
I have tears in my eyes as I’m even writing this. I think the backpack issue is probably all of my real worries and fears about secondary school, just wrapped up in a post about backpacks. But if I could find out what other people’s kids have, or want, then maybe that’s one less thing to worry about. Sorry for such a"
nike,UK,"Why do people in the UK pronounce Nike like Mike vs like Mikey? watching some British tv, I'm just wondering why y'all pronounce it like that, like didn't Nike ever run any ads there?"
nike,UK,"How to deal with the younger generations that are acting like roadmen? So basically today as I was walking back home at around 7pm, a kid in a nike tracksuit i'm guessing around the age of 11, comes up to me on a bike and starts calling me racial slurs. He rode in front of me, flipped me off before getting to his house. He proceeds to jump off and walk towards me and starts saying things like ""oi you wanna fight or smth"", ""you wasteman piss off"". 

As I had no energy left after a long day I just told him to piss off and flipped him off. His face was in pure shock like I started it or smth. Bit odd to say the least as I was only minding my own business till he came.

How do you often do you encounter these people and how do you deal with them?"
nike,UK,"After the Hy-un-dai, sorry I mean, Hyun-dai, fiasco, what other brands are we being told to mispronounce? I know in Germany Lidl is pronounced Lee-dl, but we're probably safe since you can't be ""Lee-dl"" on price."
nike,UK,"How many people have their lunch break in their car at work? Over my past few jobs, and looking at other work places, ive noticed that more people eat their lunch in their car on their own, rather than sit in the canteen with their work mates. Years ago it might have been perceived as weird to do that. Anyone else noticed this?


"
nike,UK,"Help with retro Nike t shirt can you help? I've been on a retro binge and dug out my old Nike Swoosh jumper which has the large tick across the front. It got me thinking of a t shirt I had as a teenager but I can't remember if it was Swoosh or Nike Air.
Basically the design was a lilac colour t shirt with and on the back at the bottom it had a grey background (almost metallic look) with either 'Swoosh' or 'Air' in black writing on it. The front I think had a rugby ball (on its side) shape with a Nike tick inside of it (popular in the 00s) I wore this in 2000, 2001 but can't find it anymore and obviously no longer fits but I'm on the hunt for it in my adult size now so I can buy it from a retro clothes shop or online.

Can anyone point me towards the Nike design I'm talking about? Thanks

EDIT: It might have had a square or rectangle metallic bit on the front with the Nike tick either in the middle or to the right side (in black) "
nike,UK,"Black Friday let down, where to buy Nike running (road) shoes? My son is training for a half marathon, and has asked for Nike Streakfly trainers for Christmas. I have no knowledge of running shoes, but the reviews are not great, Vapourfly and Pegasus Plus being better (for some reason, he is insisting on Nike)... however, the prices are insane IMO. I now have just about as much respect for Nike direct, as I do for (cr)Apple. Very limited offers, which even differentiate on the size of the shoe, tw(i)ts!  
I am now very frustrated by Google searches, as buying running shoes seem to result in a plethora of non-UK sellers, and 'third parties' who seem to try and source from 'wherever'.  
Does anyone know of a trusted UK Nike running shoe seller who actually sell at a decent price/black friday sale?"
nike,UK,"What do you say as a joke to someone who is leaning against a wall, a printer etc instead of working? I’m foreign and we usually say something like: are you making sure the wall doesn’t fall or are you supporting the wall. It doesn’t sound very English so I’m curious to know what’s an English alternative?"
nike,UK,"Should I buy Nike Airforce 1s or Gamma force? Okay so im a 25yo girl and just not into trainers at all as I find many trainers look too sporty/masculine for me/my style. However I really need a pair to wear with certain outfits as nothing else really goes with them. I have been looking for a pair of all white or white/neutral trainers that go with pretty much everything and have come across the Nike Airforce 1s (all white) and Gamma force (white/neutral) trainers which seem to be common/popular from what ive seen? These seem slightly sporty to me, but not as much as others ive seen. So think im set on either one of these, but not really sure which ones are best to get- what does everyone suggest? 

Help would be appreciated, thank you!"
nike,UK,"What alternatives are there to Nike Everyday Crew socks? I used to swear by Nikes, but the most recent pairs I have bought are absolutely atrocious and haven’t lasted at all. Holes have very quickly developed in the heels. I definitely think the quality has massively declined.

Would need to find something that is cotton rich, (not the cheap, mostly polyester socks you can get from Sports Direct). I find they are the most comfortable to wear through the day. Also crew in shape, not ankle or trainer socks.

I see New Balance socks pop up, but no idea what the quality is like. Uniqlo is often mentioned, I like their underwear and a lot of their clothing, but no idea about the quality of the socks."
nike,UK,"Nike Purchase via Klarna Return Issue - Where do I stand? Hi everyone,

I need some advice regarding a Klarna purchase that hasn't gone smoothly. I ordered two items from Nike totaling £249.99. Since they shipped separately, Klarna split the payment into two orders of £124.99 each, divided into three installments scheduled to come off my Monzo debit card.

I placed the order on 27/05/24, and within a few days, two payments of £41.50 each were taken as the items were shipped. By 01/06/24, the items arrived, but I didn't get to try them on until 10/06/24 because I was on holiday. Unfortunately, both items were too small, so I arranged a return, selecting Royal Mail and generating a returns label. I packaged the items, printed the label, and scheduled a free Royal Mail collection for 12/06/24.

The items were collected on 12th June as planned, and I received an email from Royal Mail as proof of postage. I recorded the return in the Klarna app, which paused the repayment schedule. Four days later, I checked the tracking, and it showed that the package had been delivered to the NDC Parcel Hub, as indicated on the returns label.

Two weeks after the delivery date, I hadn't heard anything from Nike, so I contacted their customer service. They told me the items hadn't been scanned at their warehouse and to wait 72 hours. After 72 hours with no update, I contacted them again, and they escalated the issue to their senior team, promising a response within 72 hours. Once again, no response came, so I reached out via Live Chat and was told my return hadn't been scanned and my return was declined. I provided the proof of postage and Royal Mail tracking information, but it was dismissed as irrelevant.

Confused by this, I called Royal Mail, who confirmed:

* The proof of postage email is valid.
* They sent me an email to forward to Nike confirming the above.
* The package was delivered on the specified date to the correct address.

Since the label was provided by Nike, I'm not their 'customer' for investigation purposes; Nike needs to request it.

I went back to Nike via Live Chat with this new evidence but was told the decision was final, and my return was declined. Frustrated, I remembered Klarna's 'Buyer Protection.'

I contacted Klarna and provided:

* My order information
* Copy of the returns label
* Tracking history
* Proof of postage
* Proof of communications with Nike
* Royal Mail conversations and evidence

Klarna investigated and, two weeks later, responded with:

>

>

>

>

>

>

I disputed this outcome with Klarna, asking for more details on how I hadn't met Nike's T&Cs, but all I've received is another email stating:

>

>

>

>

>

>

>

Now, I'm stuck paying £250.00 for items I no longer have, despite having clear proof of return. I rarely use Klarna, but when I have (even with Nike), I've never had issues before. This time, their 'Buyer Protection' seems useless. Normally I would use my AMEX or CC so could just raise a Chargeback for the individual transaction and then provide all my evidence to my card provider but it appears Klarna don't offer any 75 or 15 protection just their 'Buyer Protection' which doesn't seem worth the web space it is written on.

What are my options? Should I try raising chargebacks with Monzo for each transaction related to this order and provide them with the same evidence I've given to Nike and Klarna? Is this a viable solution?

Any advice would be greatly appreciated! Thanks in advance and apologies for the essay!"
nike,UK,"What are some of the best boxer shorts brands for men? Any recommendations on some good quality and comfortable mid range (price) UK mens boxers?

I've been wearing penguin/anything I can find in TX Max for a while...but recently tried a pair of Ted Baker (I bought them, not found them, I promise) and was shocked by how much more comfortable they are for only a few £ extra. 

"
nike,UK,"Are Nike air force/jordan style sneakers 'chavvy'? Just i like that style and i typically wear skater stuf (vans, thrasher etc with jeans), will i look like a chav if i come in college one day in nike low top jordans or something"
nike,UK,"does anybody know of a place that pumps up nike air bubbles?  i checked if jd does , they dont"
nike,UK,"Is Nike pronounced ""naik"" or ""naik-eeeee"" in the UK? I thought the latter was just an American thing"
nike,UK,"How long does a pair of trainers/boots last you? When I was a kid/teenager I used to wreck my shoes and trainers. But they would last at least 3-4 years, provided I didn’t grow out of them. I always bought Nike trainers usually and still have a pair that got daily use up until recently that were 10 years old, I only threw them away because I worn through them. 

Anyways, now I’m in my 30s and ultimately don’t put my trainers through anything like what I used to as a kid, but I’m lucky if I get 6 months out a pair? What gives? Manufacturing quality seems to have just…. Vanished. I’m paying double what I used to for everything and nothing last ten fuckin’ minutes anymore. This goes for most things nowadays, it really irks me how throwaway society has become.

I’ve added a photo for comedic value - my shoe has nearly split in half. I haven’t had this shoes a year yet, they get moderate wear and cost £100+. Bloody mental. "
nike,UK,"What do late 40’s men wear on their feet? I have come to the conclusion that I need to start dressing my age, outside of work I wear jeans, t-shirts, polos etc. all pretty age appropriate but I almost exclusively wear Nike Air 90’s on my feet, I have about 10 pairs…are they appropriate or do I have to start wearing shoes or boots??? P.s. don’t suggest pointy brown brogues, I am not into the Twickers 6 nations look!

Edit: wow! Thanks for all of the responses, far too many to reply to. Do you know what? You’re all right, why should I give a shit if some North Face wearing turd thinks I’m too old for trainers or if some Karen thinks I should be wearing ‘sensible’ shoes!? Fuck the lot of em, I’m gonna stick to my air max 90s…..and the occasional wear of hollowed out hedgehogs "
nike,UK,"Have you ever ordered something and ended up getting it for free? Have just been listening to a podcast where they briefly spoke about receiving an order for free through system error.

I remember a period when air forces were like gold dust a few years ago and they were released every 5-6 months.

When they were released I brought a pair from Nike, quickly found them a few minutes later mildly cheaper on a different website so cancelled the Nike order and re ordered them on the different website.

A few days later they arrived, great! I was extremely baffled when another pair arrived a few days after. I looked at both invoices in the packaging and Nike sent through the cancelled pair.

Sold them straight away and it was the easiest £100 I have ever made.

Have you ever received something for free due to system error?"
nike,UK,"What bargains have you picked up from the sales? Appreciate there’s some cynicism towards the sales, but I’ve seen Nike Air Max 1s for £50, New balance 990v6 that retail at £220 sitting at £75, and a bunch of other nice clothes that are heavily discounted. What’ve you grabbed?"
nike,UK,"What’s a song or mix that instantly takes you back to the 90s? I found absolute nostalgia trip… Right, what’s that one song that just instantly flings you back to the 90s? Like, you hear the first few seconds and boom—you’re sat on your mate’s bedroom floor, PlayStation on, trying not to knock over a half-drunk can of Lilt.

For me, it’s anything with that proper dreamy 90s synth feel—stuff you’d hear in old arcade machines, late-night BBC2 shows, or on one of them Ministry of Sound CDs someone’s older brother “borrowed” and never gave back.

What’s your go-to 90s nostalgia tune? Prodigy? Faithless? One of them trance bangers that used to shake your mate’s mum’s Ford Fiesta speakers? Genuinely curious, let’s hear ‘em."
nike,UK,"Are brand name shoes ( nike , rebook etc) from Spots Direct good quality? If so why is it so cheap? I understand that Sports Direct has some in store brands ( Dunlop ? ) which they discount and sell for cheap. But even the brand names ones are much cheaper  in Sports Direct. For example Nike/Rebook/Puma etc are 50% or more cheaper at Sports Direct when compared to other high street retailers. Is Sport Direct carrying lower quality products? They have previously been accused of underpaying their staff. But surely this alone cant account for the difference in prices. "
nike,UK,"Songs where everyone knows the lyrics... except they don't? We love a singalong in the UK, but i've noticed a couple where everyone sings along despite not knowing what the lyrics actually are. Best example is:

*Sweet Caroline, good times never seemed so good*  
*I've been inclined, to believe \*collective jumbled words\**

And I refuse to believe anyone can recite the proper lyrics to Blur's 'Girls & Boys' which are apparently

*Girls who want boys*  
*Who like boys to be girls*  
*Who do boys like they're girls*  
*Who do girls like they're boys*  
*Always should be someone you really love*

Any others?"
nike,UK,What shoes can I wear to a nightclub? Will all black Nike Roches do? 
nike,UK,"Question on Nike Town, Oxford Street / Regent Street I'll be visiting the UK in a month, and I've got a list of football jerseys to buy (for friends and family). The clubs that are sponsored by Nike, reroute you from their website, to the nike uk online store, and well that store is quite pathetic. 

Just wanted to check if anyone knows whether the Nike Town store in London does jersey printing with the authentic fonts. Looking for the following jerseys.
- Portugal - Ronaldo 7
- Barcelona - Messi 10
- Chelsea - Morata 9 "
nike,UK,"Do you feel like you don’t look the part in the alt/rock scene? Im 21 (mixed race, male) and I love punk, metal, alternative stuff plus rap and other genres. I go to gigs from time to time and really feel connected to the music and the energy, but sometimes I feel abit out of place in the scene. 

Style wise, I usually just wear streetwear, Nike trackies, north face, beat up trainers n stuff that feels comfortable and true to me. But I’ve noticed a lot of the alt scene leans more into jorts, button up shirts etc and I worry that I don’t “look the part”, even though the music means a lot to me.

Just wondering if anyone else feels caught in the middle like this, loving the culture but not always matching the “look”  "
nike,UK,"What would be considered a “traditional” English outfit? Eg India has the Sari; Korea has the Hanbok; Scotland has the Kilt and socks and everything; China has the Chi Pao… I cannot think of what would be traditional cultural English costuming. Literally my only thought is fuckin morris dancers…

EDIT a lot of bowler hat and suit answers! Does anyone have any thoughts on traditional women’s wear?"
nike,UK,"What are the best trainers, for casual walking for £60-70 ? Anything above £70 would be pushing at the moment so any recommendations? I like Nike but any brand that’s trusted is ok "
nike,UK,"Bit of weird one but What's the oldest pair of wearable shoes you own? Sat on the bus after an interview and just thinking about the boots I have on and that I've had them since I was 13/14, got them on reduced from River Island they were massively too big for me then (Size 11s) but now (29) they fit great, I've worn them over the years.

They go well with most formal/smart-casual instances I've needed. Several weddings, handful of funerals, Nights out and every job interview.

So was wondering if anyone else has a long standing pair of shoes that they can still wear today."
nike,UK,"Where do you buy good quality leggings that fit? Getting really frustrated here. I need new leggings after losing weight and everything I've tried is either too long, too baggy around the knee and ankle or too see through. I need petite length and I'm willing to pay £15 or £20 per pair. I've previously bought the Iris & Lily brand from Amazon but they don't do them anymore. Help!"
nike,UK,"Are Converse shoes popular in the UK? I’m assuming Adidas dominate the sneaker market in the UK, they definitely seem to on the continent at least, but do you also see a fair amount of Converse (classic Chuck Taylor) or Nike shoes mixed in? "
nike,UK,"You have to spend the next three years with a sponsor on all your outfits - which brand are you choosing, and why? Some ground rules:

* You will be wearing the logo across your torso - like a football shirt, for instance. If you choose to go topless, you will wear the logo on the largest item of clothing you have on.
* It has to a commercial company, and broadly recognisable.
* This means no opting for a local restaurant you like, or your cousin's lino print Etsy page.
* The company doesn't need to be from the UK - but it should be recognisable here.
* The logo must be the current version."
nike,UK,"What football trainers for everyday wear? My son has his studded boots for football but he wants some football trainers to wear as every day shoes

Looking online i can find hard and soft ground boots or astro/ indoor trainers

As kids in the 90s early 2000s I feel every kid had football trainers what type were they as i don’t want them to be uncomfortable. 

"
nike,UK,"Have I been ripped off? I went to Spepcsavers today to check my eyes, my sight and bought 2 pair of glasses (2 for 1),  with one of the glasses with anti-reflective coating - and I ended paying £195, in what it seemed a good deal for me.

To provide some context, back in the days, around 15 years ago, I got just a pair of glasses for 250 euros in Spain.

When I got home today and I told my wife, she was shocked and mad at me,telling me how naive I am and telling me I was ripped off.

Was I? Or this sounds like a fair price for 2 pair of glasses?"
nike,UK,Does anybody have any recommendations for physical opticians/glasses shops cheaper than Specsavers? Somewhere I can actually go to in-person to try before I buy
nike,UK,"What was some of the essential fashion clothing/items you simply had to be seen with in school? For me it was all about Parker pens and Beril fine liners. Berghaus coats or Eclipse and Spiffy stuff. NAFF Co jackets got you playground cred too.
On to secondary school and I moved to a different part of the country and it was all surf brands, especially these square Billabong backpacks and Gul wetsuit pencil cases
[Edit, I went to school in the 90s]"
nike,UK,"Does anyone know this song? Google has proved fruitless. More information in description. Hi all

A song came on today on the co-op radio, I presume this is in-house so can’t find it online. It wasn’t particularly good but I just want to try and find out what it was.

It was quite a dance/pop song, I would say probably came out the year 2000-2010.


Woman singer.

Lyrics which I presume are the chorus;

‘Tell me how I’m meant to walk away, I don’t care what they say’

It was repeated quite a few times.

It’s not bleeding love by Leona Lewis.

It’s more up beat.

Thankyou all!
"
nike,UK,"Which gym shoes for men double as casual wear? 
Hey Reddit,
I’m looking for some help finding the perfect Christmas gift for my boyfriend. We’re both 24 and live in the UK. He’s really into fitness and goes to the gym frequently, but I’d love to get him a pair of shoes that he can use both at the gym and casually when we go out.

I’m aiming for something that’s stylish but still functional for working out. I’ve tried looking on a couple websites and liked the Nike met ins and the Nike romaleos 4 but I want to find better options. Do you have any recommendations for versatile trainers or brands that fit this description? Bonus points if they’re UK-based or easy to get here!

Thanks in advance!"
nike,UK,"Most comfortable pair of men's jogging bottoms? I need something I can wear on a long drive, or use to show other people at Aldi how much I've given up on my appearance. 

To give you an idea of what I'm all about, I've got a pair of SuperDry ones I've had 7 years that have fought a valiant battle but are one squat away from revealing the crown jewels to the common folk, if you catch my drift.

So please, I'm sure there are some strong options on this and I'm itching to hear them! 

Cheers in advance.

Edit: to clarify, I will absolutely not be going jogging in these, sitting and perhaps walking the dog will be the maximum levels of physical activity."
nike,UK,"How does one (sustainably) dispose of old unwearable shoes? Doing a clear out. Have got about 5 pairs of shoes that are pretty much unwearable so can't just take them to a charity shop or donation bin. I know Nike take trainers and I think Schuh also take stuff- but I don't live anywhere near their stores. It feels super wasteful to just send them to landfill and I really want to avoid it - but I am at a bit of a loss.  
The local recycling centre does take textiles but the instructions say they are meant to be wearable. What does that mean? these shoes are technically wearable but they have holes in them or rips- but possibly they are repairable so should they go in there?"
nike,UK,"What are the best feminine/girly trainers? Needing help with what trainers to buy as im clueless! Basically, im not a trainer girl AT ALL lol, the only pair of trainers ive got is a pair of sketchers for work (as im on my feet constantly and needed something comfortable). I am very feminine with what I wear and to me, personally, I find a lot of trainers are just too sporty/masculine looking for my style. However, I have recently bought some outfits that (other than uggs which I do not like) mainly go with trainers -especially during winter. So im having no choice but to buy a pair😂

So im really just looking for a style of trainers (maybe nike ones or adidas?- idek haha) which are on the more feminine side- ones which are simple and not sporty looking. Preferably under £100 if there are any and Im also looking for ones which I guess wont really go out of style much? Not that I care about being on trend/up to date with these things as im 24 not 15 anymore and not even a trainer person to begin with haha. But I do want them to be ones which will kinda stay in style as I dont plan on getting anymore in the future- only when these ones wear out ahah. 
Ive searched online a lot, however theres so many options and its hard to find more girly looking ones. A lot of the styles that come up are always out of stock too😭

Help would be appreciated- thank you! "
nike,UK,"Is this lamp suitable for a 15 year old boy? My 15 year old nephew is into video games and Nike, Adidas etc clothing.

I've seen a lamp which I was thinking of getting him as one of his Christmas presents (as well as a game and t shirt) but I can't work out if he'd likely think it's cool or whether it'd be a terrible gift for him. What do you think please?

https://preview.redd.it/27s6cmjnk0yd1.jpg?width=532&format=pjpg&auto=webp&s=24949743c1e5ba8aa7ccb8c7611966d9c891474b

"
nike,UK,"What is the consensus on bum bags nowadays?Good, Bad or embarrassing  I am in my late 40's and eventually if or  when summer arrives I will ditch the coat. What should I put all of the crap I carry around in? Is a bum bag acceptable or are they still a bit embarrassing?

Edit: the general consensus is to stop caring what others think, off to search for a bum bag now."
nike,UK,"What were things if people had, then you thought they were rich, when you were a kid? For me it’s having two cars, an upstairs and a downstairs bathroom, and a front and back garden /yards."
nike,UK,"Mums and Dads, what are the strongest trainers you can buy for your boys? First off please forgive me if this isnt the place to post and let me know where to ask this, thanks.  
  
My lads ten & I'm fed up of buying six pairs of trainers a year so im trying to find a trainer where the sole doesn't just delaminate and flap apart after a few weeks of rough and tumble.

I've tried the cheap stuff and brands like Nike, Adidas but they come apart usually at the front toe.   
  
Ive tried to glue them with decent contact adhesive but that fails too after a while and its not cheap

What I really want is a decent hard wearing trainer, any ideas?!"
nike,UK,"What are some of the most iconic items in the history of UK streetwear/urban fashion? From 1980s to now (specify by decade or year) The United States equivalents would be the Polo Ralph Lauren Snow Beach Pullover, Coogi Sweater, Nike Air Force One etc."
nike,UK,"Whats a good day to do pair of trainers? So im after a good day-to-day trainer, something comfy to wear while I drive to work and then walk from the car into work, something comfy I can wear when I go for a walk etc.

I normally go for Nike or Addidas, but honestly, I have no idea, so I thought I'd ask on here to see if anyone recommended something."
nike,UK,Does anyone have any suggestions for comfortable work trainers? Will be running around all day Hope this is suitable for this sub but does anyone have any suggestions for comfortable trainers for work?I currently use Nike reacts which are amazing but they wear out really quickly.
nike,UK,"I found £35,000 today in the park, what should I do? I was jogging this morning in Broomfields Park and found a nike duffel bag and picked it up as it looked brand new, it was filled with £50/£20 notes and loads of packaged unbranded blue tablets so I ran home with it.


The bag is currently in my room, and I counted all the money its about £35,000, there are like 300 tablets. What do I do with it all?


Will I get in any trouble if I tell the police? I am 17 and still in school. How do I tell them? Can I make them confirm they won't put me in any trouble, before I give them the money?


Can I spend any of it, I want to get a new phone and a PS4 (I currently have a Iphone 4s and a PS3). Will Argos get suspicious if I pay £300 in cash?"
nike,UK,"What kind of trainers would they have been?  Hello, my husband was age 8 to 18 in the 90s. We had a random conversation ages ago where he told me when he was a kid he had a pair of red trainers that he loved. I think he'd get a real kick if I got him a pair for Christmas but I can't for the life of me remember what they were. I'm hoping someone here is a trainer afficionado and can help me narrow down to what they might have been. I *think* they might have been Adidas or Nike? Certain he said they were completely red, no other colours. What would have been available in the 90s in South Yorkshire? Cheera"
nike,UK,"Sports direct trainers - do they sell cheaper genuine items?  I've never considered this but my girlfriend is looking to get some Nike trainers and I mentioned looking elsewhere apart from the brands direct website, such as sports direct. However, when I mentioned this she raised the view that she suspects that sports direct (and possibly JD, footasylum and footlocker?) may stock genuine products but just much cheaper quality versions hence the lower price. That she feels the ones she's bought from these stores don't last that long or have issues. 

I've never considered this but is there any truth to this from people's experiences? Web doesn't give much of a helpful answer apart from suggesting end of life products and now I'm also wondering if there's some truth to lower quality as it would explain the price differences. "
nike,UK,"Where to buy Socks!!!? Can anyone recommend to me where I can buy some decent socks that don’t leave fluff all over my sweaty feet, but also don’t leave my feet stinking?!! 😂

For years I bought some cheap ass polyester socks from a sports store that had no cotton so didn’t cause sock lint, but they did cause smelly feet. So I switched to M&S cool&fresh and both problems were gone! 
I’ve just had a sock refresh and the ones from M&S I have purchased leave black lint everywhere! 😡 They are the thinnest socks going so I don’t know where it’s coming from! M&S have definitely changed the quality since a year ago!! 

(I’ve washed inside out, used a fabric lint remover etc etc. still no good)(thick socks like the in Trent Nike ones leave more fluff than any!) 

Thank you 🙏 "
nike,UK,"What song is an Absolute Tune? Set You Free by N-Trance came on the radio at work and like 5 people spontaneously shouted ""Tune!!"""
nike,UK,"What are good value trainers? I don't know what's happened since I last bought a pair but the price of New Balance trainers seems to have gone wild.

So I was wondering.. are there good value trainers? Like some no brand ones on Amazon, or M&S which last and are comfortable? Or is this just the price now? Or do I need to start wearing Crocs?"
nike,UK,"What brand is seen as cool to kids these days ?  Most likely not the right forum for asking this as I’ve seen no similar questions but there’s a lot of activity in here and I need to know the answer 

Need to get a 9yr old boy a ‘cool’ coat for school - I have nooo clue what’s “in” and what’s out 

The only brands I can think of are 

Nike - Addias - north face - under amour 

I just wanna make sure none of them are seen as uncool to kids ? Or which one is seen as cool? Or are there any other suggestions? 

Thank you "
nike,UK,What are the best UK websites for Sports Clothing? What are the best UK websites for sports clothes? Everywhere seems to be expensive all of a sudden. Sportshoes have always been a good outlet for well priced gear but as of late they have gone pricey.
nike,UK,Do you have to wear bowling shoes in the UK? On a real I don’t want to have my feet in pairs of shoes that have been worn and sweated in for years. Just curious if I can just wear my own shoes and bowl
nike,UK,"Why are Air Force ones/tech fleece so popular amongst young people here? American here. Pretty cool to visit, but one thing I’ve noticed is just how popular Nike is.

Don’t get me wrong, Nike is popular in Italy and France where I’ve been as well, but wow is it practically what all young people wear here. So many Air Force ones and tech fleeces everywhere, I’d argue even more so than in the US.

May I ask why? "
nike,UK,What’s a brand you hate on principle but like the product? For me it’s Warburtons bread they’re large donors to the Tory party which is not my political forte but damn if I can’t get enough of that toasted slice
nike,UK,"Planning a car boot this summer - What’s your sales tactic? Hardly anyone wordlessly picks up and item and gives you the cash without haggling. 

It’s been 5 or 6 years since we last did a car boot and the way I handle early hawkers rifling through your boot is to say “It’s priced to sell, come back later and we can talk about a discount”.

Then the morning fills with people asking “Will you take a pound for this?” whilst holding up a Nike jacket with shop tags on, unworn, clearly labelled £8.

This year I was thinking of adding 50p to everything on the stickers and offering a 50p discount. 

What’s your sales logic when dealing with Sunday car boot browsers?"
nike,UK,"What is the best free workout planning app?  I need suggestions for the best app to use when working out at the gym. I intend to go to the gym at least twice a week, on top of my weekly swimming sessions. But I would like to use an app which I don't have to pay for, to track my workouts and suggest plans for me to follow. "
nike,UK,"What are the current ""Chavvy brands""? When I was in school, the chavs always wore Adidas 3 stripe (bonus points for matching tracksuit), Nike or Lonsdale. Sometimes with a Burberry cap (""nah m8 its fuken gen"") for good measure.

These days seems to be NorthFace has has become the chav brand of choice. 

What do you consider a ""Chav brand""?

Edit: Spelling"
nike,UK,"Can you recommend decent websites to get size 13 fashion trainers? I look to any brand and they never seem to have anything other than the ugly or serious running shoes. I just want an everyday pair of normal looking trainers. But there’s very little option, even Amazon or Schuh, or wildly expensive on the brand websites. 

I don’t consider size 13 to be some freak size. Anybody else 13 or bigger? Where do you get your trainers from? "
nike,UK,"Any brands you misread / mispronounced as a child? My son thought my Gant underwear said ""giant"" (as in, several sizes above large) ""cos you've got such a big butt"" ... ""thanks son"".

Are there brands you misread or mispronounced, maybe until you overheard someone saying them correctly?

Maybe let's exclude the whole Porsche [pron. Porsch or Porsch-ah] debate."
nike,UK,"Where can I buy men’s joggers by length? As a fairly tall male, my leg to body ratio is quite high. Therefore I struggle to find decent joggers where they are sized by waist and height rather than ‘S, M, L’ because these tend to focus on waist size rather than length."
nike,UK,"If you had the chance to bring a law into effect what would be your most arbitrary law? Personally I'd quite like for Umbro to be made the only England kit providers and to have Nike kicked out and make them sell Umbro to the England team, simply because I hate most of Nike's shirt designs and they're bloody expensive to boot"
nike,UK,"Settle an argument for me regarding NICE Biscuits, who is right? It’s a bone of contention in my house how the name of this biscuit is actually pronounced. 

Personally I pronounce it Nice, however my wife wrongly insisted insists it’s pronounced Nice. So which is it. Nice or Nice?

If it helps my mother says it’s Nice; however my sister disagrees and claims it’s pronounced Nice."
nike,UK,"What's an item you won't scrimp on despite the cost of living crisis? I'll start, Sensodyne toothpaste. It's so expensive but better than feeling pain from anything cold."
nike,UK,"What's your go-to brand for comfortable, long-lasting trainers? For years, I've been getting Nike or Adidas trainers, and each seems to last about 12 months before starting to fall apart. I don't do anything too rigorous - just walking the dog a couple of times a day (including some on grass) and general walks around town.

So now my current trainers are on their last legs, I'm wanting to get a pair that might last a bit longer than 12 months and still be comfortable."
nike,UK,"People who are in / went to Secondary school - what were the fashionable clothing brands at the time? I went to school in the 90s and remember stuff like Naf Naf, Spliffy, Kickers and Ellesse. With Reebok Classic trainers. Kappa tracksuits were never ""cool"", but the townies used to love rocking them."
nike,UK,"Should Team GB have used a British brand to design/make their kit instead of a German brand? Team GB’s kit for Paris 2024 is made in partnership with Adidas which is a German sportswear brand.

Other countries have used brands created in and based out of their countries. For example, Team Canada have partnered with LuLuLemon and Team USA have partnered with Nike.

Shouldn’t Team GB have used a British sportswear brand? We have many like GymShark and Castore."
nike,UK,"If you had a spare 1k what would you invest in? I've been good with money this month and have a spare 1k or so to invest. During lockdown when everything tanked I stuck £500 on brent crude and cashed out for quite a bit. I'm very much out of the loop now though. I was looking at nvidia a couple of years back but didn't pull the trigger, can see that had a meteoric rise. Can see Nike has tanked quite a bit and thinking of going in on the dip... or shall I be boring and just stick it in the isa?"
nike,UK,"UK runners, what am I doing wrong during my runs that is making body feel so utterly trashed afterwards? 
Female, 29, 5’6, 73kgs in weight. 
Avg pace 8’10” 
Currently do 10km x 4 weekly. 
Road running. No treadmill runs. 

So I used to run around 25km per week 5 times a week, so 5km per run. I used to use the “NIKE Women's  Downshifter 9” they felt amazing and my body felt great too, however after about 500km my knees and lower back started to hurt. The downshiftter 9 have been discontinued and I was forced to buy the 11s, the 11s don’t feel pillowy, they are hard however after breaking into them they got the job done and stopped the knee pain. HOWEVER they still don’t feel great and 

my body still feels like utter crap after a simple 3km and I have been pushing myself doing 10km x 4 days a week. So I’m currently completing 40km every week using the downshifter 11s. My calves, lower back and quads are constantly on FIRE during the run. 

So my questions if anyone could please advise because I’m otherwise healthy and eat very well. 

1. Is 10km 4 times a week excessive? 
2. Is it the shoe that is making my body hurt or the length of my runs? 
3. I don’t like shorter runs, I enjoy the longer 5-10km and I’m not really running fast it’s more like a jog. Do I shorten my runs? 
4. I struggle to go faster as I feel light headed when mt heart rate rises too much. (I think this may just be in my head). 

I have now ordered myself the Pegasus 39, so I’m hoping they will be better than the downshifter 11s. 

Lastly, what am I doing wrong guys? I LOVE road running and was never good at it before, now that I can do it I really don’t want to have to give it up. It makes me feel great mentally. It’s the only thing I have that is simply mine 😕 how can I go back to feeling great again during and after my runs? 

Thank you in advance ❤️"
nike,UK,"Do people wear suits and trainers? My Son has his prom on Friday. He's wearing a navy suit and wants some white Nike trainers to wear with it. I have no idea nowadays, is this something that people do? Suits and trainers?"
nike,UK,"What lyric have you been getting wrong for years? Saw this on Facebook and it made me chuckle. 

For years I proudly sang ""turn up the mic"" to ""Return of the Mack"" by Mark Morrison... 🤦🏻‍♀️"
nike,UK,"How do you pronounce Nike? My American gf is adamant that it’s pronounced nikee, and Google is even saying that people here say it like that. I’ve literally never heard anyone here pronounce it like that but I want to check with others "
nike,UK,Today we were casually the most northerly people in the whole of the UK! Gave us a sense of accomplishment! (Island in the back is Muckle Flugga north of the shetland islands. 
nike,UK,My gf says my wardrobe is freakishly neat and tidy. I reckon it’s pretty normal. Am I unusual or is she wrong? 
nike,UK,"CasualUK football fans...what do you think of the Lionesses' new kits for the Women's World Cup this summer? Of all the Nike kits, the blue England one might be my favorite! "
nike,UK,A bit harsh from Sainsbury's I know it's part of the brand name but I still chuckled
nike,UK,"What's the most disappointing advice you followed? I bought some Saucony trail running shoes which are falling apart after barely 200 miles.  I knew something was off when people were complimenting me .... Like in the 80’s and 90’s with fila Nike and Adidas. 

My meindl shoes look like shit. But have lasted a decade and over 6000 miles.. it's all about the insults you put in in them.

My meindl boots have lasted similar time, have been up the 5 peaks and are basically like new after a clean up. 

This is not an advert lol I get the because my wide golem feet.

So...  What have you been tricked or recommended into buying only to realise you were already doing it right? 


Also. I found out in the last hour....  When washing a dog close the bathroom door.   Now I have to change two rooms of bedding and wash / wipe sofas before wife gets home. 

1st world issues eh? "
nike,UK,"POSITIVITY THREAD: What surprisingly good gift did you get? Not including ”My parents got me that Xbox game I wanted” or ""My wife got me those Nike Metcons that I explicitly showed her and said I really liked and winked""

Not actually for me, but my wife got my son a night sky projector and it is absolutely sick.  Can't wait for it to be put to use."
nike,UK,"What brands are the kids into now? Partly vain question here. My daughter is 10, year 6 and all of her friends have started to wear ""cool clothes"". Sephora for makeup/accessories. You get the picture.
Problem is, even when I was at school I didn't really care about brands, if I liked something I would buy it, if I didn't then I didn't. My son who is 24 now is a bit out of the loop. Plus he's male. Back in his school days if it was NIKE or Superdry he would wear it, whether he liked it or not.

I'm not trying to push her into anything, but I would like to buy her a couple of items as part of her Christmas presents. She also has a non uniform day coming up so would like something for that (supposed to be Halloween dress up, but their class is too mature for that now apparently).

I know of The North Face - other than that I am stumped! Wanting to hear from those with kids around 9 to 14 who are more up to date with fashion than me please! Either brands/labels or what kinds of things they're wearing now.

She prefers to wear things like leggings, t-shirts, hoodies, dresses & skirts. She has a pair of crocs (cheap copy anyway) and tends to wear trainers and usually ankle boots in Autumn/Winter. She has just started getting into makeup so I'd presume the clothes thing will be next. I'm asking in here as it relates to the UK current fashions and not elsewhere.

Thanks!!"
nike,UK,"Pretty cool new Nike advert about London featuring Skepta, Mo Farah and many more! "
nike,UK,"Nike reveal they do not break the laws of Physics. Physics teachers say ‘I told you so’. >Nike said in a previous statement they ""respect the spirit of the rules and we do not create any running shoes that return more energy than the runner expends"".

[BBC news](https://www.bbc.co.uk/sport/athletics/51324991)"
nike,UK,"So the Nike advert with the old dude and younnger woman playing chess in the park.... ... not only is it annoying, it feels a bit racist (or disrespectful) to put subtitles over it when the people are speaking perfectly clearly. Is this just me?"
nike,UK,Quality in Nike factory stores has gone down recently 
nike,UK,Nike - who was in charge of letter size?? 
nike,UK,Why would the Next catalogue have two blank pages? 
nike,UK,"A look back at Rooney in Nike's ""Write The Future"" advert for the 2010 World Cup "
nike,UK,Bit of sun and all the t-shirts are off 
nike,UK,"How would you feel if an old school friend reached out to you via social media? 
What would be the best way to reconnect with old friends ?

28 at the moment. When I left uni at 21, didn’t really make any friends as I was there as I didn’t know what to do and ended up doing a degree I didn’t like but hey that’s life.

Since then I haven’t made any work friends just people I don’t mind saying hello too and making small talk.

Figured I’d hit up some old friends from seconds and sixth form via social media, but I’m worried it might no go well. We were food friends but I guess just went separate ways. I’m worried if I messaged out the blue they may find it weird.

Sorry for the question, I’ve just been lonely for a long time and figured it might be due to lack of social interaction I have."
nike,UK,"Betrayal, who did this! My morning brew has been ruined."
nike,UK,So I grew a marrow 🤭 
nike,UK,This man showed me the horrors of gang life and kept me on the straight and narrow 
nike,UK,How on earth did Germany flatten Coventry with these little guys? 
nike,UK,"A painting by my seven year old daughter. Drawn free hand with pencil from a picture on her iPad and then painted with watercolours. 

The photo really doesn’t do it justice."
nike,UK,"Polishing shoes the old fashioned way Do people still use kiwi, cherry blossom or other ""proper"" polishing on their shoes? The kiwi liquid is my sons, I use the polish and brushes for application,  polishing and buffing. 3 different brushes for each rask and more brushes for dubbing on my boots. 
Am l the only one left?
Speaking to friends etc it seems so."
nike,UK,"Sleep trainers for the baby I can't stand our 16 month old sleeping in our bed much longer. Does anyone have any experience with a sleep trainer or sleep coach? Preferably in Buckinghamshire or zoom etc. Prefer one from the UK if it is via zoom.

TIA"
nike,UK,"Men near the age of 40, what do you clothes do you wear on a daily basis? I’m approaching the grand old age of 40 next year, and I’m at a point in my life where I need to change how I dress. Im not too keen on jeans, because they’re uncomfortable in my opinion. I have a vast collection of tracksuits, hoodies etc. because that’s what I feel most comfortable wearing. I’ve always worn Adidas, Nike and similar brands. But the last year I’ve been feeling
Like a bit of twat if I’m honest, I can’t carry on walking around wearing sportswear forever more can I? At what point in my life do I start dressing different? Am I past that phase by years? Help me out people
Of Reddit"
nike,UK,"TVuesday [23 May] Right, what have we been watching or listening to this week? 

Not seen much myself but recently caught up on the mandalorian."
nike,UK,"I've just finished a month of running a mile a day for charity and I feel great. I'm pushing 50, very overweight and haven't exercised properly in a long time. I decided to start going to the gym to try to learn how to run back in May - I've always hated it but it's lockdown friendly I guess and should be better when work travel starts again.

I actually did a bit over 57 miles in the end and raised £323 for Cancer Research. I'm so chuffed and just wanted to tell someone."
nike,UK,"What are some trustworthy clothing and shoe shops for men which aren't too expensive but also have decent quality? I've been in the UK for almost 5 years and this is something I still struggle with. Back home I knew which shops had decent quality without being too expensive.

I like H&M and Next but it's still a gamble sometimes and you have to dig through a lot of garbage to find something nice. They're mostly fine for trousers or T-shirts but I haven't had much luck with shirts or shoes. Shoes are the biggest problem because the last 2 pairs I got from Topman and Office were basically impossible to walk in for more than a couple of minutes. Normally I'd just get something from Adidas or Nike as I've never had a single pair of bad shoes from these brands but I need something less sporty.

I try to look around every time I walk around the town but all the shops there seem to be mostly street-wear for teenagers, with huge logos everywhere and 0 style. I don't want to walk around with a huge ""TOMMY"" written on my jacket.

Please feel free to recommend slightly more expensive brands as well in case they have a sale or something. Cheers :)"
nike,UK,"Younger generations and the cinema As someone (mid thirties) who loves going to the cinema I never see many teenagers in the theatres when I go no matter the films. Is it something the younger generations just don’t really care about these days ?

Edit \* for list of films

I think it might seem like there hasn't been good cinema this year as there hasn't been many blockbusters, Barbie and Oppenheimer have taken the torch for those this year.

There is a lack of interest for superhero films as well (which I understand)

  
Dream Scenario - New Nic Cage film about a man who keeps popping up in peoples dreams.

Hunger Games: Ballanrd of Song Birds and Snakes - Adaptation of the \*prequel\* book to the original series 

Ken Loach’s newest and sadly last film The Old Oak. - Great film about community and a social commentary on the refuge crisis. 

The Creator - story is good but had a few plot holes. Looks amazing and beautifully shot SCI-FI film about AI

Air - History of Nike and Michael Johnson.

Dungeons and Dragons - obviously this is more niche and aimed at fan but it crosses over to the general public. It’s a really fun film.

Spider-Man Across the Spider verse.- Second animated film 

Past Lives (a24 film) really lovely story about two people over the space of 24 years.

Rye Lane - easy going rom com set in south London

Saltburn has just come out and looks great - seeing next week

Sisu - Set during WW2 about a finnish officer who discovers gold only to have to battle it out against the Nazis and SS officers. 

Sorry for a long list I’m sure there is more as well."
nike,UK,"Just started new job, on my feet 10 hours a day - can anyone recommend some good shoes? I tend to just cycle between my various converse and vans, but they're totally useless for support. I need to find some comfortable shoes that will help my feet to not get so achy :( 

What are your go-to's? And what shoe shops should I be looking in? Anything else that might help?

Thanks for reading :) "
nike,UK,TVesday Thread Morning all. What TV shows and/or movies have you been watching this week? Have you enjoyed them? Come in and tell us all about it.
nike,UK,"Shoes/boots recs? What shoes/boots would you recommend to a US man who will be doing a lot walking around Bath, York, and London for two weeks in October? If they can double as nice “going out” shoes/boots, that would be a plus. How many pairs would you suggest as well (I don’t want to under/over pack)? Nothing dressy needed. It will be a casual trip. Thanks in advance."
nike,UK,"As the summer begins to recede, a pair of trainers perched on a telephone cable in the Warwickshire countryside prepare to migrate. "
nike,UK,"Best British Ad Ever? So here I am, bored at work, and reminiscing about old ads and thought I’d come to Reddit for some more suggestions.

Personally I love the [Impossible Dream from Honda](https://m.youtube.com/watch?v=vtnhmy_KcgM), which was produced for the uk market. Love the [Hovis advert with the boy and the bike](https://m.youtube.com/watch?v=6Mq59ykPnAE).

Would love to hear which ones you love, or are underrated gems."
nike,UK,Someone's moved Heathrow airport. Now located in Gosport 
nike,UK,"Today's Wordle 548, got it in one. How should I celebrate? Wordle 548 1/6
Genuine 
🟩🟩🟩🟩🟩
got it in one."
nike,UK,"Hey mate, what make is your dog? "
nike,UK,"My parents church has started a uniform bank ( like a food bank, but for kids who can’t afford to buy rediculously expensive school uniform) I think it’s a quality idea - communities need to do stuff like that to help each other out. 

https://www.bbc.co.uk/news/uk-england-stoke-staffordshire-45116723

"
nike,UK,Reebok gang 
nike,UK,"Is a ""sidebag"" for men a big no no in UK? I used one when i went on holiday to keep my phone, keys, wallet and passport in and I found it to be quite handy.

It was a Nike one. But I feel a bit trashy and chavy when I was using it.

Are there any less trashy options?"
nike,UK,Just your typical Beerbulance 
nike,UK,Headline from WalesOnline today. I can't stop laughing. 
nike,UK,"Job Centre dress code? Right, I’ve had a Google and can’t see anything definitive, so thought I’d reach out here (sorry if not the right place)

Since moving, I’ve got my first work coach meeting at the Job Centre tomorrow - it’s a 30-40min walk (public transport is pretty non existent for getting there, and no car) and with the weather forecast I’d much rather wear shorts than jeans for it, but I don’t want to give the wrong impression or be turned away and risk being sanctioned.

The shorts would be smart (ie not just a pair of jeans cut off) and I’d be wearing a smart plain t-shirt/polo with it - anyone that’s braved the Job Centre in hot weather, will they care if I wear shorts to a meeting with my new work coach?"
nike,UK,"Dressing for your age? We’ve all heard of phrases like “mutton dressed as lamb”, so I’m not talking about a 50 year old man wearing ripped jeans with the waist round his arse etc, but where do you draw the line? I’m 45, wear a lot of hoodies with jeans or chinos, and currently eyeing up a mid-height pair of Nike trainers. At what point (age) do you think this will look silly? For days when I’m not going out, I plan to be still wearing Fat Face joggers in a care home!"
nike,UK,"What shoes are you all rocking? Hi Guys, so im in the market for some new shoes, and i want to get something comfortable that will also last quite a while. I was a fan of the comfort of the Airmax 90s but found that they wore out quite fast in just over a year so I'm just after some recommendations really

Cheers!"
nike,UK,Shoe tree in my local park Surprised to see it still carrying so much fruit in January
nike,UK,"Hermes (or Evri) lost my parcel in transit. Thankfully, the seller was able to re-issue for a replacement. What happened to it? I'm guessing it was stolen as they were nike shoes."
nike,UK,"Best full English breakfast? The soles of my Nikes touch British soil this Saturday morning as I’m embarking on 2 week holiday. I have been dreaming of a full English breakfast for so long and I’ve decided this is the first thing I want to do the moment I step outside Heathrow. 

Where is the best best best full English breakfast available in London for my enjoyment? 

Thank you!!"
nike,UK,"(Ex and former) fat blokes, what do you wear when exercising? I have recently, after some kind messages from concerned Redditors, decided to take a closer look at my lifestyle and how much exercise I do (or don't as the case has been).

I've started walking more, and am quite enjoying a nice 30-minute or so walk in the morning around the local park. Obviously, over time I'd like to build this up to more!

My problem is finding the right clothes to wear, I've ended up going out in jeans because I can then put a belt on to keep them up, wearing elasticated joggers means they sit below my stomach and then just fall down if I walk at anything more than a snails pace.

I'd really appreciate any suggestions on what works to save me spending a small fortune in Asda and on Boohoo and Jacamo trying to find something that'll not cause me to be arrested if I happen across anyone else in the park!

Thank you :)"
nike,UK,"Socks and Sandals are in fashion and it makes me upset. I keep seeing kids wearing white socks and black sandals/flip flops. 

Went to buy a pair of shoes from JD Sports, found both the socks and the sandals on a shelf ready to go, with a bunch of teenagers finding their sizes. 

What the fuck happened? Did Nike and Adidas have a bet over who can buy this shit? It's the worst fashion decision since the bowl cut. 

I'm 27 and sound like a 77 year old whinger. But I don't care, socks and Sandals DONT GO TOGETHER!"
nike,UK,I have no words... 
nike,UK,"Suits and trainers What is it with the recent trend of wearing a suit with a pair of trainers, seen a sit today wear with a suit and shirt with a pair of Nike Dunks. I like the trainers but clearly not something that would wear with a suit."
nike,UK,Enjoying a day on the beach We’re here now so we’re going to bloody well enjoy ourselves. Might try the crazy golf after the lightning passes.
nike,UK,"What have you ordered, that then arrived as something different? "
nike,UK,Subliminal messaging has gone too far now… 
nike,UK,"Recently had someone ask me for some money because they were homeless, then asked me for a bank transfer when I told then I don't carry cash. Is this a common thing now?

I was caught completely off guard when they requested a bank transfer instead... but still managed to keep my composure and awkwardly stutter ""uh, well, uh, no"" before they walked off to find their next victim.

Also I will say they seemed like the type of homeless person that isn't actually homeless considering they were wearing brand new Nike trainers and had a top of the range phone on which to complete said bank transfer. It was also 6am in the bus station if that counts for anything."
nike,UK,"Barbers magazine selection This is the reading material on offer at the local barbers. The seed catalogue was reasonably interesting in fact.

https://preview.redd.it/ts6id5muacvb1.jpg?width=3456&format=pjpg&auto=webp&s=507a7341c0294ffc1170c65d439357bbc4a86ff7"
nike,UK,"Women’s World Cup I’ve been enjoying the WWC, the matches have been competitive and I keep supporting the underdog. But what I’m really noticing is the some of the kits are stunning, especially the South Africa black & gold strip. I’m trying to find the Nike zippers/hoodies that I’ve seen worn during the national anthems"
nike,UK,(crosspost ) Pls recommend: shoes for long hour retail work? Tired of pain :( 
nike,UK,Americans don’t know how to pronounce Persil. 
nike,UK,"I lost a shoe. What to do with the spare? I lost a single shoe - not my proudest moment. 

However, this has left me with a shoe that I have no use for. 

I feel there would be lots of people that could do with one shoe rather than if I were to throw it away. I imagine a local charity shop might just throw a single shoe away.

It is a good quality, right-sided Nike running shoe, size 9

Does anyone know somewhere that would want it?

Or, do ***you*** need a shoe? 

Alternatively, has anyone found a black left-sided size 9 Nike running shoe that they would like to give to me?"
nike,UK,"What do guys wear to a day festival (not camping) if it's raining? I go out at night quite a lot but rarely go to festivals. I'm going to a day festival this Saturday. It's forecast for 22 degrees and rain until 3pm (then will remain dry after 3pm).

I'm a 27 year old guy.

I was thinking just a plain black t shirt but wasn't sure if shorts would be the norm (especially as I'm up north) or if I should go with black stretch skinny jeans that I would normally wear if I were going on a night out?

Thanks

**EDIT: I should've mentioned we're planning on getting to the festival at 2.30pm (I imagine most people will aim to get there around then too, if not a little later). Do you think I should chance it and not bother with a poncho if it'll only rain for half an hour? I'm thinking black shorts, black baggy old school/vintage t shirt, nike socks, white nike trainers (I don't care if they get muddy) and sunglasses?**"
nike,UK,"The cure to sweaty balls So. Like many every summer I have to put up with the “sweaty balls” issue. However I discovered something wonderful…

I recently lost 6 stone and got into shape after nearly a decade of being a lazy fat fuck. With that I had to get a new wardrobe! Enter my work out shorts. Nikes, Adidas etc. They are always really quite short and have netting. Means you can’t wear underwear with them however ones balls remain nestled, protected AND have an air flow. It’s glorious. 

You’re welcome."
nike,UK,"What trainers do you have? I need some new *kicks* as someone like Snoop Doggy Dogg might say. Much prefer a casual style trainer useful for more than one occasion, a proper pub friendly trainer, the type of trainer you can take home to your parents.  
  
So maybe you can take this opportunity to show off your favourite Sketchers or Gola's.  
  
 
I'd ask in /r/malefashionadvice but I'm not a twat."
nike,UK,"Most British trainer? What would you say is the most English trainer, the type of ones seen in the inbetweeners and on every kid playing football in 2007. I.e reebok classic, Adidas stan Smith..."
nike,UK,"Where to shop? Hi All, 

American living in South East, UK now. 

Where can I shop for some clothing outside of London? Ive been to the mall in Reading, nothing really fit me ha(im 6'4) 

I didn't see a lot of selection of brand name clothing such as Nike, Tommy, Levi, etc etc. Will London mostly have a larger selection of styles and brands?"
nike,UK,Staines upon Thames! Who knew? 
nike,UK,Have Nik Naks got softer? I remember them being harder.
nike,UK,"Looking for RAF Typhoon sneakers/trainers Hello,

15 or so years ago, I bought for €30 pair of official (at least that's how they were presented on eBay) RAF Typhoon sneakers.


They were white sneakers with partial RAF insignia on heel\ankle area. IIRC sole was blue.

I presume they were limited edition related to purchase of Typhoon fighters as I find it impossible to find any information on the internet about them.

It doesn't help that there's separate trainer shoe named typhoon, Nike released Nike Air Blue Force 1 in the meantime (which overpowers any ""royal air force typhoon sneakers"" searches), and there's actual shoe company called RAF that didn't exist when original shoe was released.

Please, help me find them. I'm starting to think that those sneakers were figment of my imagination.

Edit:

They were half ankle hight. Think between Superstars and dunks. They also were basketball style if that helps.

Edit2:

hight -> height

Edit 3:

OK> they do exist, I didn't imagine them, best [pic so far](https://media-exp1.licdn.com/dms/image/C5612AQHYV-hRxpMMVA/article-cover_image-shrink_600_2000/0/1520239321011?e=2147483647&v=beta&t=9I7eYd0KLOk7fyIpogFYLdde3CyYwtdevzySz_ZAfMM), thanks /u/ljsm2013"
nike,UK,They need to get a few more up before I’ll start to feel really Christmassy 
nike,UK,"""Where have you been on holiday this year Gavin?"" "
nike,UK,"Trying to find a specific ad that aired in the UK during the late 90s/early 00s Posting this here as I try every few years to locate this advert but never have any joy, this is one place I haven't tried.

It was a Nike advert (fairly sure it was for Tn's) and featured a girl jogging with either Nelly Furtado's ""I'm like a bird"" or Minnie Riperton's ""Loving You"" playing in the background. (The music was intentionally chosen to be out of place/contrast the visual part of the ad).

Again, probably not the best place to ask, but I have struggled for years to find this ad to the point I'm questioning my sanity as to whether or not it even existed (I'm 99% sure it did)."
nike,UK,"Young 'uns of CasualUK - is the townie cap wearing method back in fashion? So when I was a kid/teen in the nineties - nearly all lads wore caps most of the time. Generally over mismatching tracksuits (e.g. Adidas poppers with kappa jacket in opposite colour)

Difference with now is that 1) We bent the peak massively till it was 'n' shaped rather than having it flat 2) We didnt have any of those stickers on them (generally Nike or Adidas hats) and 3) part of the fashion for a while at least was to wear it high up on your head like some scally beefeater.

Anyway, recently I have noticed a few teens wearing their caps in this stupid way... is it a case of cyclic fashion or do we just have some retro scallies in my area?"
nike,UK,"Has anybody here bought a football shirt from asia? I'm looking to buy some good shirts, and have found out I can buy them from Asia and are called ''Thai Quality'' and have been looking on dhgate and aliexpress. I play football with my mates regularly and want some nice kits. For £10 each, are they any good as I don't want to pay £60/£70 for a shirt (Still at school) ? The customer images show they have the nike/adidas logos.

I am planning to buy kits of recent all time greats, feel free to add to this list.

Ronaldo - Portugal Home 2016

Bale - Madrid 3rd Kit (The dragon One - Just a nice kit IMO)

Iniesta - Spain Home 2010

Pirlo/Totti - Italy Home 2006

Any other great kits worth getting? Thanks, BTW I already have a Messi Shirt, but am unsure on buying a Sweden Ibrahimovic Kit. "
nike,Canada,Nike permanently ends sponsorship of Hockey Canada in wake of sexual assault scandal 
nike,Canada,"As Canada’s fertility rate declines, the debate over how to respond will get ugly "
nike,Canada,"Watchdog probing claims that Nike Canada, gold company benefiting from forced Uyghur labour "
nike,Canada,Landlord says Ruby Liu’s plan for Bay properties ‘defies commercial common sense’ 
nike,Canada,"Hockey Canada board resigns in deference to real victims: Tim Hortons, Nike and Canadian Tire "
nike,Canada,"Editorial: Woke cancel culture has gone too far and no, I don’t have any specific examples – by Rex Murphy "
nike,Canada,Albertan Woman from Enoch Cree Nation is New Face of Nike Campaign 
nike,Canada,The super mild COVID that will crush our health system anyway 
nike,Canada,"Canadian collector pays more than $550,000 for rare Nike sneakers, sets new world record "
nike,Canada,Opinion: Politicians’ grand housing visions forget to involve folks who actually build homes 
nike,Canada,"Canadian collector spends $575,000 on rare Nike Moon Shoes, sets world record for most expensive sneakers sold "
nike,Canada,Does anybody know where I can buy the same Nike Canada hat like Ashton Eaton wore to cheer on his wife? 
nike,Canada,"Jason Kenney’s war room unveils new, one-of-a-kind logo "
nike,Canada,Thieves speed off with bronze statue of Formula One racing legend Gilles Villeneuve 
nike,Canada,"Nightmare ends for mother, son facing deportation after 19 years in Canada "
nike,Canada,Montreal woman claims Bill 21 fuelling increased Islamophobia after niqab attack 
nike,Canada,"MEC to lay off fewer employees than planned, with 1 store to close, new owners say "
nike,Canada,Fred Fox missed out on a pair of Terry's anniversary shoes. So a stranger offered him his | CBC News 
nike,Canada,Canada Soccer slammed for not supporting fund for abused World Cup workers: 'Shameful' 
nike,Canada,"As an American, please help me understand Tim Hortons American here, in Canada for a while for my wife's postdoc.

We were sort of shocked by the number of Tim Hortons we passed.  So, we figured it must be awesome and went in one.  It...wasn't bad?  But it was totally underwhelming: coffee, donuts and really weird, rather boring continental cuisine.  I can think of a half-dozen other fast food chains that I'd rather visit.  But purportedly this is the largest chain in Canada?  What gives?

Canadians, what is the appeal?  What am I missing?  Help this foolish American understand."
nike,Canada,Syrian refugees' new lives in Canada are anything but easy 
nike,Canada,Survivor of Quebec City mosque shooting doesn't believe shooter is remorseful 
nike,Canada,Canada's new Olympic Hockey Jerseys... 
nike,Canada,"Looking -> Delivers an fashion article from Canada to Germany? Hello Canda Members :).

Have a request to you.

I live in Germany (near Bavaria) and have been looking for this fashion article for some time, see link:http://www.footlocker.ca/en-CA/product/model:277692/sku:7353500/nike-av15-knit-jacket-mens/green/black/

The product is a men's sweat jacket.

The problem here, in Germany there is no longer this article and also not in the neighboring countries.

Would it be possible for someone to order the article for me and then send it to me?

Take over also the delivery costs.

Payment: By Paypal or normal via online banking.

Greetings Andreas. "
nike,Canada,"Canadian iPhone 4 launch details emerge: Rogers offers 6GB for $30, iPad sharing for $20 -- Engadget "
nike,Canada,anybody use this site before to ship things from US to Canada?? is it worth while? 
nike,Canada,"Parking Garage Collapses - State of Emergency in Windsor, ON "
nike,Canada,"Interested in immigrating, looking for information. I am 21, male, and in a couple of years will graduate with an engineering degree, and I am looking to immigrate to Canada to work there.

I am a USA citizen.  My grandmother was born and raised in Prince Edward Island, so I do have some history of Canadian citizen in my bloodline. I do not know if that will help.

I would like to immigrate as soon as I get out of school.  I am looking at schools in Canada, just don't know how feasible that would be given my current situations (Nothing bad, just my family may not be able to afford to send me to another country for schooling).

I was told that those with an technical-related degree (especially engineering) are given gratuitous amounts of points on the skilled workers test.  I'm not sure if that is the name, I'm talking about the test that is the official version of [this](http://www.cic.gc.ca/english/immigrate/skilled/assess/index.asp)

What I want to know is where I can find good information that is not that hard to understand legal-type, and if my ambitions are worth perusing.

I'm sorry if this is not the right place to ask this question.  If it is not, and you care to point me in the right direction, please do so.  Thank you for your time."
nike,Canada,Wikipedia edits traced to Defence computers in Ottawa 
nike,Canada,"He hasn’t yet been officially sworn in, but David Johnston’s appointment as Canada’s next governor-general is already raising eyebrows in the Quebec press.  "
nike,Canada,"Does anyone think the job market in Toronto isn’t as bad as it’s made out to be? Yesterday I went with my brother to apply to the CNE and this year had record breaking amount of people (50,000+) and as we all know, there aren’t 50,000 jobs at the cne or anywhere close to that. It was insanely packed when we were there but looking around, I didn’t see many people (less than 1%) wearing anything mildly appropriate for a job interview. People were sagging their pants, yelling, wearing backwards hats, wearing balaclavas/ski masks, Nike tech fleeces, flip flops, pyjama pants, and a lot of them stink of either cigarettes, food, weed, or just B.O one woman looked to be about 16 and had a stroller with a baby in it. This is all races, genders, and ages too. I don’t want people to think this is targeting a specific demographic. I thought my brother was underdressed and he was just wearing dress shoes, casual pants, a collard shirt, and a tie. I’m going in to first year of uni this year so I have no higher education and I have been able to get jobs every year for the past 4 years including this one with no connections and have probably applied to under 40 places total for all of them compared to some people talking about thousands of applications. I can’t speak on non minimum wage jobs but if you dress like you just got out of bed, sell drugs, or bring your fricken kid to a job interview what do you expect. If I was hiring at the CNE, I would’ve filtered everybody in to 2 lines, one with the couple hundred people wearing actual appropriate attire and the other 49,000 in the other line. 

TLDR: maybe the job market isn’t bad and people are just undeserving of jobs

Edit: maybe undeserving is harsh. Just not ready or seen as a viable, reasonable, and competitive candidate for a job and would consequently be not prioritized over those who are ready. "
nike,Canada,"Mystery coffee man Whoever you are, hope you read this. Morning started off fine, walked to get coffee. Ordered as usual, went to pay and my card was declined. It happens and with the way things have been lately, I wasn't completely surprised. 

Feeling like a fool, I go to leave and apologize for the trouble. Middle aged, taller man, green Nike shirt and you went into a blue minivan afterwards. You're an amazing person. You handed me a coffee and a donut. This small gesture changed my whole outlook on the day.

Don't have a lot and lately I've been thinking of giving up, you really helped put a smile on my face and also made me think about how there are some really kind people in this city, not always so bad and to not give up. Thank you mystery coffee man. No idea how much this meant to me. 



PLEASE don't message me with offers of money for sex. Things are tough but I'm not willing to do that. "
nike,Canada,"Good Poutine spot near Nike Fairview Mall?  Any recommendations for some good Poutine places near the Nike Fairview Mall? 

Yes I have seen the multiple threads for the best Poutine in this great city, but I don’t anticipate I’ll be able to go to the city center where the best paces seem to be and since I’ll be with my In-laws family, they live close to this mall. 

Just trying to get some good old poutine it’s been over 10 years since I had this amazing meal so any advice is appreciated. 

"
nike,Canada,"Nike outlet products Hi, any idea about a Nike outlet location in Toronto. 👀 thanks"
nike,Canada,Has anyone seen Black Friday deals for Nike AF1s? Or a keyboard similar to the Microsoft Sculpt? 
nike,Canada,Where can I get cheap Nike clothes? Is Dixie outlet mall the spot? Any other suggestions?  I'm particularly looking for shirts
nike,Canada,"Hi Sneaker People, where to find Nike Dunk Sky High Wedge Sneakers in Toronto? Hi resourceful minds of AskTO! I'm interested in a pair of heeled sneakers from Nike (Yes, how very early 2000s of me!). 

I think the Nike Dunk Sky High / Hi wedge sneakers appear to be their only heeled shoe, but I'm not sure if it's an annual staple or if it's even rare. Is this style easy to find if I take a trip to Foot Locker? The standalone Nike stores seem catered to functional athletes stuff! If there are any boutique stores that you've seen this version of shoe in, please share!

Any insight or tips appreciated."
nike,Canada,"Stores with shoes for people with flat feet/wide options? Hi Guys,

I have incredibly flat feet. I've been to a bunch of stores around Eaton (both Footlockers, Nike, Hoka, etc.) and haven't found comfortable shoes that I can wear. The issue is that the arch part if it lands somewhere towards the middle of my foot and it feels like I'm being poked. Nike pegasus 41 was great on that count but my feet started hurting after 5 minutes - the mid soles - not sure what was happening there.

I think the solution is to get wider shoes, but none of them seem to be carrying it (except Hoka - they just had one piece). Any store where I could find wide shoes/something that'll work for flat feet? Where do fellow flat foot-ers shop?"
nike,Canada,What are the best shoes in Toronto that I can buy that might help in stand all day? I’m open to both budget-friendly and slightly premium options.
nike,Canada,"Anyone know what's going on with nike 4/20? Hello! Apparently at 548 Richmond St. W. Nike is doing a 4/20 event (with Bill Nye of all people) and selling exclusive shoes at that location (running till the 30th) where you have to say ""pre sent me"" to get into the place (first person to sign with Nike, it's supposed to be like a shoe dispensary). Anyone know what times it's open, and If they have any affordable runners? (Need a new pair, never owned Nikes, thinking around 100$ or less) "
nike,Canada,"Nike Pop-Up at Sherway Gardens Mall yesterday? I was driving through and saw people lining up at a Nike pop-up trailer type thing in the parking lot.  I googled but couldn't find any info.  Does anyone know what was going on there?

Thanks!"
nike,Canada,"Big footed ladies! Hi Ladies,

I’d like to ask which stores stock shoes above size 10? I received a shock from Nike when they said there’s none available in Canada and I have to order from the US directly 🙄. Anyone with secrets to help this poor soul.  "
nike,Canada,"Suggestions where to get shoe soles redone downtown? My pair of Nike shoes, after 6ish months, are starting to get worn in at the bottom.

Example here: https://imgur.com/a/9SpjylR

Any recommendations as to where to go to get them redone? I’d rather not purchase a new pair of shoes since these ones are otherwise perfectly fine.

Thanks! "
nike,Canada,"Hello to people who work in kitchens and restaurants and people of Toronto! Help me out with affordable and comfy footwear. Hello! I (M24) work in a restaurant as a kitchen help and dishwasher. I work really long shifts (sometimes 10+ hours) and standing in my basic sketchers hurt my feet really bad. Also, I have wide feet so the conventional narrow sneakers mush my fingers together and my pinky toes hurt a lot. 

So I am turning to y’all for help with two things.

1. Where can I buy some good, comfy and  affordable kitchen shoes in which I can stand for long hours? I’m looking for something that’s wide and roomy so that none of my toes are smushed. There’s a Nella nearby my house which has some kitchen clogs but idk if they’re good. 

2. I’m also looking for some general use sneakers or walking shoes. I have the Nikes, converse and etc but they’re terrible to my feet since they’re so narrow and smush my toes. So I’m looking for something that’s comfortable, good for walking and running or just standing for long hours and affordable. 

Idk if it’s an appropriate request to be posted here but I’m just desperate for some good shoes. 

Thanks in advance!

"
nike,Canada,"Where can I get cheap basketball shoes in the GTA? I don't want to spend like $100 on basketball shoes.

I just want cheap basketball shoes that I can use in an indoor basketball court.

Do y'all recommend any particular store or mall to go to? Or perhaps some online store that'd have cheap deals?"
nike,Canada,"MLB jerseys? Hi all

Does anyone know a place that sells jerseys other than blue jays? I’m going to the giants game on Saturday and hoping to find a San Francisco jersey before then"
nike,Canada,"Prices at Niagara Outlets Hello, possibly a niche question but I'm looking to get a sense of the prices at the Niagara Outlets - so for Nike sneakers, Lacoste polos, roots hoodies - that sort of thing, but anything really just to get a sense of the discounts... Any intel much appreciated! (Am coming over next month and will be shopping in TO but then going to the outlets - just to get a sense of what I should wait for at the outlets). 

Thanks all! "
nike,Canada,"Elbows Up T-shirt Looking for a locally owned retail spot to find an Elbows Up T-shirt or get one made that's of decently high quality.

Preferably in the West part of the city "
nike,Canada,"Best store/outlet for decent but inexpensive shoes right now. As per the title, both my son and I need some new shows and money sucks. We’re looking for runners and/or casual street wear, not dress shoes or leather. 

I don’t care one lick for brands or fancy shit. Just decent and okay looking with a good price tag. I don’t mind driving a bit to get to a good outlet if it’s worth it. 

What say you thrifty shoe shoppers of TO?"
nike,Canada,"Toronto’s most comfy shoes? Suggestions please. Overworked feets! Howdy folks,

I’m a street photographer, and I am three months into a job (photography-related) that requires me to be on my feet (and moving quickly) for 7.5 hours a day. So, between work, and walking around with my camera, I am up to 10.5-11 hours on my feet each day!

As such, my feet are basically doing the foot equivalent of crying out for relief, my shoes are shot, and I am in desperate need of comfy shoes!

Please, if anyone knows of shoes that saved their feet from overuse, please let me know; additionally, please throw shoe recommendations my way, and/or excellent places to find such shoes.

My budget is $200-300, I guess. Though, if they are miracle shoes, I’m sure I can spend a bit more.

Probably interested in buying one set for work, and then another set for running + being outside. Yes, I also like to go on long vigoruous runs around the city, and I miss those dearly, as my feet are currently cooked.

**TL;DR - On my feet for 7.5-11 hours a day. Feet hurt. Please, send me your comfy shoe / shoe shop recommendations! **

Thanks, thanks!

Addendum: I’m a man, size 12.5-13 foot, if that matters. Technically, I used to be 11.5 shoe size, but after I started running, my feet seemed to increase in size. 🤔 

p.s. will trade shoe knowledge for free portraits and photo shoots

p.s.s. looking to make art 📷 with folks, irrespective 🖼 

p.s.s.s. thanks so much!

edit: My gosh, so much wonderful information and insights! Thanks, everyone; I'll be going through this, looking closely at my options!"
nike,Canada,Where to buy air jordan on sell? Title
nike,Canada,"Shoes that last? Any recommendations for casual daily use shoe brands that are durable and comfy? 
I walk a lot and I notice that the heel area of my shoes are completely worn off by the time I have to buy another pair in about 3-4 months.

EDIT - Thank you all SOOO much for the recommendations! I appreciate your time and words and cool ideas :)"
nike,Canada,Does anyone know where I can sell a pair of sneakers? Hey guys I'm going to Toronto this weekend and I would like to see if I can sell a pair of Nike SB sneakers I have. Never used and they're the collectors style. Does anyone know about a good reliable place I could sell them? Like a collector shop.
nike,Canada,"Heat Press for Soccer Jersey Bought a name and number set that I want pressed on a jersey, where in the city can I get it done? (Downtown preferred but anywhere in the GTA also works). Any recommendations are appreciated!"
nike,Canada,"Fitted: On-demand delivery of clothing + apparel here in Toronto - Interested? Hey everyone! Excuse the fresh acc. We wanted to create an official reddit to discuss our start-up.

Do you like to online shop? Do you hate waiting for delivery?

We are currently gathering research for a start-up called Fitted. Fitted aims to bring a service to Toronto that functions sort of like a Postmates but would focus on the on-demand delivery of clothing and apparel items that one would find locally at retail locations here in Toronto. Think local stores like Zara, Blackmarket, Call it Spring, Nike, and even mom/pop retail locations that would like to reach more Torontonians.

The great thing about Fitted is that it connects you directly to LOCAL retail locations here in Toronto and delivers within a few hours. The service will use GPS to determine what locations are available to order from based on proximity. The cool thing about this is that if you find that you do not like a certain item, or it is ill-fitted, you'll be able to go back to that store at any time to return or exchange since the location will be in close range.

Would this be a service Torontonians would find convenient to have in the city?

Feel free to ask questions and/or general comments about the idea and what you think about it."
nike,Canada,"Where to find a Portugal AWAY Euro 2024 jersey (Women's)? Title.

Unfortunately I waited too long, and its sold out online at Nike's site (and they dont carry it instore). SportCheck and Sporting Life are drawing blanks as well.

Hoping someone can give me a lead to a shop that has it in a women's large in the GTA? For the visual, its the blue/white jersey, not the standard home (red) one."
nike,Canada,"Where can I buy good sweatpants? Looking for a store in the gta that sells all colors of sweatpants like full red, full orange, full yellow.
I know nike sells nice ones but the colors are a bit limited and also very overpriced.

There's a store called ""t-shirt time"" that sells all colors of shirts and crew necks, looking for a similar store but the pants version."
nike,Canada,"England 24/25 men’s jersey for Father’s Day Help! Where can I get an England jersey at short notice in Toronto? I’ve tried the Nike store (jerseys are only online), SportChek (none available at stores near me, downtown). Have to get it before England’s first game of the Euros on Sunday. Thanks"
nike,Canada,"Where to buy Jordans? Hi! I’m new here in Canada, just wanna ask where can I buy Jordan shoes? Or any good shoes? I usually don’t go out so.. links or websites would be very helpful."
nike,Canada,"Gym rats of TO - What shoes do you use for workouts? Need recommendations on one shoe that I can use for all forms of workouts (running, resistance training)

I’ve used Skechers gowalk and Asics for a while and while Skechers provide the ultimate comfort to heel and plantar, I need a better pair that can be versatile with running and lifting weights.

Tried Nike’s Airmax 720 while squats and deadlifts and I felt its sole isn’t as comfortable as Skechers.

Any suggestions on deals that are available online to buy them at a lower cost than the retail?"
nike,Canada,"Lifestyle shoe stores in Toronto Shoe stores (other than Little Burgundy and foot locker) in Toronto that sell NB, ASICS, vans, Reebok, and other lifestyle sneakers? 
Preferably stores with helpful and friendly staff and not ones that are intimidating to go into! (I’m new to the “life style sneaker” world and get easily overwhelmed with all the different options)
"
nike,Canada,"Where to get Basketball Shoes? Size 15M I used to purchase them off footlocker or nike, but the selection is now zero to none.   


Anyone know somewhere I can get size 15 men basketball shoes? Ideally with a good return policy and the fit can sometimes be off.   


Thanks"
nike,Canada,Anywhere in the city to buy those amazing beef/pork dry sausages you can get from the local mennonites in the St. Jacob’s area? The casing is cotton and they smell incredible. I need to buy some but can’t get out to Mennonite country. 
nike,Canada,"Online Retailers with Free and Easy Returns Hoping to get a list of online shops, especially lesser known places that offer free returns and free return labels/in-store returns (or very affordable).

List of the ones I know of already (last time I checked): 

Amazon,
Adidas,
Nike,
Timberland,
American Eagle,
Zara,
Walmart,
Staples,
Hollister,
Abercrombie,
Wayfair,
Homedepot,
Shein,
Aldo,
Spring shoes"
nike,Canada,"Marshalls - Apple watch band ? I recently started swimming and weightlifting at the gym. I'm on the lookout for affordable watch bands to freshen up my collection. The Amazon options have been hit or miss. Could you recommend specific Marshall stores in Toronto where I might find 45mm Apple watch bands at a lower price? I'm particularly interested in locating some discontinued Nike sport bands that Apple no longer sells, but any Apple bands would be appreciated.

I regularly haunt Marshalls/Winners at Yonge & Sheppard & Fairview mall. But wasn't able to find any. 

Thanks in advance."
nike,Canada,"Recommendations for walking shoes Walking shoes that go well with business casuals. Need something to walk to work. Not a fan of wearing sports shoes or sneakers with business casuals.

Thanks in advance!"
nike,Canada,"What are some genuinely good thrift stores that don't price gouge? I'm absolutely sick of VV and certain salvation armies at this point. anyone know any thrift stores that are actually thrift stores? Thanks.

Not trying to pay $18.99 for a beat up nike sweater."
nike,Canada,"Visiting Toronto in FEB Hello, so I’m going to be visiting Toronto first week of February (first time visiting Canada). 
I do know it’s extremely cold but what are things, activities I can or places I can visit? I’ll be there for about a week"
nike,Canada,"Where can I find marathon partner/groups? Hi! I’m new to Toronto (moved in February).
I’m a female runner and I am planning to run 21K in the Toronto marathon in May.

Before coming to Canada, I used to run by myself but I would like to join a group or make my running mate. I am not sure if there is any group or app. 

If any of you know, can you tell me where to find a running group or running mate? :)

I’ve been running in marathons for more than 10 years but it’s a first time running a marathon after covid. My body is more used to run on treadmill these days.

I’m not very interested in running fast, but I love running for a long time at a steady speed.

If you know any information on where to find a running group/mate, please share with me. Thanks!!"
nike,Canada,"Summer Shoes 😎 To all the sneaker heads in Toronto, where is the best place to get some sick shoes for myself. I’ve been recently trying to get into shoes and I want some heaters for this summer to look fresh in the bars or clubs."
nike,Canada,"Where to find vintage crop tops?/ good Asian café recommendations Looking to buy some vintage cropped tops, preferably men’s. I want the 80’s Nike types but haven’t had a ton of luck. Also need some recommendations for maybe a Japanese/Thai/Korean/Filipino cafe."
nike,Canada,"Ashbridges / beaches lost and found? Lost keys! Title says it all. Does the city or the beaches have a lost and found? 
Lost my keys Saturday. Blue Nike lanyard with a Honda key. 
I was near the big outdoor high dive swimming pool by woodbine. 

Any help I’d appreciated : )"
nike,Canada,Anyone know any underprivileged kids who need a pair of basketball shoes? I have a pair of ball shoes that don't fit me well and cant be returned. Used less than a handful of times. They are Nike Zoom Size 9. Does anyone know anyone in a tough situation that's serious about ball and need a shoe upgrade?
nike,Canada,"Runners of Toronto: where do you, uhm, run? What are some of your go-to places to run or jog in this city? Any favourite loops or out-and-backs? Places worth travelling to?

 I mostly stick to the east end because it's where I live, but a few of mine:  


* Woodbine Beach, from Coxwell to end of boardwalk and back (5k) - love it along here during any time of the year. Will alternate between the rec path and the boardwalk depending on how busy it gets.
* Leslie Spit, front gate to lighthouse and back (10k) - it got more crowded than usual at times this past past summer, but for the most part the Spit is one of the most peaceful places to run. If you chain this run together with Woodbine Beach it's also a good way to get an uninterrupted half marathon route without any delays from traffic lights and whatnot.
* Lakeshore East and up Lower Don River Trail, East along Taylor Creek trail, up to Main St, south to Kingston Rd, etc, etc.  (15k+) - I'll do this longer loop when I want something that isn't as flat as the other two routes. Some beautiful vistas along here, especially where the Prince Edward Viaduct and Millwood cross over. I always feel like I'm in a Nike commercial.

  
Martin Goodman Trail along Queen's Quay out towards Humber Bay is nice as well, but honestly it just gets too crowded for my liking/safety. The GPS on my watch always goes really wonky around Cherry Beach so there's that too. I need clean data or else it feels my entire run is ruined!"
nike,Canada,Kids shoes on sale? Anywhere I can find any deals on kids running shoes right now (size 6 to 1) ?  It seems like inflation or the supply chain has caused an increase in how much kids shoes are selling for now.  Dixie mall Nike outlet used to be my go to but their prices now are ridiculous. Any spots have any deals right now?
nike,Canada,Running club on king west I see a running club usually on weeknights which ends on king and Portland st. I’m wondering which running club is this ?
nike,Canada,"Where to buy big clothes in Toronto? Hi guys,

Does anyone have any suggestions?
I'm mainly looking for gym clothes: hoodies, t-shirts and shorts.
What I really need for hoodies and tshirts is that they're long and baggy: the brands on Amazon I've found that sell 3xl and above are all too short (I.e. 1/3 of my torso gets exposed if I fully raise my arms) and usually not loose enough around the belly area lol.
Thanks ;)
I've tried new balance and footlocker a while back but I didn't find anything big (<=xl)"
nike,Canada,Where can I buy good quality and authentic soccer jerseys ? 
nike,Canada,"Couch, clothes, shoes, and other miscellaneous items for free My roommate is moving out and is giving away a lot of free stuff. There's a couch in not-so-great-condition, there are clothes (jackets, jeans, t-shirts), boots and sneakers (Nike and timberland size 9s), hangers, laundry baskets, mattress pads, bed frames, etc

All of the stuff are barely used (except for the couch), and are ready for pickup. Also they  are absolutely free. Interested people can message me for the address to pick it up


Location: near York University

Edit: everything has been taken"
nike,Canada,"Looking to support local sneaker store Hello Torontonians,

Moved here back in FEB (corktown), just in time for COVID.  
Looking to get a gift of sneakers (likely Nike Air Force 1s or Air Maxs) and I wanted to check-out/buy at a local store rather than just head to a foot locker.

Any suggestions or recommendations? Hoping they do a last-min curb-side pickup either today/tomorrow."
nike,Canada,is there any group/app i can find a walking group/buddy in the area I live in? 
nike,Canada,Last minute places to work away from home on the weekend? Not sure if this is a good place to ask or post this but I currently live at home with family and looking to move out. However in the mean time is there a place I can rent last minute on the weekends or something to be able to work? I mention last minute because I don’t think I can plan ahead that far. It would be a last minute I want to get out of the house sort of thing.  I guess kind of like Wework but nothing collaborative and has peripherals already there or at least a monitor. My works office is t open on the weekends.
nike,Canada,Where to buy weightlifting shoes in TO? Is there a physical store that sells weightlifting shoes in the city?  I just want to try them on irl.  I currently lift in converses and am interested in seeing how lifting shoes feel. I have wide feet and don't want to buy online without trying them on first. TIA!
nike,Canada,"Any good Thrift Stores in the city or GTA for Big and Tall men? Hey guys hope you all are doing great. I've been searching for a Polo Shirt (Lacoste/Ralph Lauren or any other) or a Flannel shirt, a Denim Jacket or any Windbreaker jacket at thrift stores like the Value Village near Lansdowne Station/Titan Rd Etobicoke/Woodbine Station/Scarborough and have also searched National Thrift stores across the city but had no luck in finding anything my size. 

Being just under 2 Metres tall and over 300lbs, a 3XL/Triple XL shirt fits me very well but I can't seem to find anything my size. Before the pandemic, I used to go to a Vintage Depot near Lansdowne Station where I used to buy all my clothes from there, I don't see them there any more :( .
Anybody know of any good thrift stores for Big and Tall men where I can buy clothes like a Lacoste Polo Shirt, regular Flannel shirt, denim jacket, windbreaker jacket preferably Nike and other clothes my size of 3XL? I cant afford to buy new so I always buy clothes from thrift stores and they're environmentally friendly too. 

Thanks and I appreciate any recommendations you have."
nike,Canada,Looking for size 14/15 mens sneaker I cant find any store that has a good selection of mens shoe that go up too size 14/15. I like high tops. Even amazon doesnt carry those sizes (atleast not many options) and id like to try em on.
nike,Canada,"What are some shoes that offer great comfort and support for standing and walking all day? Looking to help someone out that works in the health care field. 8-12 hour shifts, mostly standing.

Currently looking at Ultraboost 19/20 and Hoka Bondi/Clifton.

Any recommendations?"
nike,Canada,"Any shops that sell Air Max 95s? Just looking for a store that has a decent selection of colours for Air Max 95s

Thanks!"
nike,Canada,"Running Room alternatives I’ve been promising myself a new pair of running shoes as soon as the stores opened up again, but Running Room doesn’t seem to be open still at any of their DT locations. Does anyone have recommendations for another running store downtown?

I know Sportchek and the like are open or I could order online, but I’m looking for a more specialized store where I can go in and try on a few pairs and they can advise me on the right type of shoe. 

Would love some recommendations if anyone has had a good experience anywhere else. Thanks in advance!"
nike,Canada,"Anyone have any boots from Canada West? question regarding sizing Hi, I'm ordering these

https://www.gravitypope.com/collections/men/products/canada-west-boots-2817

On this 3rd party retailer website im ordering from it says the boot is True to Size and to order my regular size (size 9 in Nike sneakers)

I read online reviews and some mentioned to size a size down as the regular size it too large.


The official Canada West website doesn't state anything.

I'm wondering if Canada West changed their boots and made them True to Size now and perhaps the online reviews I read are outdated?

I also don't remember reading a review about this specific boot.

Anyways, anyone got an idea of what size I should get?"
nike,Canada,"Best Thriftshops In or by the city? preferably close to the subway lines, good selection in terms of vintage sports/ name brand apparel. (Nike, Fila, Tommy Hilfiger) Etc...

please only asking for comments with suggestions "
nike,Canada,Where to find women's weightlifting/squat shoes? Looking specifically for shoes like Nike Romaleos or Adidas Adipower (also open to other brands) to try on in person. Been to Sportchek/Adidas and Nike. Not crazy about buying online as I'd like somewhere I can compare them in person. Anyone know of a place?
nike,Canada,"Best place near Yonge/Bloor to buy Chuck Taylors? *(Hoping this is the right sub)*

I recently started the Stronglifts 5x5 program, which is basically alternating days of Squat / Bench Press / Barbell Row and Squat / Overhead Press / Deadlift with increasing weights.

Apparently, [Chuck Taylors like these](https://static01.nyt.com/images/2014/10/15/business/15trademark-pic1/15trademark-pic1-master1050.jpg) are considered great shoes for these workouts, and I'm interested in picking up a pair myself. I guess I'm new to the area and haven't bought non-Nike shoes in a few years, so any recommendations on where to go? How much do they usually cost?

Thanks!"
nike,Canada,"Jacket/sweater embroidery for ICU team Hi! I’m an ICU nurse fighting on the frontlines of the COVID pandemic in Toronto with a very special group of nurses/physicians/PSWs/etc. It has been an incredibly stressful and team splitting experience and staff morale is way down. Prior to all of this, I’d been trying to organize a customized/ embroidered zip-up sweater/jacket order for the team. With public health measures and closure of most non-essential services, this came to a screeching halt. I’m looking to see if anyone knows of any small businesses or people still doing custom embroidery in the Toronto area? Silly as it may seem to people, I genuinely think my team would appreciate this gesture!

FYI- I’ve been in contact with lululemon Nike and adidas and none of those brands have offered any help."
nike,Canada,Good place to buy trainers I would like to buy new training shoes.  I prefer Nike or Reebok.  Any place where I can find a more affordable option in downtown Toronto?  
nike,Canada,Biggest selection of EPL soccer jerseys DT? Looking to pick up a Spurs shirt/jersey DT without having to drive to some soccer warehouse in the outer GTA ... Anyone know if SportChek Eaton Centre have a good selection of the 2017-18 Nike kits? Thanks! 
nike,Canada,"Where to sell rare unused sneakers without getting ripped off? Have a pair of unworn women's Nikes in a box and worn twice Vans, both limited edition, in-demand styles. I don't want to sell them Kijiji and end up getting robbed. Is there a Flight Club-style shop in TO that would buy them off me? If you've used them, what percentage can I expect to take? Thanks!"
nike,Canada,"Knowledgable running store Used to be a big runner but with plantar fasciitis making an appearance in January that's really been cut back. Went to a physio and had custom orthotics made which has helped. However, I've run in Nike Frees for the last 7+ years - never had an issue until this year. I'm looking for a running store in Toronto with knowledgable staff to help me out with finding a new shoe to get me back running pain free. I know where the running stores are, but hoping someone has had success at a particular location that I could check out.

P.S. I went to the Running Room on Yonge/Wellington - not a great help. "
nike,Canada,"Other than Eaton Centre and the Bay, which other shops in toronto sells footwear at a much deeper discount than those 2? I'm referring to brand name footwear (Nike, Adidas, New Balance, etc...)"
nike,Canada,"Any good tailors? Hey guys, My Nike elite bag's zipper recently tore off from the cloth and I've visited many of my local tailors but they all responded by them not being able to repair this bag. Do you guys have any recommendations on any tailor places that can repair my bag in the GTA?"
nike,Canada,"Best online & in-person sport stores? Hey all, need some sport gear for soccer, basketball, working out.

I know of cheksports, footlocker, nike, fanatics, champs sports

But are there any other good sites & stores I should check out?"
nike,Canada,"Is there a good place to recycle old shoes? So I'm looking for a place where I can properly recycle old shoes. Most of these shoes are beyond the state where donating is an option, I just figured I'd ask if there was somewhere better than just throwing them in the garbage."
nike,Canada,"Line for the Nike store Boxing Day “sale” at Tsawwassen Mills Talked to people who have been lined up since before 8am
"
nike,Canada,"Dad with the grey Nike hoodie today at Science World Today was my husband and 4 year old daughter’s first time in Science World. My daughter being completely enamored with this big place, was running to one of the water exhibits when she accidentally bumped you. I said sorry on her behalf. (My daughter was diagnosed with ASD and she is still learning about being social and has only been verbal for a year, but that’s beside the point, this a kid’s place. Sometimes you will get bumped by them). You proceeded to scoff and tell your wife how my daughter has the worst kind of parents. Your wife hurriedly took you a few meters away but seconds later you stared down at my daughter as if she committed bloody murder. I was so shocked, I couldn’t say anything. I told my husband about this who was looking at another installation, I could tell he got upset. I contemplated on saying something but you were with your daughters and wife (also because you’re twice as big as my husband). I didn’t want to ruin their day as you have ruined ours. This is why parents with autistic kids have so much anxiety going out, it’s because of assholes like you. 

Edit: edited expect to be bumped to sometimes you will be bumped (wrong usage sorry. English is not my first language). 


Edit 2: Thank you for all your kind comments. I’m not looking for sympathy from anyone but rather empathy for kids with ASD. We can’t put a tag on them when they’re out and about and we can’t always use this as an excuse, but rather, I wish people would have more awareness that they are around us. They lack the social cues and awareness but they are being taught all these things- slowly and carefully so that they will fully understand. This will take time. And to the dad with the grey hoodie, maybe you were having a bad day, maybe you have sensory issues with touching, I don’t know what it is but I apologize if you had to know here. I apologize again if my daughter bumped into you but approaching you while you were clearly agitated was not the best thing to do, for your family, for mine and everyone else in the place. It’s a place for the kids after all- for them to have fun and learn. Thank you again for all your wonderful comments. "
nike,Canada,"Anybody near a Nike store?? Long shot here. My kid lined up for a pair of Nike high top taxis at the Nike store in Richmond center and missed them by 2 people. He is devastated. If anyone is near or lined up at the Nike and can get me a pair men’s size 12,  I will pay retail plus $50 for your time. Pick up anywhere in the lower mainland. I know this is a crazy long shot but my kid has been saving for these since they were announced. Black and yellow have been his fav Color since he was a baby (bumble bee is his fav transformer). Thanks."
nike,Canada,"Places to get cool/fun trainers; Salomon, New Bala nce/Nike etc Hi all, as the title says. Started off intially after some Salomon XT-6s, which then morphed into the aim of treating myself to a few different pairs of things, but I quickly realised I don't actually know where the cool shoe shops are. I know you can buy online but I work much better seeing things in person, I also don't know my precise size in these brands. Where do all you cool kids get their trainers from?"
nike,Canada,"Stolen black Nikes bag from Starbucks Quebec & 2nd Posting because a friend had her bag stolen while at Starbucks on 2nd Ave and Quebec in Vancouver near Olympic Village around 5pm.

Lost ID, credit card, work laptop, and couple car keys. 

Hoping to get car keys and ID back because they are worthless to sell. 


If any leads please DM!"
nike,Canada,"Lost Nike cap - $100 reward Long shot, but I lost my beloved 18 year-old Nike cap, most likely on Friday, Jul 7. Pic attached, colour is cream/tan and has a small metal Nike logo. I probably left it on the Evo on the way from Wreck. Reported it as lost over the Evo app.

It has a large sentimental value so I'm offering $100 as a reward.

https://preview.redd.it/l7htknwvt2bb1.png?width=749&format=png&auto=webp&s=30a18b9a538a8aa22b022578d8b4c20610e49615"
nike,Canada,WTF? Another Human foot found inside a Nike shoe on West Vancouver shoreline! 
nike,Canada,Vancouver/East Van plays generic urban Canada for Nike advert 
nike,Canada,Nike releases special Vancouver-themed Air Max 
nike,Canada,There's a place in Kits that sells sports shoes for relatively cheaper than sportchek and nike. Does anyone know the stores name? [SOLVED]
nike,Canada,"Anyone been to the Nike Underground? A few friends and I are flying in for the WWC Final, and we have heard about this Nike underground thing happening in Vancouver.

The website seems slightly vague but has anyone been and can offer their opinion on it? Thanks!

"
nike,Canada,"Where To Buy Nike Tech Fleece In Vancouver? Does anybody know if there are tech fleece zip ups at the nike outlet in richmond? If so how much? If not, are there any places that have it for cheap? Thanks!"
nike,Canada,"Banksyland PSA The event has nothing to do with the actual Banksy. Some rich people  have bought a few of his pieces and made crappy animations by stealing  some of his work. The event was put on by Lumio productions who's CEO  Kelly Dachtler has formerly worked for Porsche, Samsung, Verizon, GM,  Nike and Target. It's a massive cash grab, stay the fuck away."
nike,Canada,2010 Olx final hockey game Remember when we were friends? The 2010 winter Olympics in Vancouver after the final hockey game when everyone poured out onto the streets. 
nike,Canada,Opinion: Burnaby’s Metrotown is a crime-ridden mess. I got spit on and so I’m leaving 
nike,Canada,Eastside 10K this morning 
nike,Canada,"Victoria motel sheltering homeless during COVID-19 suffers thefts, staff abuse "
nike,Canada,3 unprepared hikers rescued in the dark from snowy North Shore mountain 
nike,Canada,Took these in Chinatown Vancouver... 
nike,Canada,"What are your favourite local businesses and services in Vancouver? One of my New Years resolutions for 2016 is to make more of an effort to **buy local** from businesses that operate solely in Vancouver.  

When I look at the state of our economy and the movement of money around the world, it is obvious that keeping money locally is the best way to build a stronger region. Yes, buying a coffee from Starbucks may be a bit cheaper than from a locally-owned business, but with all corporations and large chains (MacDonald's, Timmy's, Amazon, Walmart, Uber (When it comes here), Nike, Coach, Pizza Hut, etc) a certain % of every transaction immediately leaves Vancouver and goes to a different country.  

Ultimately, I think that by only buying what is ""cheapest"", we are doing ourselves, and our society, a disservice in the long run when it comes to the health of our local economy. With all that being said, what are your favourite local businesses and services that will keep the money in Vancouver? :)
"
nike,Canada,"Affordable Windbreakers for running Hello Guys,

I wanted to get serious on my walking/running and looking for some gears that will be suitable for RAINcouver.

Jackets
Pants 
And shoes recommendations are highly appreciated.

I come from a tropical country and slightly adapting to the weather here.

Ive looked up to some brands Nike,adidas, Asics and amazon, and just wanted to have a recommendation that proven to provide comfty and minimize the cold."
nike,Canada,Transit police receive dozens of tips on suspects in 'disgusting' assault on Surrey bus. Suspects identified. 
nike,Canada,The Parting of the Tree 
nike,Canada,"Non-permitted work on house My family and I recently moved into an older home in Vancouver. We’d like to do some renos on the house (reno-ing our mudroom to add a washer/ dryer and adding a back patio off it as well). 

Some parts of our house are not built to code; will this affect whether we can get a permit for the mudroom/ patio? Or are we better off to try our luck and do the work without a permit? 

Weighing out our options here and would appreciate any feedback. Thanks!"
nike,Canada,"I need an advise on winter gear I'm a male in his 20s and mainly commute to my university (SFU- burnaby mountain if it is relevant to the question), not planning to go hiking anytime soon and sometime go for around 4 km jog but mainly walking. I currently have.  
\+ Base layer: mainly uniqlo heattech (the basic one)  
\+ Uniqlo ultra light down jacket  
\+ A pretty decent quality umbrella - which I will guaranteed carry it everywhere with me if it is rains  
\+ A Nike trail runner Kiger 9 - is it enough for waterproof / resistance shoes ?  
\+ A columbia vertex jacket  but without the fleece jacket inside 

Planning to buy:  
\+ Merino socks from walmart ? or your suggestion ?  
\+ 1 or 2 thermal underwear from your suggestion ?  
\+ Any suggestion"
nike,Canada,In cold rainy weather what are your preferred shoes? Rain boots or sneakers with traction? Would love recommendations.
nike,Canada,The Trash Pandas are restless... 
nike,Canada,"Where can I buy soccer shoes(cleats) and socks(knee high) for a 4 year old? Here I am in Metrotown mall. I’ve been to Sport Chek, Champs, Kids Foot Locker, Nike, Old Navy, Walmart, etc. Only Sport Chek and Walmart carry the shoes but not in his size. The socks I can’t find anywhere. Very bizarre to me I can’t seem to find these things in any basic sports store. 

Can anyone recommend a store I can find these items in the Vancouver/Burnaby area?"
nike,Canada,"Flea market question! Is the one on Terminal Ave cash only? I know they have a cash only entry fees or at least that was the case 2 years ago (was my first visit and never really bought anything).

Also are there any that are worth checking out for old electronics?"
nike,Canada,"Hey do you work at YVR or know someone who does? I lost a precious hoodie near C gates on April 4. Dark grey Nike XL zip up with black accents. Here is what makes it unique: embroidered with 1040 on the left chest and the 2nd 0 is a griffin. Great sentimental value - gift from a state championship. I’ll pay a **reward of $100** no questions asked. (Yes I filed a report and with Air Canada too - no luck)

EDIT: Update. I found out the name of the independent cleaning company for YVR - it’s Alpine. I’ve emailed their office and asked to let their staff know that I’m now offering a **$200 reward** for this hoodie. Still **no questions asked** so I really hope someone will contact me."
nike,Canada,"Coming to Vancouver for a month - do I need to pack a coat? Hey /r/vancouver \- I'm flying into your city / staying for a month or two to determine if I want to live here. One quick question - should I bring a spring coat, or will I be fine with something like this: 

[https://www.nike.com/ca/t/windrunner-running-jacket-Qg20NL/CZ9070-010](https://www.nike.com/ca/t/windrunner-running-jacket-Qg20NL/CZ9070-010)"
nike,Canada,"Any retail stores that sell weighted blankets? I am wanting to check and feel some out before I decide buying them. Which stores have them to try? Places like sports check etc only seem to have it online.

I suffer from anxiety and get jerks at night so I am hoping this will help me sleep better at night."
nike,Canada,"To the Eastside Thief... I am not sure what your purpose is in doing what you did. It seems senseless and strangely, pointedly, malicious. 
Last Thursday, my husband and I decided to go for a little walk around the neighborhood. He had the day off and I had come back from work. So why not try to relax and forget about the ever-looming presence of Covid-19 with a jaunt around the neighborhood. 
Everything was fine until my husband went to put on his sneakers. To our utter and complete confusion, my husband's orthotics had been taken out of his sneakers. 
At first, we thought he had somehow misplaced them. Then, we realized what kind of sick criminal activity had happened. 
Perhaps it was partly my husband's fault for leaving his sneakers outside. We had been bbqing the previous night and in his lightly liquored state he didn't think to put his shoes inside. 
But honestly, if you-whoever you are- was going to target us, wouldn't it have made more sense to take the $200 Nike's and not just the insoles?
To the person who did this- I will never stop being disturbed at your level of petty. I am not sure why you chose to take my husband's custom fit orthotics. It feels personal and yet we are pretty sure we don't have any enemies. None that would target my husband's feet of all things anyways. 
So, whoever you are, I hope you never receive whatever deranged pleasure you were trying to achieve with this act. 
For the rest of you, keep those orthotics close. Don't make our mistake."
nike,Canada,"Best store to get clothing for university My main to has always been just Nike, footlocker and stuff. Also Jack and Jone has been growing on me as of late. What’s a good spot for some university clothing. Is jacks and jack and jone solid? For men btw"
nike,Canada,"Could you use a sleeping bag and/or clothes? TLDR: Free clothes if you need them! I'm in South Van. Clothes are disorganized but clean. DM for address.

The

I was buying a piece of furniture at a huge film set prop auction a few days ago and I happened to notice there were racks and racks of clothing up for bid. I figured I'd be charitable and buy some to give away so I placed proxy bids, assuming I'd be outbid on most... Annnnd mostly I wasn't. So $400 later, I have over 1000 articles of clothing, 20+ pairs of boots, and 8 sleeping bags. Some new with tags, some not, much of it appears never to have been used at all, and all of it is clean.

I've already decided that the women's clothing and boots will be donated to WISH and Atira. The mens will, at least partly, go to First United in the DTES.

I thought I would post here first and offer some of it to anyone who needs it. I trust that nobody here who can afford to buy clothes is going to ""scam"" me out of some free stuff, so you don't have to explain why you need it to me. If you're asking, you can have it.

This is all from a TV series called Motherland which has a strong military theme. Therefore, the majority of the shirts are the basics: white, black, grey, crew and V neck, black and blue denim pants, and then some suits and dresses and an assortment of stuff. Brands include a lot I've never heard of and can't recall + Levi's, George, Under Armour, Diesel, TopShop, Nike, American Eagle, Old Navy, Calvin Klein, Gap, Heattech, and more.

Womens shirts: XXS, XS, S, M, L, XL
Womens pants: Sizes 2-14

Mens shirts: S, M, L, XL, 2XL, 3XL
Mens pants: 30x32, 32x32, 32x34, 34x32, 34x38, 38x32, 40x34

Some I have in abundance. Some I have very few of. I'm sorry, but I can't go through and tell you what colors of what sizes I have, etc. This is an overwhelming amount of disorganized clothing. I'm doing my best to separate mens and women's and even into sizes sort of... But if you're in need, I've probably got something for you. If you're a VERY unique size, DM me and I'll try my best to have a look for you.

I'm in South Van near Marine Gateway station. DM me for my address if you'd like to have a look. 
 
Also, if you have a vehicle and you'd be willing to run any amount of this down to WISH, Atira or First United for me, that would be amazing as I'm often working during donation drop-off  hours..."
nike,Canada,"Runners & Joggers Vancouver BC, CANADA Anyone using the adidas running app? 
Ive noticed there isn’t a community for Vancouver like other major cities. 

What’s your preferred app to track your runs? 

Where is your favorite track?"
nike,Canada,"Any good recommendations for good quality plain t shirts? I usually wear medium.

Looking for the following colors: Black, White, Grey, Cream, and some lighter colours."
nike,Canada,"Haven’t we already figured out how to prevent broken shop windows? Window bars or steel shutters! 

There has been a recent trend of alarmist media coverage regarding shops Downtown and in Yaletown having their windows smashed and merchandise stolen. Real-talk: haven’t other cities and other parts of this city already figured this out? I’m not sure if I’m missing something obvious, but it seems pretty simple (albeit costly) for commercial tenants to fortify their stores against smash and grabs.

Am I missing something?"
nike,Canada,"Short guys of Van - where do you shop for clothing? Im 5'4 and 130 pounds, and I feel like I cant find anywhere that is the perfect size, for anything.
H&M is either big or too tight,
Lululemon always requires me to roll up my sleeves/cuffs, hudson bay is always too big, Uniqlo is inconsistent in sizing,  levis are huge or too skinny. Nike is huge (even XS!!!) The list goes on.

Where do you short guys shop? I would like to avoid altering all my clothing.

Thanks in advance!"
nike,Canada,"Participants of the now cancelled Vancouver Marathon Hey runners of Vancouver, 

Hope everyone is doing well throughout this difficult time - real shame about the cancellation of the Marathon -of course, it's the right thing to do considering the current situation!  


I, like perhaps a few others out there, have been training for the race for a few months, even more so since the lock-down - running has been keeping me sane! I wanted to put my training to use and run 42 KM on May 3th as I had originally planned to do. I  thought that perhaps I could incorporate that pursuit with contributing to a worthy cause and have seen that the Aquarium is in a dire financial position. I don't know about you, but I love the aquarium and think of it  as a real center piece of Stanley Park and DT Vancouver. For me, its a really iconic Vancouver venue - I am originally from London, UK but have always been proud of the aquarium and the work they do whenever people have come to visit!  


I thought about perhaps putting together a completely unofficial, virtual, 'Save The Aquarium' Vancouver 2020 Marathon, and wandered whether people would be interested? What this would most likely involve is participants completing the distance 42 KM or 21 KM at some point throughout May - obviously, everyone would be doing this by themselves to reduce the risk of infecting others. Participants could track their run on Strava / NikeRun / MapMyRun etc. Hopefully, participants would be able to donate some sum of money to the aquarium and in return you will get a T-Shirt commemorating the event. 

  
At this point, this is entirely hypothetical - I have little experience organizing events / races and no affiliation with the aquarium, other than being a big fan of the otters! I just wanted to test the water and see if anyone would be interested? I thought about organizing the printing of T shirts myself, something I have a little bit of experience with.   


Any interested out there or ideas, concerns? I am aware that this is a difficult time financially and there are many competing worthwhile causes - as I said, just want to test the water and see what people think.  


Cheers,"
nike,Canada,"LOOKING OUT FOR THE CUTE GUY AT THE AIRPORT (PGA)!! hi there. this is my last chance to get to know somebody, I met at the Vancouver International Airport. it was the 22nd of July, like at the afternoon a 5pm. I'm looking out for someone, yes a guy, that was so cute. I was way (like very, very, very shy) to ask more about him, because I'm very afraid of rejections. I would love to go there and ask him again, if I had the chance, but my problem is.. I do NOT live in Canada. I live in Germany. (dun dun!) Well anyway, maybe someone knows him or maybe he is reading it himself. 

He had blue shirt on, brown eyes ( I guess), brown hair and a cute face, that I fell in love with. He was keep starring at me, while I was eating at Wendy's. Maybe it was the food, or maybe even me? He was working at the ""PGA TOUR SHOP ""(International departures, BEFORE SECURITY!) I wish I was brave enough to talk to him or even get you know better. I asked him only if the neck pillows you had in the store, were one size only, he said Yes. I probably guess he forget about me, but I had a black nike shirt, with the pink slogan on it. "
nike,Canada,Brandy Melville I walk by this store on Granville every day and almost always see a long line regardless of the time or day. What exactly do they sell that is worth waiting in line for?
nike,Canada,"Businesses need more COVID guidance from BC Health Authorities Dr. Henry et. al. are doing a great job so far, but businesses need more specific advice about social distancing. 

 things should be more strict, let’s level the playing field and order things to close full stop if that’s what it’s going to take. 

Nike did the right thing by closing but, for argument’s sake, Adidas doesn’t and then gets an advantage. 

Apple closes so Microsoft gets a boost?

Starbucks closes so Timmy’s capitalizes?

My office shut down because we couldn’t keep social distancing, but our competitors are staying open and posting party photos on Insta

Right now with this system we are punishing those that do the right thing by closing and rewarding those who are flouting the suggestions of health authorities and serving their customers.

Edit:  now Starbucks actually IS closing some stores."
nike,Canada,"Do you know of anywhere that takes gently used socks? I have a decently large bag of socks (some paired, some single), gently used, all washed & clean (no stains or holes). Is there anywhere I can donate them to? I feel like most charities or shelters only take new socks which I totally understand. (To be clear, they are all in good condition, some are patterned, some are thick/fluffy, some are athletic like nike/puma/RBX …. I am not just an asshole trying to unload unwearable shit so don’t come for me lol). It just seems like a waste to chuck them into the trash if someone out there would take them so wondering if anyone knows if there’s any options. Thanks!"
nike,Canada,"Shoes shopping/cheap shopping Where do you go for cheap shoes shopping? Also which brands are comfortable for running / hiking (female). I currently use sketchers and they are very comfortable but they’re generally ugly too 😞 or if I have to get sketchers, which outlet malls or shops should I be hitting?
While we are at it, what’s the best / reasonable priced place for active wears. 
Basically looking for cheap shopping hacks from those who have been living here for a while"
nike,Canada,Surrey RCMP seize doctored SKS rifle - Surrey Now-Leader 
nike,Canada,Suspect arrested in violent robbery of Vancouver cannabis dispensary 
nike,Canada,"Do you have space to air dry clothes in your condo I prefer air drying some of my clothes.  Especially those Nike Dri-Fit types. Rather than having it be heated in the dryer machine. 

If you have roommates or you have the apartment all to yourself.

Do you have enough room to hang & air dry your laundry.  You need something like a stand or can you hang it on your balcony"
nike,Canada,"Resources for budget clothing Hello!

I’m looking to buy new clothes (streetwear) and some trainers and sneakers. Where do i go? Im told online is easier. Could anyone please recommend me some sites? I’m in the ubc area for reference"
nike,Canada,Can't wait to shop? These are the downtown Vancouver stores reopening on Friday 
nike,Canada,"Shoes that look decent for workplace but are as comfortable as athletic shoes? Shoes. The bane of my existence. I've been searching in vain for a pair which feels like runners but looks somewhat (a tad bit?) professional, which I could wear to work. Maybe perhaps like [this?](http://www.carlsgolfland.com/media/catalog/product/cache/1/thumbnail/9df78eab33525d08d6e5fb8d27136e95/p/u/puma_ignite_golf_shoes_black.jpg). The *formal shoe* brands like Rockport, Ecco, SAS, Aldo and Hush Puppies do not even come close, in comfort, to something like [Asics Gel Kayano](https://doxz7msmg7sxx.cloudfront.net/media/catalog/product/cache/21/image/992x558/9df78eab33525d08d6e5fb8d27136e95/1/_/1_16142_1_1_1_1_1_1_1.jpg). 

Is my search futile? If you've found an amazing athletic shoe model that looks even semi-decent for work wear, I'll be glad to hear about it. Thank you."
nike,Canada,"Where in Vancouver do you buy quality running shoes? Hi everyone

Where in Vancouver do you guys go to get good quality running shoes? My price range is pretty flexible. 

I'm looking for a place with good selection and knowledgeable staff; if they do gait analysis that would be a bonus. I've been to the Running Room on Marine Drive, but I was not very impressed by the knowledge of the staff that were working; they were not able to offer much advice. 

I'm a pretty avid runner, and I've been getting more and more serious about it as time passes. I used to just do a few 5ks each week so I didn't care too much about my shoes, but as I'm now doing 10ks regularally I want to make sure I'm wearing the right footwear. 

Thanks in advance for the advice! "
nike,Canada,"Turf Cleats Found at Trillium Fields Pair of turf Nike Hyper Venoms found at Trillium Fields this afternoon. Likely left behind from Urban Rec league games yesterday.

If these belong to you, message me the color and shoe size for return."
nike,Canada,"Where do you cop your shoes Just visited vancouver and everyone seems to have some strong shoe game. Especially your nikes, just wondering where do you buy them cause I obviously can't find them. And thanks for being a great, clean city def better than dirty old la. I miss your air already :("
nike,Canada,"Vancouver Cobbler? Hi guys,

Looking for a spot where I can take sneakers for  maintenance and repair. Shoes like vans and nikes. I've used a couple spots on google maps. One I didn't care for the service and  the other was too was too expensive. 

Anyone got a spot they recommend, thanks!"
nike,Canada,Best place to buy used shoes? Looking for a Nike Air Max 720.
nike,Canada,"Tall women, where do you buy your shoes on a budget? Now that Payless is gone, I just realized I have no where to go with these damn size 10.5/11 feet if I want to buy some flats! Where do you go?"
nike,Canada,We're going to need a bigger tissue. 
nike,Canada,"LA Dodgers Jersey Does anyone know where to buy Authentic MLB Nike Dodger's Jerseys in the lower mainland? 

Tough to find a retail business selling jersey's that aren't hockey.  

Thanks."
nike,Canada,"Where to find big shoes in Vancouver Hey everyone,

Ive been living in Vancouver all my life and have always had a tough time finding shoes to fit me. I wear size 14 US, while most stores carry up to size 13 at limited selection. Going down to the US is always an option, but not always possible. Amazon and other online stores don't always have the best selection either, so I'm wondering if anyone has found any good stores in Vancouver that carry this size or larger? I know about Winners (also poor selection) and Mr. Big and Tall but if anyone else has suggestions, I'd love to hear them. Thanks!"
nike,Canada,"Sources for affordable plus-sized active wear? I'm trying to help my sister get in shape, but it doesn't help that she can't find any workout clothes that fit. Where (in town or online) can you find affordable XXL+ workout clothes for women? Thanks! "
nike,Canada,Daily Hive: Hundreds line up in downtown Vancouver for designer sneakers 
nike,Canada,"Rip In Backpack. Any shops for help? Hey Reddit! 

My Nike Elite Bag just started forming a tear in between the zipper and the cloth. Is there any place in Vancouver I can go to that may be able to fix it? Or should I just go for a new bag? I'll post pictures later.

All help is appreciated. Thanks!"
nike,Canada,"Where do you recycle old shoes in Vancouver? I'm cleaning up and realize I have some old shoes (dress shoes, runners) that I've worn for years that are just sitting around. Need to know a good place to donate them / recycle."
nike,Canada,"Colourful Sneakers Hey guys.
I bought [these](http://www.cyclonefit.co.uk/images/KxHWVIOtOM/grey-green-dark-dc-shoes-rebound-hi-womens-59IU.jpg) sneakers from the DC outlet store a few years ago, and they're looking like they need a replacement soonish. I checked the [DC website](http://www.dcshoes.com/womens/?sz=48&start=0) and was perplexed with how boring their line looks this season! All pastel colours, minimal multi colour options that don't look like a hippie's blanket... Could you guys suggest some companies for me to check out? 

Please and thanks in advance!"
nike,Canada,"""Walk in the Park"" Blog ***(VANCOUVER)***

***Aken Dut***

***""Walk in the Park” Blog***

At Delamont park here sitting on the first bench you see off of West 6th avenue. You might not be able to tell, but my space bar is currently not working. It's been a challenge using my Macbook with this problem. Making use of this has been a fun challenge, LOL. Tonight it is cloudy and warm outside here in Vancouver BC. It is 5:55 pm, and I am totally exhausted from the day. I walked maybe 7-10KM, thats around 16 miles. Walking around downtown Vancouver isn’t a joke, although it has a beautiful scenery.

**BRRRR**: The song ""These Days"" By Mike Stud has been a head banger all afternoon. It has a very triumphant feel to the song. Remember how you felt in 2012 when you listened to ""thrift shop"" by Ryan lewis? yeah, same thing. Except you aren't a bratty 13 year old listening to shitty music. You're now just a crappy 20 year old listening to good music. Who would've thought? Not me. The weather today has been moody. But that didn't stop the Vancouver scene from showing out in regular drippy fashion. All you see here in downtown are dripped out millenials and fast cars. There's a funny stat that my friend Jose told me. He said that Vancouver has the largest amount of luxury cars out of any city in North America. I kind of chuckled when he told me. But when I was out today, It seemed very real. The mission for me today has been to find a hoodie that would go well with Naked and Famous jeans and Nike Airmax 95's. This ""simple"" mission is because my friend Jose Palanca is taking care of me tonight at Fortune sound club down on West Pender. The vision is to have a good night here in Vancouver. let's see how it goes.

**SHOPS**: The shops I went into today were quint. A lot of the shops had ""BC prices"". If you don’t understand what BC prices are, then I suggest that you follow u/seabusmemes on Instagram. They depict “BC prices” perfectly. But for the most part, I found reasonably priced items at MUJI Robson. Muji is a retail store that focuses on stationery items mostly. But they also have a well designed men’s section for clothing. If I was to suggest anything for you guys, I would say get their famous gel pens and Pajama set. Both items are comfortable to use and are made in the “Muji way” with simplicity. But I really want to quickly shout out McDonalds. Thanks for  always making my guts feel some type of way. I really should've had Taco fino for lunch…

I went into this thrift shop called ""The Wild Life Thrift"". Which really intrigued me with the name. I saw a similarity with the name of an Instagram account run by Thomas Morris. Called u/wiild.art. The clothes seen in the store scream some influencer from SOHO. But when I went in I seen nothing but house accessories and fly, I MEAN FLY women's hoodies"
nike,Canada,"Vancouver residents, what clothing brands do you want to buy but aren't sold locally? Hi everyone!

I represent an international wholesale distributing company based in Utah. We provide several brands to clients in Japan and Korea such as Stussy, Nobis, Moose Knuckle, etc. These clients are unable to obtain these and other brands through their regualr supply channels and so our business model fills in that inefficiency. 

We are wanting to gain clients in Vancouver but wanted to know what brands you Vancouverites are interested in. If you guys would take a minute to post what brands you would like to buy but are unable to locally, how often you go shopping, how much your average shopping trip costs, etc I would really appreciate it!

Thank you so much for taking the time to post a reply!

Some of the brands we represent include: 
Nike, Stussy, Under Armour, Nobis, Moose Knuckles, Calvin Klein, Carhartt, Dickies.
"
nike,Canada,"Repair Places for Sneakers? I have a pair of sneakers (Nike Air Monarch, if that's relevant) that are pretty banged up. I've found this particular make is not very durable, but I still need to get some value out of them for what I paid. Is there any shoe repair place in or around Vancouver that is good with sneakers? I don't care about wait time, but I'd prefer a place with competitive pricing that does relatively high quality work."
nike,Canada,"Police need help identifying man from incident at Scott Road station Saturday morning Transit Police are asking for the public’s help in identifying a man, deceased as the result of an incident yesterday, Saturday, March 21, 2015, at the Scott Road SkyTrain Station in Surrey.

The man is described as possibly South Asian, approximately 30 to 40 years of age, slender build, short brown hair, wearing a blue/gray jacket, blue jeans and black/silver Nike running shoes and with a unique tattoo on his upper back, as seen in the photos, of a Cancer zodiac sign symbol.

Transit Police and the BC Coroner’s Service are investigating. Anyone with any information concerning the identity of this man is asked to call Transit Police at 604-515-8300 or text 87-77-77

Update: Man was identified. Thank you for your interest in helping the victim."
nike,Canada,"Does anyone know where I can get waterproof converse high tops in the city? Hello /r/vancouver,
I'm looking for a couple of last minute gifts, one of which is a pair of 
[Chuck Taylor waterproof nubuck men's boots]
(https://store.nike.com/us/en_us/pd/converse-chuck-taylor-all-star-waterproof-nubuck-mens-boot/pid-12009795/pgid-12283987). I bought an identical pair at the Bay a couple of years ago, but they don't appear to be there anymore. Likewise, Nike Canada (online at least)  doesn't seem to offer them anymore either. 

I know it's a long shot, but I'm wondering if anyone has bumped into a pair of these anywhere? Any pointers would be appreciated! Thanks "
nike,Canada,"Found 2 gym bags in West Kits Found 2 gym bags ; one blue Nike , with name Lauren B. inside, and the other dark green . Please list contents in any reply. Thanks. "
nike,Canada,Still A Better Burrito Than Steamrollers 
nike,Canada,"Looking For a Cheap Ball Shoes Does anyone know If there are cheap Jordan 29s in the Nike outlet near the airport (Mcarthurglen)?

Thanks"
nike,Australia,Nike drops Australian activist Grace Tame over Gaza posts 
nike,Australia,"Nike Franchisee AF-1 closes 7 Nike stores across Sydney. [https://www.news.com.au/finance/business/nike-franchisee-shuts-down-seven-sydney-stores/news-story/b833efcb186771de38826efc9504789a](https://www.news.com.au/finance/business/nike-franchisee-shuts-down-seven-sydney-stores/news-story/b833efcb186771de38826efc9504789a)

115 Employees told to claim entitlements from Fair Entitlements Guarantee Scheme.  
Gift cards not being honored (Unsecured creditors)."
nike,Australia,"US to consider kangaroo product ban as major brands Nike, Puma move to phase out use of K-Leather "
nike,Australia,Australian Senate poised to pass bill banning imports made using forced labour 
nike,Australia,Nike surprises wheelchair tennis player Dylan Alcott with his own custom sneakers 
nike,Australia,"""the President of Australia"" "
nike,Australia,"Some voters believe asylum seekers get $10,000 and Nike shoes "
nike,Australia,"Nike, stop funding a massacre. Kangaroos are not shoes. "
nike,Australia,Gosford Anglican Church nailing it again 
nike,Australia,"Post Malone denied entry into Perth bar due to his tattoos: ""I've never really experienced anything like that"" "
nike,Australia,Does Nike not stock everything from Australia? I ordered a pair of shoes the Nike Australia website and I almost blocked the updates that said my package is coming from Singapore. I'm still confused as it says DHL and no where does it say it's being sent by Nike.
nike,Australia,"Hey landlords and real estate people I have a question, do I need to clean these leaves? It sounds so weird but also idk anything. "
nike,Australia,I want to buy a pair of Nike air max shoes that I like but I’m afraid everyone will call me eshay I want to buy air max 90s because I like how they look but people will make fun of me coz they are eshay shoes
nike,Australia,The journey your money makes after buying a pair of Nikes 
nike,Australia,Update on Nike the tick covered snake: all good! Back in naturessss.. 
nike,Australia,The gorges on Karijini are amongst the best I’ve seen. If your thinking of a trip just do it. 
nike,Australia,Nike and Football Australia dropped the new 2022 Australian Men’s National Football Team Kit 
nike,Australia,"Looking for Australia 2008 Nike Split Jacket Hey all! So- a quick rundown on this jacket cuz I haven’t gotten any pictures. 

Its teal, and has the southern cross in yellow on it. 

It zips completely in half, and can be combined with other jackets in the set. It’s the last one I need! 

Please contact me if y’all got a Medium or a Large!

Edit: [Pic!](https://hypebeast.com/image/2008/05/nike-windrunner-country-split-3.jpg) "
nike,Australia,Nike is finally doing Nike iD in Australia! 
nike,Australia,"Australia Nike Prestos Hey all, I’d file myself as an up-and-coming collector. 

One piece that I really think could kick it up is the Nike Australian Olympic Prestos. These are exceedingly hard to find, but if I figured If there’s a pair floating about, it must be around here. 

Thanks all, and if you have any info or leads about these, please contact me! "
nike,Australia,"Leather Buyers Guide. How to not get ripped off this Christmas. Tis the season for buying stuff so I thought I’d write up a guide on how to buy decent leather goods and see through marketing jargon. I’ve been a professional leatherworker for six years and want to see our local industry supported over the many importers of mass produced junk. This is written from an Australian perspective, other countries would have different terminology.

Any leather product you buy will be made from one of the following:

**PU and some Vegan Leather**  
A woven or knitted fabric is coated with polyurethane then sprayed with a smooth coloured layer and stamped with a leather grain pattern. This is the cheapest nastiest stuff. If you’ve seen a couch with all the colour peeling off it, you’ve seen PU leather.

**”Genuine Leather” and Bonded Leather**  
Leather production generates a lot of waste, some of which is ground up, mixed with a binder and pressed into a sheet to create bonded leather. The process is similar to turning timber into chipboard. This has some legitimate applications, but the most common application is use in “genuine leather” products. If you’ve ever bought a leather belt only for it to crack, revealing what looks like recycled paper inside, you’ve dealt with “genuine leather”. Because the fibres that give leather strength have been chopped up, the material is weak and once the thin layer of split leather (see below) cracks, the whole thing falls apart.

**Split Leather**  
Cow hides are usually around 6mm thick after processing. To bring that down to a useful thickness the hides are split, separating the top grain (the smooth side) from the fibrous flesh side. The leftover fibrous layer (called a split) can be sprayed and stamped to look like top grain leather. The looser fibres are weaker and the surface coating (called pigment) can wear through, making it a lower quality leather. A hide can be split many times to extract more value. Very thin splits are used in cheap belts and wallets so they can be advertised as using real leather, but they’re too thin to offer any strength and longevity. Splits are used by more high end brands than you’d expect.

**Top Grain, Full Grain, Solid Leather**  
This is the good stuff. The grain layer is the thin top layer that is smooth, tight and protects the fibrous layers below. The fibres closest to the grain are tightest and strongest and where leather gets its strength.

**Other Categories**

**Suede**  
Good quality suede is top grain, with the very top layer removed. You still have the tight, strong fibres, minus the smooth surface. Bad quality suede is just a split without pigmenting. Welding aprons and gardening gloves are made from this.

**Vegan Leather (Mushroom, Cactus, Pineapple etc.)**  
This is typically a plant fibre, bonded together with a synthetic binder, pressed into a sheet, sprayed and stamped. They don’t require animal products, but do require synthetic additives, so I’m unsure if they’re a genuine alternative, or just greenwashing. Until they’ve been tested out in the world for a few more years, I would steer clear.

**Kangaroo Leather**  
This is the strongest leather, by thickness, in the world. It’s naturally about 1mm thick, making it ideal for small products that need to be strong but thin. Nike uses it for soccer boots and I use it for wallets for that reason.

**Pigmented Leather**  
If leather needs to be a very consistent colour, brighter than natural or if the tannery wants to cover up marks they can send hides through a spray booth to received what is essentially a spray painted layer. This is very common with mass produced products and upholstery. Eventually the pigment will wear off.

**Corrected Grain**  
In addition to pigmenting, one tactic to hide the scars and marks on a hide is to sand back the grain, pigment it then stamp it with a “leather pattern”. A hide naturally has better and worse areas. Correcting the grain and pigmenting allows manufacturers to use an entire hide, regardless of the quality.

**What to look out for when buying**

**Provenance**  
If possible, buy directly from a craftsman who can trace their supply chain rather than a big retail store. Even better if they buy from tanneries that have high environmental and ethical standards and aren’t sourcing leather from India, Bangladesh etc. Leather is a filthy industry and needs to be strictly regulated to prevent waterways and workers being poisoned. There’s a good reason why I only buy from Austanners in Geelong and Packer in Brisbane. Supply chains are important.

**Surface finish and feel**  
If it’s a super bright colour, feels plasticky, is entirely consistent with no variation in colour or markings, then it has been processed more than I recommend. Scars, colour variation and growth lines are just part of leather and shouldn’t be avoided.

**Zippers**  
If the product has a zipper, look for the letters YKK or Riri stamped on the hardware. If it has no branding, it’s probably cheap. Zippers are already cheap so if a manufacturer is willing to buy garbage zippers to save a dollar, there’s a good chance they skimped on the rest of the product as well.

**Hardware (Clips, Buckles, Rings, etc.)**  
Hardware is generally made from three materials. Zinc alloy, steel or brass/stainless steel.  
Zinc alloy is cheap and nasty. If it feels light, plasticky and is not magnetic it’ll be zinc alloy. The surface plating will chip and the metal will wear through or crack. Avoid.  
Steel is strong, but has to be plated to prevent rust. That’s fine until the plating wears through or chips.  
Brass and stainless steel are the top stuff. They’re strong, wear resistant and rust proof. Brass can tarnish and turn green, but it can be cleaned and polished. Stainless is uncommon, but worth it compared to nickel plated brass or steel.

**Lining Fabrics**  
The first point of failure in a bag or wallet is either a zipper or fabric lining. Many products use a thin polyester fabric which eventually frays at the stitching and is a pain to replace. If you’re buying a wallet you’ll find a lot that are made from the thinnest possible layer of leather with a polyester fabric lining. The thin leather will wear out on the corners and the lining will rip out of the pockets.  
Lining fabric can be done well, but not cheaply.

Hopefully that’s helpful. If you’re looking for leather goods, please buy locally. There aren’t many leatherworkers left here in Australia so whether you buy from me or someone else, your support for our small industry is appreciated.

Cheers,  
Andrew Reeson Leather"
nike,Australia,"Nike online shop Hi, I am from Italy but currently I live in Australia. I am in a small town and I couldn't find a good shop for Nike, can you suggest me an online shop for Nike shoes? Thank you!

(I already checked their website but I asked because maybe there good website with good deals)"
nike,Australia,Where can I get a pair of Nike Woven Innevas like these in Australia? 
nike,Australia,"Where does a bloke get some decent shoes that don't cost hundreds of dollars? I've got one pair of decent shoes and they were given to me as a present lol.

Where does a bloke get shoes in Australia nowadays without having to chop off and sell your feet to afford?

Casual/going out shoes. Current shoes are black pumas, and last couple pairs were Nikes"
nike,Australia,"Two of Shane Warne's Brighton houses you can find on Google Maps, because he installed #23 on the bottom of each pool. What a legend. RIP King "
nike,Australia,AFL apologises after fans refused entry to Brisbane Lions match for wearing T-shirts supporting voice 
nike,Australia,Cutting corporate tax won't create jobs. It's yesterday's solution to our problems | Wayne Swan | Australia news 
nike,Australia,How can Kmart sell a two person tent for $12 without using slave labour? 
nike,Australia,Got a reminder letter about the Census. Thought I should do it before I forget. But guess what?? THE SITE IS DOWN AGAIN!!! 
nike,Australia,In a $150k+ household and think you're part of the middle class in Australia? Think again.  'What is the typical Australian income' 
nike,Australia,"Help me out here boys….. looking for comfortable thongs. So yeah currently I have a pair of Nike Solay. I like them a lot, but a mate’s puppy chewed on them. So they on their last legs and second pair I had got stolen.

I also had a pair of Reef Fanning as a bit of a formal wear but they fell apart from the heat and humidity just sitting in the cupboard.

I can’t find the Nike Solay anywhere on sale. So my thong loving mates, tell me what comfortable, sturdy and water resistant pair should I buy.

P.S. Would be great if you can tell of a store I can find them in"
nike,Australia,"Neil Erikson, far-right activist, faces contempt of court charges after failing to return Toll uniform "
nike,Australia,"Aussie tourists - What’s cheaper to buy in the USA? Hey Aussies, I’m heading down under soon and would like to bring some gifts that are cheaper to buy in the USA than Australia. Besides alcohol and tobacco, which have import fees, is anything still cheaper given America’s inflation? Clothing? Electronics, specifically laptops, apple products, PC parts, etc.?"
nike,Australia,Bizarre moment burgular in thongs targets former lawyer Pat Lennon's enemy 
nike,Australia,"Black Friday spending frenzy tipped in Australia, despite soaring living costs. Here's what you need to know "
nike,Australia,Aboriginal fashion label Clothing The Gap survives battle over branding with US clothing giant Gap 
nike,Australia,"A Complete Guide to Identifying an Eshay There’s a lot of wannabe gangsters in Australia, they mostly go by the collective term ‘Eshay’ which is a degenerate form of Crips/Bloods gangsters of LA. Here is how to identify an Eshay in the urban wild. 

1. They wear red Nike shoes with a matching t-shirt. Always red Nike shoes. 

2. They walk like they got sciatica with every step. 

3. They push/punch/slap their friends as they walk next to them

4. They always break something along the way to wherever the fuck they are going

5. They have a Velcro satchel strapped to their shoulder at their chest. (Not to be confused with the satchel at the hip which is not an Eshay quality)

6. They have bad teeth.

7. Their hair is always short and probably blonde but mostly brown.

8. They hang around areas where a Moe’s Hotdog bar is usually located.

That’s the complete guide to identifying an Eshay!"
nike,Australia,"If you want an example of insecure national identity, look no further than reactions to celebrating Halloween. Honestly, some of the reactions and reasonings for having a blowup about Halloween are so pathetic. Talk about having a brittle sense of identity. Aussies have no qualms stuffing their faces with McDonalds, buying the latest Nike's and sitting for hours on PS4/Netflix - but have a bit of fun with the holidays and it's OH NO THE AMERICANS ARE COMING.  Honestly, get over yourselves and your paper-thin principles about what is and isn't Australian."
nike,Australia,"A list of tech, travel and fashion Black Friday sales that Aussies can actually access. (x-post /r/Sydney) This post originally appeared in /r/Sydney posted by /u/jakequade and thought we should post it here too.

========
Hi guys,

Well, it was a hit when I made ClickFrenzy and Ozbargain's sales a bit easier to read, so I thought I would give you guys a continually-updated list of all the tech, travel and fashion Black Friday deals I am coming across as I search the sales. If you have any additions, comment them and I'll drop them into the list!

# Tech 

* **Razer**: Up to 54% off best-selling products
* **Microsoft - Deals**: Get FREE Xbox One 1TB bundle + Game when you buy Select Surface Devices
* **Rebel Sport**: Save up to $173 on the Garmin smart watches and $30 on Fitbit sports watches!
* **Lenovo**: Up to 45% off PC's: Black Friday
* **Kogan**: Black Friday deals added daily
* **GameStop**: Save $50 on GameStop products
* **eBay**: 20% off tech frenzy
* **Dick Smith Electronics**: Black Friday deals added daily
* **Amazon**: Kindle e readers up to $30 off
* **Norton**: $39.99 for Norton Security Premium ( $89.99 value)
* **PureVPN**: Monthly subscriptions from $2.45
* **Norton**: $34.99 for Norton Security Deluxe ($79.99 value)
* **O&O Software**: 50% off all products
* **Catch of the Day**: 15% off selected products
* **SaferVPN**: Buy 1 get 1 FREE promo on all plans: Black Friday Sale
* **Getflix**: Mega 50% lifetime discount
* **Norton**: $29.99 for Norton Security Standard ($59.99 value)

# Travel 

* **Hotels.com**: Extra 8% off hotels
* **Intrepid Travel**: Up to 50% off Antarctica expeditions
* **Helloworld**: Fly to Beijing for Chinese New Year from $419 return
* **STA Travel**: $25 off flights to Asia
* **Helloworld**: Fly to Los Angeles from $873 return
* **Webjet**: 10% off Asia hotels
* **Travel Talk**: 50% off 2017 tours
* **Helloworld**: Fly to Amsterdam from $1026 return
* **Skiddoo**: $50 off international flights
* **Helloworld**: Black Friday Sale: International flights from $382 return
* **Travel Talk**: 45% off Christmas and New Years tours
* **Palms Casino Resort**: Rooms from $29 + free upgrades, breakfast
* **OneTravel**: Up to $50 off
* **Geckos Adventures**: 20% off select Central and South America tours
* **Rio**: Up to 25% off rooms
* **Millennium & Copthorne Hotels**: Up to 35% off + triple rewards points
* **Planet Hollywood**: Up to 25% off rooms
* **Cheap O Air**: Up to $50 off booking fees
* **Skiddoo**: $30 off international flights
* **Paris**: Up to 25% off rooms
* **Harrah's**: Up to 25% off rooms
* **VEGAS.com**: Up to $100 cash back
* **Flamingo**: Up to 25% off rooms
* **Caesars Palace**: Up to 25% off rooms
* **Roomorama**: 5% off vacation rentals worldwide
* **Bally's**: Up to 25% off rooms
* **Book FHR**: Up to 20% off airport parking, hotels and lounges

# Fashion

* **Lovehoney**: 15% off when you spend $40+
* **ASOS - Deals**: 20% off everything: Black Friday
* **Pretty Little Thing**: Up to 50% off everything
* **BNKR - Deals**: 25% off full priced items
* **Factorie**: 33% off site-wide
* **Light in the box**: $10 off orders over $85
* **Light in the box**: $20 off orders over $168
* **David Jones - Deals**: 3-Day Christmas Spectacular
* **Portmans**: 30% off all dresses & tops
* **Boohoo - Deals**: 30% off everything
* **Forever New**: 25% off site-wide
* **Marks and Spencer**: Up to 50% off selected lines
* **Bras N Things**: $10 off site-wide when you spend $100 or more
* **Peter Alexander**: Up to 50% off selected styles + FREE standard delivery on orders over $150
* **SEA FOLLY**: FREE shipping with no minium spend
* **Jacqui E**: 25% off site-wide
* **Princess Polly**: $10 off when you spend $50
* **GlamCorner**: 20% off site wide
* **Macy's**: 20% off + FREE shipping on orders over $50: Black Friday Doorbusters
* **Jay Jays**: Buy 1 and get the 2nd item 50% off
* **Hallenstein Brothers**: Up to 60% off: Black Friday sale
* **Dotti**: Buy 1 and get the 2nd item 50% off
* **Just Jeans**: Buy 1 item and get 50% off the 2nd item
* **Clarks**: 25% off all adult footwear
* **Debenhams**: Up to 30% off all departments
* **Millers**: 40% off all items
* **Spanx**: 20% off site-wide + FREE shipping
* **Nike**: FREE standard delivery on all orders
* **New Balance**: 50% off flash sale
* **Hallenstein Brothers**: Huge Black Friday deals
* **Autograph Fashion**: 40% off
* **The White Company**: 20% off full-priced items + FREE UK standard delivery
* **Mosmann Australia**: 30% off storewide
* **Sambag**: Sambag VIP Sale
* **SwimSpot**: 50% off all  sale items
* **Havaianas**: Design your own Havaianas
* **Urban Outfitters**: Buy one, get one 50% off all apparel
* **ShopBop.com**: Spend $200+, get 15% off, Spend $500+, get 20% off, Spend $800+, get 25% off
* **Forever 21**: Extra 30% off Black Friday sale items
* **TeeFury**: 30% off sitwide
* **Macy's**: 30% - 50% off doorbusters
* **Bloomingdales**: 15% off orders of $100-$199 and 20% off orders over $200 on great selection of items
* **Mosmann Australia**: 30% off
* **SSENSE**: Up to 50% off designer brands
* **Catch of the Day**: 15% off selected products
* **Cotswold Outdoor**: Up to 40% off selected brands
* **Charles Tyrwhitt**: 15% off site wide
* **Forzieri**: 30% off the F/W 2016-17 collection on orders over $450
* **Forzieri**: 25% off the F/W 2016-17 collection on orders over $350
* **Modcloth**: 40% off $200+, 30% off $100+, 20% off under $100, free international shipping $150+
* **Cotton On**: 40% off full price
* **Crossroads**: 40% off
* **Hype Dc Pty Ltd - Albert St - Brisbane**: 30% off all apparel
* **Glue Store**: 25% off selected items

========"
nike,Australia,Hmmm don’t know about the price $98.75 per 100g..... don’t trust labels 
nike,Australia,"What are some good clothing brands in style now?  These are all the brands I have in my wardrobe

&#x200B;

* Nike
* Vans
* KSCY
* Oakley
* Tommy Hilfiger
* Stussy
* Connor
* Reebok
* Ecko Unltd
* Hurly
* Quicksilver
* G Star Raw
* Adidas
* Kathmandu
* &#x200B;

What do you think? Is there anything I should add or drop? I'm tryina look cool but I don't wanna look like a douchebag."
nike,Australia,Jurors told to walk 'in the shoes' of ice addicts as murder trial verdicts loom 
nike,Australia,"How strict is Jetstar with carry-on size (not weight?) I've got a carry on suitcase that is 58cm by 23cm by 38cm. That is a couple cm more than what they say on the website in two dimensions (56 by 23 by 36). 

I am confident about  the weight, just wonder how strict they are with the size? Thanks"
nike,Australia,"What is there to do in Sydney? Hello! I will be travelling to Sydney with some classmates soon, and I need some advice on what to do while in Sydney. Can any of you tell me some good places to visit in Sydney? I would like to go places where I can learn more about Sydney and Australia history. Are there little known places that most tourists don’t know about? What is the best souvenir I can get? What are the best restaurants in Sydney? Which one serves the best kangaroo? What are some interesting things I can only do in Sydney? Please, any pointers, tips, places, restaurants, advice or just comments are welcomed. I still have no idea what to do in Sydney, and I leave in a few days.

Edit: I want a good experience and want to learn more about the culture of Australia. I will be there for a week, but will only be free after 5pm most days except for the Sunday I arrive and the Saturday before I leave when I have the entire day free. I am pretty broke, so I am trying to spend no more than $500 USD. I like sports, and my group is already planning to go to a rugby match. I like little know places and places most people don't know about because they are probably not as crowded as normal touristy places."
nike,Australia,*Concern Intensifies* 
nike,Australia,Gold Coast CC Sucks Anyone thinking of holidaying on the Gold Coast -Don't. New area parking restrictions( No on steet signage) in residential areas of 3 hours. If you overstay $96.00 fine. WTF. I guess they need the revenue to advertise to increase tourism.
nike,Australia,"Best Shoes for Walking/Trekking/Running? Possibly one that can do all 3. If not, than just the first two I guess. My feet always get sore when I wear my runners for too long, even my new balance ones and I just want something comfortable with a lot of support for my feet to go on dog walks with, trek or run on the treadmill.

Thanks guys! :)"
nike,Australia,"[NP] Tell us what's you're wearing 10/Nov/2017 Tell us about what you're wearing today, what you prefer to wear and where you shop for your threads. What's fashionable and what's a good price? Or are you just a fashion victim? Check out /r/AustralianMFA and /r/AusFemaleFashion. 

Come join us at #redditaustralia on Freenode! [Use the webclient if you like!](https://kiwiirc.com/client/irc.freenode.com/redditaustralia)
"
nike,Australia,"[NP] Tell us what you're wearing 10/Aug/2019 Tell us about what you're wearing today, what you prefer to wear and where you shop for your threads. What's fashionable and what's a good price? Or are you just a fashion victim? Check out /r/AustralianMFA and /r/AusFemaleFashion. 

Come join us at #redditaustralia on Freenode! [Use the webclient if you like!](https://kiwiirc.com/client/irc.freenode.com/redditaustralia)"
nike,Australia,"Do you guys know of any great online sneaker / sportswear stores that have good return policy? I'm desperate for new shoes and I am immunocompromised so I'm avoiding going anywhere I don't have to. I usually wear Nikes and would probably go the same if I'm purchasing online, just because it's the only brand that I know my size in! I'm in Sydney, so I could go and get what I need in person, but it's probably a dumb idea to go to a Westfield or whatever with my health conditions...

I've never bought any expensive clothes online, is it usually fine to return after trying them on if you need to?

Cheers for your time - this is probably just me being paranoid, but hey, I'm a paranoid cunt >.<"
nike,Australia,Export of 590 greyhounds to Macau went ahead despite industry ban 
nike,Australia,"[Question] Do other countries have eshays? In Australia, we are facing an epidemic. This epidemic is eshays. Eshays, otherwise known as lads, wear Lacoste, Nike tn's, fake Gucci, Nautica, ect. and are often found in parks smoking billies out of a gato bong or at your local shopping centre looking for fights when someone stares at them for too long. But I've realised that eshays seem to be local to Australia.

They're usually upper class kids (in major cities anyway) with too much money, an ego problem and a gang-like mentality although sometimes they can be kids who have struggled, and are below the poverty line (these tend to be the more humble and kinder ones). Some of them are actually very nice and understanding provided they like you, especially if they've lived through rough experiences. The rich ones (of which are most of them) however, have such a bad gang mentality and use their mums money to buy xanax, shit weed and even shitter cocaine. Sometimes the rich ones get into dealing because they think its cool, and then once they get caught get a slap on the wrist because of their parents connections. They think they're really hard, but in reality, they're just rich white private school kids with drug habits.

This brings me to my question: does your country have eshays or an eshay equivalent? What are they like? What are their traits? Do they fight people for glancing at them? I need answers!"
nike,Australia,"Hey /r/Australia. In your State which is more common, Bogans or Lads? Lads and Bogans of reddit, why have you chosen this way of life? In Melbourne, I havent seen many bogans but it is literally riddled with Lads. I dont understand the appeal in dressing up like everyone else.

EDIT: forgot to ask about any interesting bogan/lad stories."
nike,Australia,"Compression shorts for a fatty Hi guys. I've been trying to find a decent set of XXXL Compression shorts in australia. Playing BBall 3 times a week and sick of the chaffing. Nike/Underarmour/skins(bankrupt)/all other compression shorts for sale for some reason in australia only sell up to 2xl.  Sizing charts indicate 3xl but no option to buy.

American Amazon has 3/4xl.

Please help you bunch of big units."
nike,Australia,"Where do you guys buy Basketball Shoes? I really want some Kyrie 4's or PG 2.5's but no Australia places have them, only footlocker (US version only) has them on sale as well as Eastbay and other american places....

I don't really want to pay like 180$+ for Kyrie 5's or Lebrons since thats basically the selection for ones in Australia.

Help?"
nike,Australia,"Australia's Gold Reserve Question - How much is there and where is it physically held? With some countries in recent times want to get their money out of the US for varying reasons, I was wondering what the state of Australia's gold reserve is.

Anyone know?"
nike,Australia,Best online shoe store? Where do you recommend I shop Nikes or Converse shoes?
nike,Australia,"Best winter gloves? I was looking at Nike Hyperwarms but then I looked at reviews, wouldn't mind some nice looking or sporty ones, but I'm up for whatever feels nice and keeps my hands warm

Any suggestions?"
nike,Australia,"50 Shades of Dubbo 
 ‎50 Shades of Dubbo, 

Even though he only had one tattoo I yearned him to fill the lonely hours between dr phill and Jerry Springer. as he approached me with his pasty white arms hanging out of a Nike vest,his smile told me it was dole day, and I knew my velour FUBU track suit would be hanging off the lampshade tonight. As I stood in line at the job center, thinking up …reasons why I can’t work, a sweet smell drifted past my nose stud and into my nostrils. It was a mixture of Yarndi, sweat and lynx Africa! I turned and there he was, Dwayne, with his pants halfway down his arse,our eyes met and he was soon lifting me onto the wheelie bins behind Bi-Lo. He had already tied his staffy to a post in an alleyway so we would not be disturbed. As he took a franga from his bum bag i grabed it and threw it away, there was no need for it, i was already pregnant to Eric. I knew then that this was love and my life would never be the same again. I made a promise to him there and then that I would buy him a plasma with the baby bonus. Now, two weeks later i realize that Dwayne and I are first cousins. But ya cant help love. 


50 SHADES OF DUBBO- CHAPTER 2 ""THE TROLLEY BOY""

It was a brisk winters morning as I sat in the tarago in the car park of Orana Mall. My children Shontain, Jermain, brontain and paul had gone with Dwayne into the tobaconist to get some darts. I couldn't help but notice the trolley boy in front of the car. Legs like two twiggy sticks leaping out from under those melbourne storm footy shorts, taned veiny arms protruding from that fluro yellow vest. long browh hair streaking from under that lovely Ford hat. I felt hair on my legs stand up and i became slightly aroused. Who was this magnificent example of a trolley manouvering officer? was he single, did he own a torana? would he forfill my needs as a young adventurous woman? All these questions wondered inside my mind like a lost kelpie in Gordon Estate. I couldn't help myself, I jumped from my seat and approached him. I said, ""Hi, i was watching you from my tarago, are you single"". After a long hot conversation with ""Denis"" he took me to a nearby toilet block. I remembered picking up bumpers with dad here when i was younger. Denis and I made love for minutes before he walked me back to my tarago. I told ""Denis"" that i would love to meet with him again, but next time he would have to pay me full price, or i would be taking out an AVO.


50 SHADES OF DUBBO- CHAPTER 3, ""THE ZOO TRIP""

Dwayne and I had been together now for a month. Dwayne decided not to go to the greyhounds today, instead he decided to take us on a family trip to the Dubbo Zoo. Shontain, Jermain, brontain and Paul were so excited. We piled into the tarago and left Braun Avenue heading to the Zoo. I looked at Dwayne as he danced around in his seat to the KEISHA tape that Paul had won at youth group and I became slightly eroused. I couldn't help but be attracted to Dwayne in his Nike thongs, Denim shorts, purple DADA singlt with his chicargo bulls hat and parramatta eels bumb bag around his waist. We got to the zoo and the kids ran off to look at the monkeys. Dwayne and I wandered to the tiger exhibit where he purchased a shirt with a tiger on it. That was it, i couldn't take it any more. I had to have him right there and then. I grabed Dwayne by the hand and took him to the Marsupial cave where i showed him my pouch. Dwayne and I made love on the fence to the bilby enclosure. It was the most exhilerating minute twenty six of my life. After, Dwayne pulled a fresh packet of white ox and a tenna from his bum bag and rolled us both a dart, he was such a gentleman. I heard a phone ring, Dwayne rummaged through his bumb bag to find whcih of his 4 phones was ringing. Dwayne answered and hung up afer a short time. I asked Dwayne who it was and he told me it was his brother who was a trolley boy at Orana Mall. My heart sank, i began to tremble, could this be my toy boy trolley boy from last week who rooted me in the dunny? I said to Dwayne, ""Can I ask you something""? He said, ""Yeah wha?"" I said, ""Where the f..uck are me kids""?


50 SHADES OF DUBBO- CHAPTER 4, DWAYNE GETS HIS L'S

Well, it was finaly friday. Both Dwayne and my dole money had gone in so we decided it was time for Dwayne to get his L's as he had been driving without a licence for 23 years. I got the kids into the back of the tarago and gave them a packet of BBQ chips for lunch. Off we went to the RTA. As we made our way down the street we passed a shopping trolley in the gutter near Lunar park. I found myself wondering about Denis the trolley boy and the strange love triangle i now found myself in. Before i could think much further a fight broke out between shontain and paul over a TAZO from one of the packets of BBQ chips. I turned around and king hit paul, quickly defusing the argument. I told Shontain that if she didnt shut her mick she was barred from the attari for a week. Somehow the threat of no frogga on the attari always calms the argument. Dwayne parked the tarago near the RTA and went inside, i kissed him on the cheek before he left for good luck. Whilst sitting in the tarago i saw an old torana coming down the road and it didnt take me long to realize it was Denis, he did own a Torana! As our eyes met i felt the hair on my legs stand up and that familiar tingle was creeping around in my best and less G string like a kilo of rocket balm. I jumped from the tarago and entered the passenger seat of the toarana. Denis quickly drove off. As we drove off i glanced back and noticed a 33 inch pioneer sub woofer on the back seat, this man had taste. It wasn't long before Denis and I were down under the LH FORD bridge. Denis made love to me on the sub woofer. I hadn't felt this much excitment since A current affair and Chrisco were giving away christmas hampers at Apex oval. After several minutes Denis dropped me back to the tarago. Luckily i had locked the kids in the car and put the windows up to prevent them escaping. Dwayne came out of the RTA and hugged me, ""I did it"" he screamed. ""You got your L's babe""!!!! ""No"" said Dwayne, ""I theived that old ladies purse out of her handbag whilst i was waiting, can ya drop me off at the TAB"".



 
 
 
 
 
 
 
 
 
 
 
 
 
 
 
 
 
 
 
 
 
 
 
 
 


 
 
 
 
 
 
 
 
 
 
 
 
 
 
 
 
 
 
 
 
 
 
 
 
 
 
 


 
 
 
 
 
 
 
 
 
 
 
 
 
 
 
 
 
 
 
 
 
 
 
 
 
 
 


 
 
 
 
 
 
 
 
 
 
 
 
 
 
 
 
 
 
 
 
 
 
 
 
 
 
 

"
nike,Australia,Defqon.1 Lad policy LMFAO 
nike,Australia,"My friend coined a new word, you know when you see them. A bro-bogan, the brogan. "
nike,Australia,"Popup shop in Liverpool Plaza brazenly selling counterfeit Louis Vuitton, Dior, Gucci, Nike, etc. products for $100-150 each.. "
nike,Australia,"Are Nike tns too eshay for the average person to wear? I know some of you are probably thinking wtf l did I just read, but it's an honest question. 

I've always loved the design of Nike tns but I don't exactly love the eshay subculture around it. Some might say wear whatever you want, but I am slightly hesitant because I'm not sure if the negative connotation around them is still as strong these days compared to maybe a decade or so ago. 

What do you guys think?"
nike,Australia,"Nike Trainers Limited Edition Evening all don't know where to post this but figured I would ask here as I'm a Sydney local.

Family member asking about limited edition Nike trainers that are coming out. Sneakers might be the correct term but I'm old.

Where in Sydney or in Australia would I go to buy these and can I just buy online or would it be one of those crazy camp outside a ship situation?

Many thanks in advance 👍"
nike,Australia,Sydney housing market claims another victim 
nike,Australia,"The queue outside Nike factory outlet in Auburn. It's like this every weekend, what's going on?! "
nike,Australia,Nikes banned from Newtown bar amid claims the sneakers are favoured by drug dealers. 
nike,Australia,"Get yer TayTay merch selling hot 🔥 and fast on George Street… whether it’s legit or not …🤷🏻‍♀️
"
nike,Australia,Line for Bank of China (Haymarket) every morning 
nike,Australia,Introducing the Nike Sydney Tower 
nike,Australia,Nike Auburn line across the street! 
nike,Australia,"Chatswood Station Eshays, why? Station Eshays,

I understand, I really do. I was once like you. The very same place.  Time, in its eddies and tributaries, has faded my memories of these days. 


I can't remember being absolute mouth breathers like you though.


I saw one of you, upon the final consumption of the fried personification of middling disappointment, proceed to drop said bag of KFC in the middle of the square then tramp on it. I later witnessed another of your cohort suck out the top of the soft serve and then drop the cone on the escalator.


The cone is the best bit. I think that not eating the cone, rather than its littering, has prompted this post.


I get it. World don't owe you. Live your life your way. All that shit. But(t) fuck, the fuck does that do with treating public spaces like shit and pissing off everyone under the sun by swearing at the top of your lungs for banal shit. At least be fucking creative about it, you fucking fucks. 


Eshays used to be cool. They actually rolled people. All you're doing is becoming the object of people's base desire for bloodshed. If you're going to lower the suburb's house prices at least go about it with some level of competence.


Christ, is this what the boomers are like? 


You literally have a bumbag. You're fuckin 12.


Disclaimer: This is a shitpost. Don't sue me for defamation."
nike,Australia,"Anybody running the Nike Women's Half Marathon in July? I've signed up for the Nike Women's Half Marathon in Sydney in July. It will be my first half marathon and I'm planning on training for it over the next 3 months.   
Hoping there might be some chicks on here that are also getting involved, maybe we could train together? Add each other on the app? Share training ideas?"
nike,Australia,Sydney fire: Surry Hills building could collapse; NSW Police questioning two children 
nike,Australia,Does anyone know where I can buy these Nike air max? 
nike,Australia,May contain traces of spray paint and Nike TNs. 
nike,Australia,"Sydney’s Gangland War I've seen on the news this morning that there has been another shooting of an outlaw biker, I believe it was fatal.

Can anyone explain this new gang war to me?"
nike,Australia,"Best/cheapest online store for shipping Nike basketball shoes to Sydney? Looking for the best place to get some basketball shoes.

Looking for Hyperdunks 2015, and wondering if I'd save money going online.

Thanks all."
nike,Australia,Does anyone have these Sydney 2000 olympic Nike shoes? Looking to buy for my collection. 
nike,Australia,"Morning Sydney, we did the movewithHart (Kevin Hart) 5km run event ran by Nike today "
nike,Australia,"I was just curious as to other 80's and 90's ""Westy's"" opinions on today's Essay culture? Edit - I meant to say Eshay in my title but autocorrect screwed me and I couldn't edit the title.

I was born in Bankstown and grew up around Villawood, Cabramatta, Fairfield, Airds etc and was proudly a Westy through my teens and 20's. The customary flannelette shirt over an acadaca shirt, beanie, ripped jeans or tack suit pants and either Nike's, addidas or for some ugg boots.
Mullets were pretty much compulsory and I was proud of mine but it was not like the type of mullets that you see on the average ""Eshay"". Besides the common shave above both ears, most of their haircuts look like backyard jobs that got interrupted half way through.
We were also known as ""hoodlems"" for want of a better word but I don't feel like Westys seemed to Harras the average citizen and act a fool as much as we kept things more low key but I might be biased and my memory from that time isn't the best 🤣 so I was curious to hear from past original Westy's on their opinions plus those from who weren't from the west on what your opinion or general consensus was on westys in general during the 80's, 90's and 2000's?
Cheers 🍻"
nike,Australia,A bit gloomy this Saturday morning! Was drizzling for a couple minutes. Good morning Sydney 
nike,Australia,"Running in the rain Trying to stay active this summer and go for runs but the rains have been putting a spanner in my plans.

Any tips on how to run while it’s raining? I find my shoes have zero grip in the rain and i don’t want my phone or earphones to get wet.

Any advice from the rainy runners out there? "
nike,Australia,why always shoes on the wire? 
nike,Australia,Penrith sights 
nike,Australia,"Mother and Daughter (3) matching clothes. What store?  I'm in the CBD, help out a Dad who is clueless. I'd love my wife and daughter to have the same clothing item, would be a good mother's day gift. 

Had a look at a few options in store for Nike jackets or Peter Alexander sleepware, was quickly a few hundred. 

Any ideas would be great, thanks locals. "
nike,Australia,"Mild Monday Night Thread - 20.02.17 Monday, night, ect. No one else posted one so here's a late thread. 

I'm still too hungover for coherency. Hope everyone's having a good one. "
nike,Australia,what the hell 
nike,Australia,Tresspasser at Lidcombe just now 
nike,Australia,Boy bitten on cheek at Macquarie Centre 
nike,Australia,"Scammer ""homeless"" kid on Sydney trains. Was on the 5.33pm train from Central to Revesby the other day, as we stopped at Wolli Creek some guy who looked about 18-19 years old, blonde hair, slim build gets on and he's got no shoes on, dirty pair of shorts and a ripped green t-shirt. Carrying a black bin bag. 

As the train takes off this kid stands at the top of the stairs to the upper carriage and says something along the lines of ""Currently living on the streets, got nothing to eat and looking for money to stay at an hostel for the night. Anyone got a few dollars they can spare?"" 

No one gave him anything on our carriage.

Get to my stop and I usually go to IGA which is in the opposite direction of my home, after doing the grocery shopping I start walking back towards the station to go home and guess who I see? The same dude asking for money, now wearing jeans with a pair of Nike's on, beats by Dre bluetooth headphones and a brand new Samsung S8. (still rocking his green ripped tee under a pretty nice jacket.

Has anyone seen anything similar lately? I bitched out and didn't say anything to the bloke, but I do see him quite regularly just walking about. This has definitely put me off throwing some spare $$ to beggars."
nike,Australia,"The Anzac Bridge and the largest billboard in the Southern Hemisphere, which costs over $250,000 p/m to advertise on. "
nike,Australia,"Good shoes for walking? I walk about an hour daily and keep going through shoes. Can anyone give me any recommendations for a brand which is:

1. Durable i.e. will last longer than 6 goddamn months.
2. Comfortable.
3. Not super ugly like those big roadworker boots.

Thanks dudes and dudettes

EDIT

Appreciate everyone for replying, thanks to all of you. "
nike,Australia,"Umbrella thread Now considering the crappy weather and winter coming up, combined with the fact that my nikes and bag are completely drenched from a 5 minute walk, I was wondering if anyone could recommend a good place to buy an umbrella, preferably online and a full sized one or a decent sized fold up one. 

Can anyone point me in the right direction? All I’ve been doing year in and out is buying 2 dollar shop ones but they fall apart by the end of the season and they don’t cover me and my bag

Any suggestions? "
nike,Australia,"Mapplestore and Incu similar places to buy cloths in Sydney? My gf is currently in Sydney and I want to buy some new fits. I want to buy brands such as Gramicci, Nike ACG, Manastash. \_High-end tech\_ brands. Japanese and Korean brands as well.

Im looking for alternatives to Mapplestore and Incu.  


Thanks :)"
nike,Australia,"Place to buy jeans that aren't skinny jeans? The stores where I am at are sold out of all jeans that aren't skinny jeans, and the jeans I currently have aren't fitting anymore (yay for losing weight). I need to go to Sydney anyways, any recs re jeans in a **women's** 12-14 that are bootcut or other non-skinny cuts?  


I have tried Kmart/Target/Just Jeans etc. Kmart and JJ both admitted that skinny jeans are all they're gonna have for a while, JJ's even admitted COVID is interfering with their ability to get stuff in. 

Recs for places to buy sneakers would also be appreciated, my Nikes are about on their last legs. I've seen Platypus Shoes as a place maybe? Thanks!"
nike,Australia,Looking for advice on uni Hi hope you are all doing well. I'm currently a hsc students who's about to finish this year despite everything that has happened. I'm getting ready for the next chapter of my life but have two paths to choose from before I continue. I'm definitely going to university next year and have been offered places in Acu strathfield and Western uni Parramatta in a course for social work. Only issue is that im not sure which one to choose and I'm hoping someone would be able to give me a good advice on choosing a uni.
nike,Australia,What’s that Spray painted symbol I’ve seen on basketball courts 
nike,Australia,"Possibility that the Stadium upgrades are for the World Cup in 2022? So this is entirely speculation but Fifa seem to be under serious scrutiny with regards to the Qatar world cup which everyone knows was selected due to bribery. News today is that 

>Three South American soccer officials were offered a total of $10 million to $15 million in bribes in exchange for votes for Qatar to host 2022 World Cup, according to testimony today in FIFA trial.
>The officials, Luis Bedoya of Colombia, Luis Chiriboga of Ecuador, and Carlos Chavez of Bolivia, were not on FIFA ExCo and did not have the votes. But Mariano Jinkis of sports marketing firm Full Play said he could get the money from a Qatari contact in exchange for their votes.
>All of this took place at a hotel in Madrid on occasion of the Champions League final in May 2010. Jinkis introduced Bedoya, Chiriboga, and Chavez to a Qatari official who asked for their support.

With the FBI going after Fifa and more of this corruption coming to light, there's talk that Qatar will lose the right to host the World Cup.


Now if we look at the stadium work being done - 

>Allianz Stadium at Moore Park to be levelled in October next year with a new $700 million, 45,000-seat stadium built on the existing site with a view to open it in 2020.

>ANZ Stadium would be demolished in 2019 to make way for a new $1.2 billion arena with an opening date in 2021.

It's odd that it's just the two rectangular stadiums
>Sydney's two major rectangular stadiums would be out of play at the same time for just one season.

I wonder if Australia/NSW knows more than what is currently out there or is atleast getting ready for what most soccer fans are expecting to happen.
"
nike,Australia,"Looking to step up my fitness game (On the cheap) I've recently lost a lot of weight through diet and walking more but I'm looking for something to take me to the next level possibly with some light weights, harder cardio and general all around strength training.

Does anyone know a good option for someone in my shoes? I'm a student and money will be an issue, I've been looking for free/cheap places where I can get more physical than walking or jogging and go at my own pace.

I've done a bit of research and I would like to explore the option of swimming, does anyone know anything about Cook+Phillip Aquatic Fitness Centre? Their memberships seem pricey but the per use charges seem fair, can anyone vouch for that particular place? Or can anyone recommend a similar place?

Or can anyone name a park with equipment that adults can climb on? Like those wooden monstrosities I'd always see in playparks where I grew up with those round greyish green beams.

I'm a 20 minute train ride south of the city and I don't drive so I'd like to keep suggestions as close to the city as possible, no long trips to the west or north.

Trampoline places seem way too pricey and crossfit scares me, all I want is to get more physical in a fitting environment and not have to pay hundreds of dollars.

Cheers and I hope this helps other people in my situation."
nike,Australia,"Sydney's Transit Officers. My experiences, yours too? I commute to Horsnby, for work, 5 days a week from the Central Coast to. I'll start by admitting that have received a penalty notice but it never resulted in a fine as it was my first offence. I had an issue regarding the conduct of the issuing Transit Officer and for the penalty notice itself. I am a student and had not long been catching public transport at the time and I had no real idea of what the go was with it all so I asked the person you buy tickets off if my student ID was ok to buy a concession ticket with, he sold me a ticket saying it was ok. Well I know now that it wasn't and I needed a concession card. My issue was that I shouldn't have been sold the ticket if it wasn't ok and I would have bought the right ticket had I known. Back track on this day a bit and I'll say that my first encounter with the officer that issued my penalty was about a month prior when I had been pushed down going through a barrier by a very typical Gosford local trying to get through on my ticket. I had hurt myself quite badly on the way down and as I stood up to try and find someone's help I hear laughing. It was the transit officer. I looked around for support but all I found was him, with his partner in the background somewhere, laughing. I burst into tears as I walked out of the station before calling in sick for work, shrivelled by embarrassment. I wish I had of had the balls to say something then. I did however find some bravado the next time we met when I questioned him on why he never helped or tryed to stop the person fare evading! He denied ever being there, of course, as he handed me the notice. So now fast forward to today, months and months later. I tap on at Hornsby, everything's fine, I get off at Gosford and there is a group of about 6-8 officers. As I am walking to the gates, before I even get there, I get pulled over, not by the same officer though, and I'm asked for my opal card and ID. I am a 26 year old female, dressed professionally for work with nothing about me that would suggest I should be flagged. I was told once he'd scanned my card that ""I got a red cross"" as he shoved his scanner in my face. I explained reasonably that I had tapped on at Hornsby and had no idea why that would have happened. I was wearing heels and had a backpack and handbag full and it was not reasonable to think I would have been capable of jumping the gate in front of the staff at Hornsby. Ok fair enough, excuses are not allowed to these guys, they don't care, but to explain how little he cared he could not have been any ruder. I have only had experiences with officers that think they can conduct themselves in any manner and I am fed up with what kind of people they seem to be and what they seem to stand for. Aside from the issues I have personally had with these guys, I had begun to notice how they were with others and how they were when dealing with people at gates. I began to watch them at Gosford and noticed that they very rarely stopped the ones jumping the gates. I took notice of who these people were that we're getting away with this. They were the same type of person that pushed me over that day trying to get through for free. The type of people that wear Nike branded everything and sport rats tails and bumbags, you know the ones, the ones that bounce around like they're so fucked up on something that they don't even know anymore. Why's that? I want someone to explain to me, even though I have gathered the reason, why they seem to focus on the decent looking folk who by all appearances look like decent, tax paying people, even if they haven't got a ticket. Someone explain to me why they haven't got police doing this job or why they haven't given Transit Officers the power to act more in line with police. If they did have more power then maybe they would bother with those people and not just the working class, who pose much less threat to them when they issue their penalties. Hang on a minute, why would I want people with such a poor moral compass to have more power?! I don't. My point is, they're only there to cowardly make money for a government, I'm sure a good portion of, wouldn't have voted for. They are robbing the working class while letting those, that I have absolutely no doubt, are not tax payers, off with no consequence. I have called transportnsw and have made a complaint but I have no doubt it will mean nothing, I will also be appealing the penalty as I know that I was doing the right thing and will not stand for being told told that I wasn't! If you've stayed this long, thanks because that was quite the rant! But anyway, let me know your thoughts on transit officers or any experiences had."
nike,Australia,"AG soccer boots at a reasonable price? Hi everyone,

Looking to buy a pair of AG boots for social football. Ultra, Nike, Adidas have them but they are too exxy.

I’m thinking about going to outlets like Birkenhead and DFO Homebush. 

Does anyone know of a good place that sells AG soccer boots?

Thank you!"
nike,Australia,Maroubra... 
nike,Australia,"What clothing brand is this and why is it getting so popular with kids http://imgur.com/yGGetb9 

Is this some sort of luxury brand that the kids wear as to associate themselves with some kind of ""swag""? 

Also see a lot of young chaps on the train wearing very similar combinations of clothing; usually consisting of various Nike and Adidas track pants or caps with a Ralph Lauren polo. Is this some sort of ""cool kid"" culture thing going on nowadays? Seems to be most prevalent in Sydney.


Someone please tell me what is going on. 

EDIT: http://en.wikipedia.org/wiki/Canterbury_of_New_Zealand 
Found it. I'm still very intrigued by this ""lad"" thing going on. Is this a cool way to dress for kids nowadays or are the people wearing it part of some youth gang? (Like how the crips wear blue and the bloods wear red)."
nike,Australia,"Weird question but anyone know where I can buy a Kawhi Leonard NBA Jersey? I grew up in Toronto and I'm all hyped for the NBA grand finals and have been wanting a Kawhi jersey for ages but can't seem to find one anywhere.

The particular one I'm looking for is This one [https://www.rebelsport.com.au/p/nike-mens-toronto-raptors-kawhi-leonard-2019-swingman-jersey-M57269601.html](https://www.rebelsport.com.au/p/nike-mens-toronto-raptors-kawhi-leonard-2019-swingman-jersey-M57269601.html) 

&#x200B;

I think all but a few 50+kms from where I am sell them at rebel and I can't find them elsewhere!

I found a few all star ones but only in youth sizes and it seems like I'm out of luck everywhere else.

If someone knows a sportswear place that might have it could you please direct me?

Thank you!"
nike,Australia,"Please recommend places for me to visit during my 8 day stay this week. I'm (female) from QLD so not a complete ""foreigner"". I mainly plan on shopping and eating during my stay lol

I don't want any tourist reccomendations sorry.

Please recommend some fashion stores/boutiques/op shops etc and also places to buy shoes (nike, adidas etc) . 

I love eastern Asian food so any restaurants and takeaway joints you like please tell me.

Even better if these places are hidden gems xx"
nike,Australia,"It is cold, giving away free jumpers and jackets Hey guys I was clearing out my wardrobe and have a good amount of clothes I don't want/need. So I am happy to give them away for free. They are mostly jumpers and jackets. The pics are in forms of gumtree ad cause I was selling them but disregard the prices and I will give them away for free. PM or comment if you guys want any!

http://www.gumtree.com.au/s-ad/eastwood/jackets-coats/jeanswest-premium-coloured-jumper-size-m/1114148197

http://www.gumtree.com.au/s-ad/eastwood/jackets-coats/nike-windrunner/1114147051

I have more that I will put up more pics later."
nike,Australia,"Lifting Shoes in Sydney Hi All,
Long shot and a little bit unrelated to the general postings, but I literally have no idea, hoping someone can help. 

Does anyone know where I can actually try a pair of lifting/squat shoes within the Sydney region? Obviously there are plenty of sport shoes around ie Rebel etc but there is absoloutley nowhere to try on lifting shoes, and it appears that the only source to get them is online.

I think I will really like them but like every other pair of shoes I really want to try them on and see if they are a fit and wether I will be happy with them.

Does anyone have any suggestions?"
nike,Australia,What are some great sneakers for $100-$150 and from which store? (Not online) 
nike,Australia,"Where would I be able to play some basketball? And where could I buy shoes? Hey all

Moved to Sydney a couple of weeks ago. Been wondering if there's any outdoor or indoor courts where I could play some basketball?

Since I came with just 1 pair of shoes, I need some for training(and basketball). I've been to some shoe stores and visited a big Rebel store (Westfield Bondi junction). Only Rebel had some pairs but very few and nothing good.

So I've been thinking is there a good online store to buy sports stuff? Shoes, clothes etc.

Another thing I've been thinking about are discount department stores. In US there's Marshalls, TJ Maxx, Ross for example, and they have lots of Nike, Adidas, UA etc clothing and shoes. KMart has just some generic low quality stuff. Is there a discount store that would sell these leftover brand things?

I'm living in Mosman btw

Thanks in advance"
nike,Australia,"Free fitness activities/groups in Sydney? Looking to join some running/HIIT/yoga/aerobics/biking/hiking type clubs. I know about the Nike Training folks, but is there anything else going on in the city for free? Or any good fitness meet-up groups you'd recommend? "
nike,Australia,"Run clubs in Sydney CBD, anyone part of one and any recommendations? I'm currently starting sessions after work a few days a week but really looking forward to joining a run club rather than running by myself. Are any of you guys part of one and are there any that you recommend in Sydney cbd? 

Or anyone like to be run buddies with me? I work in wynyard. I'm a beginner runner tho... :)"
nike,Australia,"oztag footwear help hello everyone, i've just made the school team for Oz Tag and i'm wondering if the Nike Mercurial Vortex III FG soccer shoes are permitted in the rules?

thanks"
nike,Australia,Does anyone know where I can get these shoes from? 
nike,Australia,"PSA: if you're thinking: hey, it's a rainy day, I'll go to a large indoor shopping centre, beware everyone else already had that idea. Queue to get into the carpark at DFO south wharf was about a kilometre long and the crowd inside the Nike store was sweatier than the dancefloor at Revs in 2017 stay home, watch tv."
nike,Australia,"free palestine protesters protesting at mcdonald’s melbourne central the free palestine movement is great, but i just don’t see what they think this achieves? how does annoying minimum-wage mcdonald’s workers who have nothing to do with mcdonald’s as a multibillion dollar corporation help free palestine? the guy holding the flag screamed: “get back to work, you bitch!!” to the manger who asked him to get off the counter. :/"
nike,Australia,"These 3 African women were stealing shoes from a nike store. When security caught them they threw dirt in his face and started screaming ""Black lives matter"". (South wharf DFO) "
nike,Australia,"what the fuck 700 people applied for a casual, minimum wage, retail assistant job? is it just me or is that insane. do people apply for every job they see?"
nike,Australia,"Should the green car indicate right or not at this roundabout? Settle a debate I'm having with my partner...

Should the vehicle in the green lane indicate right? or not indicate?"
nike,Australia,"Nike Melbourne marathon - Chibani Fit 2.5km walk  I feel like I’ve been given multiple different locations as to where it starts and ends.
I’m so confused.

It’s honestly overwhelming me knowing I have no clue where it ends and finishes. All I know is when it starts. Please help me.
It’s my first marathon. I don’t want to miss it"
nike,Australia,Is it safe to wear Nike Air Max Plus TNs in Melbourne? I like the design and style is these shoes but I've been told that people who wear these have had been rolled/robbed of their shoes
nike,Australia,"What's up with small groups of youths shoplifting in broad daylight now? This is the second time I've seen this happen - first time was at Fountain Gate, today it happened at Chadstone. 

I was walking towards the exit adjacent to Aldi when a group of five youths (maybe 15-18 years old) all wearing the same thing: black Nikes, tracksuit pants, North Face puffer vests/jacket - walking quickly and talking loudly with each other. Once they walked through the sliding doors, they took off their puffers and starting slamming the security tags on the ground repeatedly in order to break them.

Bystanders knew what was going on, but nobody did anything - probably fearing they're packing knives or something. 

Not that I personally feel sorry for North Face or Nike as a company, but I feel this kind of ""group shoplifting"" is commonplace now."
nike,Australia,"Why is there often a line at the Nike store? I live by Melbourne central and I've noticed that the Nike store often has massive lines. Here was a line with 20 people in it at noon yesterday, which is pretty amazing considering they open at 10 am. Is it a front for heroin or something, like those 24 hour flower shops? 

https://preview.redd.it/jszdvtdosyy81.jpg?width=2016&format=pjpg&auto=webp&s=7018c4c872b2879de2e48488b77ca5463dab81a9"
nike,Australia,"Well done to all the Mara-heads today Amazing effort by the wardens, volunteers and supporters too. Cracking day for a run. "
nike,Australia,Does anyone know why there was a long lineup outside Nike Melbourne Central today? 
nike,Australia,"Nike employee guest shopping pass Hello all, long shot but for those who are employees of Nike, are you please kindly help issue a guest pass for me? In return I'm happy to shout a beersie or a coffee 😁 please pm me?"
nike,Australia,"Nike Marathon GPX File I've been trying to map the Nike Marathon to upload to my Garmin, though it's taking me a bit of work to get the KM markers to reasonably match up.

Just thought I'd see if anyone else has one or has made one that I could steal?"
nike,Australia,"Is anyone missing a Nike sports bag? I live in Southbank and found a Nike duffel bag in the e-waste bin at my apartment building. I grabbed it because yay, treasure, and it’s certainly not e-waste. It’s filled with the randomest assortment of household items, and it’s got me wondering whether it could be stolen. I can’t even imagine the circumstances under which it would get filled with such random things. If you’re missing a Nike bag then please let me know what was in it."
nike,Australia,"Nike employee store South Melbourne Extreme long shot here, but wondering if anyone knows any ways/loop holes to get entry into the Nike employee store in South Melbourne?

I'm aware you can get in if you know someone who works there/someone sponsored by them etc, but wondering if there was any other ways to get an entry pass?

Also if anyone here has actually been there and could shed some light if it's actually worth going there/what they have and how it compares to the normal outlets in Melbourne? I'm particularly after player issue football gear/limited edition shoes and clothes

TIA"
nike,Australia,"Where to buy Nike Flyknits in Melbourne? I couldn't find them at my local rebel sport and nike store in the eastern suburbs.

Is there anywhere I can get a pair?"
nike,Australia,Found a pair of Boxed Nike sneakers on the Flinders/Lilydale line (found at Camberwell) 
nike,Australia,"Are cyclists meant to remain on the road or footpaths? What's general cycling etiquette? Hello! I've bought myself a bike for Christmas and before I go out I was wondering about this. I've heard a lot of complaints about cyclists and I don't want to contribute to bad behaviour or unnecessary endangerment of others. 

Any advice would also be appreciated!"
nike,Australia,Police investigate after 20 vehicles damaged in Preston 
nike,Australia,"Nike employees of Melbourne Hi, I'm after a pass to the employee store in Abbotsford. I've been twice before but my contact can't get me passes anymore. 
Is there anyone out there willing to pass one on? 
Willing to compensate."
nike,Australia,"Shoe shine boy Ive been playing around with the idea of bringing a street shoeshiner back to Melbourne.
Dress up old fashion, play blues, newspaper so on.

Was wondering if you all think there would be a market and if so what would be the best way of getting permits and what not."
nike,Australia,Currently being painted at Marvel Stadium. Looks AMAZING! 
nike,Australia,"Any advice on where to get off season winter clothes? I am in need of better looking winter clothes. What I have does the job I guess but I’ve been wearing them for ages and have seen better days.

With winter still a month or so to go, I am wondering what places will be selling their winter stock at a discount so I can get myself a deal this year. Do you have recommendations and tips on where to find off-season clothes?"
nike,Australia,Digital Watch Repair Place Suggestions Got this Nike Triax Alpha Project digital watch and noticed that the LCD lettering is fading. Any suggestions for places in Melbourne that could repair digital watches? Or is it even possible to repair?
nike,Australia,"It's the /r/melbourne random discussion thread [Sunday 10/05/2020] Welcome to the /r/Melbourne Daily Discussion Thread!
For up to date traffic information [VicRoads] (https://traffic.vicroads.vic.gov.au/)

For up to date train information [Metro Trains](http://www.metrotrains.com.au/lines/)  [Twitter](https://twitter.com/metrotrains?lang=en)

For up to date tram information [Yarra Trams](https://yarratrams.com.au/service-changes)  [Twitter](https://twitter.com/yarratrams?lang=en)

For up to date (hopefully) bus information [Transdev](http://www.transdevmelbourne.com.au/travel-information/disruptions/)  [Twitter](https://twitter.com/Transdev_Melb)

For up to date regional train information [Vline](https://www.vline.com.au/)

For network changes and disruptions [PTV](https://www.ptv.vic.gov.au/plan/disruptions/)  [Twitter](https://twitter.com/ptv_official)

[Reddit 101 - The basics!](http://www.reddit.com/wiki/reddit_101)"
nike,Australia,seeking advice on selling old shoes on consignment. Hi. I have a bunch of men's shoes in good quality I would like to sell. I have tried using search engines but SEO has poisoned the internet. Ideally looking for a brick and mortar shop that will sell them and we split the profits. Any advice would be greatly appreciated. 
nike,Australia,"It's the /r/melbourne random discussion thread [Wednesday 12/07/2017] Welcome to the /r/Melbourne Daily Discussion Thread!

[Reddit 101 - The basics!](http://www.reddit.com/wiki/reddit_101)
"
nike,Australia,"my apartment got broken into and my stuff got stolen, what should i do (pls help) hi guys, it’s my first time posting on reddit idk how to do this so pls forgive any mistakes! 

i live with a roommate in an apartment in CBD and last night someone broke into my apartment and stole my navy and white nike backpack with a lot of things that are valuable to me. 

i made a list of time stamps of what i did yesterday to report to the police and also spoke to the reception desk at my apartment. they were able to find cctv footage of a strange man following a neighbour onto my level (only people with fob/card swipers can access each living floor). the stranger then got into my apartment (not sure how but maybe he had a lock picker/key molder?) but there were no major signs of break in. 

in the bag i had my wallet with my debit card, ~$400 cash, two apple chargers and my airpods (i can track the location right now which is good!) 

i saw that he already spent $500 on my debit card last night after stealing and this morning too. i called the bank and they will help me solve that! (i can’t believe he spent so much omg)

i reported this to the police and they said they don’t have any detectives on hand to investigate now which i understand but also im not sure how i can recover my lost items and money because my parents gave them to me and im so ashamed about this situation. 

the police came to take photos/evidence of burglary and it is so scary knowing that a strange man has come inside of my apartment so easily and stole something. 

as i mentioned earlier, ive been tracking my airpods and found the guy was staying at a few places in cbd but it’ll be hard to recognise the person so i can’t do much rn. i also saw him go to DFO for a shopping spree with my money 😭. 

he was in CBD last night but now he is moving towards southbank/st kilda and i’m worried if i don’t get my stuff now ill never have the chance to in the future. 

the police said the cctv won’t be too much help even if it captures his face bc they might not recognise him. 

anyways, i guess i just really need some advice on what i should do bc idk what the police can do to help me rn. i really want my things back but im scared of confronting the burglar. if this has happened to anyone else recently im so sorry and please feel free to reach out! or if anyone has experienced this and dealt with it and got their stuff back id love to hear how you did it!!

tldr: my apartment got burglarised and my bag got stolen. i reported to officers but idk if they can help me and i know the burglars locations from my airpods, what should i do?

"
nike,Australia,"It's the /r/melbourne random discussion thread [Monday 11/07/2016] Welcome to the /r/Melbourne Daily Discussion Thread!

[Reddit 101 - The basics!](http://www.reddit.com/wiki/reddit_101)
"
nike,Australia,"Friendly reminder to stay safe and aware on our trains. I just got the fright of my life. I happened to look up at the wrong time on the train and spotted a younger guy across from me kneel down and pull a large cooking knife out of a nike drawstring bag, take it out of the sheath, check it and place it back. 

Luckily he put it away but it frightened the hell out of me and I seemed to be the only one in the carriage to notice. After I made sure he wasn’t getting off at my stop I reported it to the PSO (no idea if they took it seriously, almost insuiated that he might have it for his profession? Not sure what kind of chef would openly check their knifes on public transport).

Also hoping that knife isn’t used for anything stupid later tonight or he got caught.

Stay safe."
nike,Australia,"Is bonds underware really that bad? 

Hey sorry If this wrong spot lol can't find a subreddit for this outside of r/Australia 

I'm male and just needed underware for chafing and well they felt nice to wear to me in my opinion. 

Then I look to reddit an hour later because I didn't put much research tbh.

Just all I knew was cotton was good?

Is it just the reddit hive mind going against it?"
nike,Australia,"Video conference on train!!! Since when has it become acceptable to have a video conference on the train?

I realise people have used them more and more, but come on, I don’t want to know why your project, product or business is going down the toilet."
nike,Australia,"Old School Textbooks. Take or Swap. Mordialloc area. I don’t think this is a sale, but, or exchange post. Sorry if it is considered that. 

I’ve dropped a bunch of school text books off at this community book swap point. On Station Street Aspendale, between James and Eulinga Ave’s. 

Given the cost of living increases, I thought some families might appreciate them, rather than me selling them on eBay. There may have been some taken already. It’s been a couple of days, so don’t make a long trip out here. Unless you want to read other books in the cabinet. 

No dumping please. Don’t overfill the display. "
nike,Australia,"What clothing brands do you use? Hi Melbournians,

As the seasons keep changing and Melbourne weather can be as unpredictable as any, it feels near impossible to find quality clothing to exercise in.

Any active wear I have purchased like Nike, Adidas, Asics, New Balance, LSKD, Elite Eleven have felt low quality and have not lasted long at all.

What are people buying that is quality?
"
nike,Australia,"Shincheonji A.K.A Melbourne Central Cult Recent Activity [52 Albert Road](https://preview.redd.it/2a5vwfvun24c1.jpg?width=1042&format=pjpg&auto=webp&s=2b75aad5880d8705ec4ebfde75260a36b49670e9)

Dear Melbournian, this Tuesday 5th of December [Shincheonji](https://www.google.com/amp/s/www.news.com.au/lifestyle/real-life/true-stories/exshincheonji-exposes-dangerous-practices-of-christian-group/news-story/d70a93f11f31f1bd8f34cb11c00ed252%3famp) A.K.A Melbourne Central cult is opening new Bible study class on 52 Albert Road, level 2 & online class over Zoom.

The front name of the Bible study is ""Present"". Class will run every Tuesday, Thursday, and Saturday (3x a week)

Here are the name of the teachers that will be in the class to confirm if the bible study you are joining is Shincheonji. I will only show the first & the last letter of each of their names due to privacy policy in this subreddit:

Bo\*g (R\*becc*)

Fio\*a   
Jess**n

J\*n   
L\*z   
L\*na  
N\*a (Ald*)

Tia\*a 

⚠️If you ever express any doubt that the bible study class to your bible study friends or teacher, they are likely to **downplaying** you to be ""Open Minded"" by saying *""Let's listen first & not judge too quick what is right & not right, then after that we can made our own decision.""*

Keep in mind, that is not the only way they could downplay your doubts / whenever you are being critical & sceptical about the group to keep you away from questioning."
nike,Australia,People who commute like this. 
nike,Australia,"Big police presence at Forest Hill Chase Chopper overhead, many marked and unmarked police cars in and around the car park, police wandering around the centre apparently looking for someone. No idea what’s going on, but might be an idea to avoid the area just in case. "
nike,Australia,"Ladies, I have a ‘short’ question Curvy girls, I need help finding shorts with these same characteristics. I got paint on these which is DEVASTATING and need to find something similar. 

I bought these shorts from Kmart a few years ago and have been really struggling to find shorts that fit so well. 

Most of the ones I’ve seen have an elastic waist that rides up too high and results in massive wedgies/visible buttcheeks, or they are loose and comfy like these ones but everyone ends up seeing my undies because they don’t have that privacy liner. 

I hate shopping but need to try before buying and don’t want to wander around the shops aimlessly.

What I’m looking for in a nutshell: tight-ish liner with loose outer, doesn’t show buttcheeks, not too tight on stomach, sits at the hips instead of the waist and has POCKETS. 

Help a girl out pls? I will pay anything to find good shorts."
nike,Australia,Is this legit? Seems like an easy $400 
nike,Australia,"Self defence equipment Hey guys, 

What are some legal self defence tools that I could possible buy in Melbourne? 

I recently started a new job and have really early shifts. I use public transport and when I reach my destination I just don't feel very safe. 

So for safety purposes I think I need to have something on hand. 

Would like to hear some advice.
Thanks!"
nike,Australia,What’s with all the red sneaker dudes around Melbourne? why are they always so cooked and aggressive?
nike,Australia,Can anyone tell me and explain what this is please? 
nike,Australia,"What is an eshay and where can I find them? Is Eshay a fad, a style or something else? Also, where can I observe this IRL?  
I’m not from here for this is all very new to me."
nike,Australia,"I need help finding a footlocker commercial So I was at footlocker today and saw a commercial near the Nike shoes. It should a close up of Nike shoes worn by men and women and at the end, a women shoots a basketball into a hoop in a dark atmosphere with drummers playing after she shoots it. 

I've searched everywhere on google but haven't found any results. Any help would be great."
nike,Australia,"Melbourne half marathons 2025 Hi getting into running and would like to try a half marathon next year but i don’t know any!

can i pls have some suggestions! thnx "
nike,Australia,"Where to buy these shoes in Australia https://preview.redd.it/03li0xnun3fd1.png?width=610&format=png&auto=webp&s=abba6f0c8c8b1312962269ba3187786bf45a659f

"
nike,Australia,"Why is it so hard to find all back smart casual sneakers? Had a look in person in David Jones, Myer and online at the same plus Addidas, Hush Puppies, Tommy Hilfiger, La Coste, etc. 

I want smart casual sneakers that I can sub in for formal black dress shoes … for days when I want to slightly dress down and don’t want to wear shoes. 

All sneakers I can find are multicolored abominations with white stripes, logos or massive white soles that make the sneakers look like Krusty the clown walking around in hovercraft boots.  

Why is it so hard to find all back smart casual sneakers? Any tips on where to find some?"
nike,Australia,"Queens of Concrete: Life after the Olympic skateboarding dream Ava Godfrey was just 12 when she set her sights on skateboarding in the Olympics.


“I was a lot younger, and I wasn’t scared of anything at all,” she said. “Everything was about skateboarding.”


While 14-year-old Australian skateboarder Arisa Trew triumphed with a gold medal in Paris, Godfrey, now 21, didn’t ever make it to the Olympics.


“I had pressure for sure, and it just didn’t become fun any more, after a while,” she said. “Pressure from myself and everyone involved wanting me to be the best. It was just too much to handle.”


Godfrey is one of three young women skateboarders who appear in the documentary Queens of Concrete, which premieres at the Melbourne International Film Festival this week.


hot over seven years, including the lead-up to the Paris Olympics, the coming-of-age documentary follows the highs and lows of the trio pursuing their Olympic dreams.


The Age meets director Eliza Cox and Godfrey at Riverslide Skate Park on the Yarra River in Melbourne’s CBD.


The park is where some of the first scenes of the documentary were filmed, featuring Godfrey, Charlotte Heath (then nine) and Hayley Wilson (then 14).


“I was really little,” Godfrey laughs, reflecting on the film. “When you’re younger you’re not scared of breaking bones, now I’m like, ‘Hmmm’.”


Cox wanted to follow their journey towards the Tokyo Olympics and end the film six to 12 months after the games, but COVID meant it took longer than expected to complete the film.


Of the three, only Wilson made it to the Olympics, where she made history as Australia’s first female skateboarder in the street event. She now spends most of her time in front of a camera, skating and creating content for Nike.


“That was always the hope, that they would take three different paths so that we could convey that,” Cox said. 


“We didn’t want all three of them to go to the Olympics and win gold.”


The three girls grow up over the course of the documentary, grappling with puberty, and for Godfrey, the death of two friends.


“Your body changes [in puberty],” Cox said. “You’re carrying weight in different areas, your physiology, your hormones, kick in. You do become more scared, it’s a physiological thing and that’s why the progression [in skateboarding] is being driven by the young ones, because they don’t have that.”


Cox said she wants the documentary to show there is no one path to success.


“It’s about finding yourself and accepting, reconciling the journey that we’ve taken, the people we’ve become when life throws spanners at you and things that are beyond our control,” she said. “That’s OK – success comes in so many different forms.”


Godfrey now spends her time snowboarding and working as the skateboarding stunt double in the Netflix series Surviving Summer.


“I don’t compete any more, and I’m at ease with that,” she said. “I just skate with friends and just hang out and have fun.”


She watched the Paris Olympics on television and said she was amazed to see how far women’s skateboarding has come.


“There’s just so many girls [skating] now,” she said. “I think since the first Olympics [Tokyo], a lot of girls have got into it, seeing it on the biggest screens, seeing that they can do it. It’s not just a male-dominated sport any more, which is amazing. There’s so many girls out there just pushing it.”


While some sports have age restrictions, Godfrey does not think this should apply in skateboarding, and is happy to see young girls competing at the highest level – but she does have a word of warning.


“Don’t push yourself too hard and just make sure you’re enjoying what you’re doing.”


Queens of Concrete premieres at the Melbourne International Film Festival on August 18.
"
nike,Australia,"Drove by this sign today on Palm Springs Rd, Ravenhall. What on earth is Oxygen Casino? "
nike,Australia,"Driver threw drink at me while I was delivering food on a bike. Got an order to deliver dumplings to Springvale. Happened near the djerring trail to Westall station. I usually don't accept orders delivering to Springvale because of its bad reputation, but I thought things have changed? Just watch out while walking or cycling at night along the trails.

&#x200B;

https://preview.redd.it/hf3f0zobo5891.jpg?width=1920&format=pjpg&auto=webp&s=4bfd4c8529e946679aaddef434c5c3aafe2e3be7"
nike,Australia,What is Melbourne's FAVOURITE product...early candidates are that Kathmandu Puffer with the green collar or the Bose QuietComfort 35's?? They are EVERYWHERE!!
nike,Australia,"Custom Jersey Printing Hey guys, i’m joining a social basketball league with a team and we were hoping to print some reversible jerseys with our own name and design on them. It doesn’t have to be branded eg nike adidas etc.

Any contacts you guys have? And how much will it be per pax? 

It’s for a team of 9-10, ideally if it’s reversible so we don’t have to bring 2 sets around every time, but if it isn’t it is fine as well. Would also be great if they sold just the tops, as we don’t really need the shorts.

Thank you!"
nike,Australia,Where to buy Australia Soccer Jersey? I’ve landed in Melbourne for the first time. Here for 3 days then moving into Sydney. Where could I buy an Australia official team soccer kit?
nike,Australia,"Visiting Melbourne - an outsider's compilation Hi all,
I'll be visiting Melbourne for the first time next week for business, with a few extra days for fun.  I dug through this subreddit and found some suggested do's and don't for Melbourne. 



Here's what I've come up with so far:

**DO'S -**

Get a full fare Myki

See St. Kilda Penguins on the pier

Get a skyline view from Vue de Monde

Bike ride up the coast and/or around Nagambie to Tahbilk Winery

Bike ride from Port Melbourne past Sandringham

Check out Healesville Sanctuary Zoo

Check out TarraWarra Museum of Art

Wander around French Island and (metaphorically?) poke a stick at koalas

Hiking in Cathedral Range, Weribee Gorge, Grampians, 1000 steps, Take a train to 
Belegrade, walk to the end of Old Monbulk Road and have at the nature

Check out nightlife in Fitzroy/Brunswick/St Kilda/Richmond

Use Traintrapper app for public transport

Drop Uber pin at McDonalds Tullamarine on Mickleham road to get picked up at the airport

use http://www.goodfood.com.au/ for a decent food map

trip acid in the botanical garden




**Don't:**

Go to the skydeck - waste of money

Get a boatride up and down the yarra - waste of money and boring

Eat on Lygon street

go to King St/CBD passed midnight unless I want to fight

get on public transport without a ticket

give money to people needing begging for pub trans tickets/wearing new nikes

order Fosters and shrimp on the barbie

have any sort of faith in the weather

go to Waterfront City



**What I'm still looking for suggestions on:**

local music scene

semi-touristy things for the tourist I am

Sports - I've never seen cricket in my life.  Is that in season?




What do you guys think?  Any suggestion on corrections I should make? Also, if anyone wants to be an impromptu-tour guide for me on any of these things during the next 2 weeks, I'd more than welcome your service and pay for it in pints!
"
nike,Australia,"reccs for team sport jerseys? Hey all,

I'm looking to source some simple team jerseys for a community futsal comp. Doesn't need to be fancy or high quality, but do need numbers and would prefer a quick turnaround. anyone have a recommendation for a physical or online shop? preferable based centrally, north or west."
nike,Australia,This is the scene outside Sneakerboy on Little Bourke Street. Melbourne's last chance to get Yeezy 350 Boost 
nike,Australia,"Anyone know were to get good sneakers? (Preferably dunks) Visiting Melbourne from Adelaide, so I figure I might as well get something from culture kings or similar, as its harder to find streetwear back home. Always wanted a pair of nike dunks, just not sure where would be the best place to go. (Hopefully one that doesn't charge over the top prices)."
nike,Australia,Meteor shower😍☄️🌌 
nike,Australia,Long Queue on Lonsdale St Does anyone know why people are queuing on Lonsdale St near Hardware Lane ?
nike,Australia,"Calling out the local 'heroes'... Here's your chance to call out the legends renowned through your community. 

1. The guy with tourettes that hangs out around Swan & Church Streets in Richmond. I am terrified of you. 

2. The Metro employee that runs the platform in the morning at Carnegie. You have more energy and enthusiasm than anyone I have ever met. Whoever recently decided that you should have a microphone should be probed with something blunt and large.

3. The large/bald deaf dude who sells the Big Issue around the Docklands. You can't bust out words but you make a point of smiling and acknowledging every person that looks your way. You are an absolute legend. 

4. The train announcer at Southern Cross station who sounds like Ernie Dingo on helium calling a greyhound race. You are piss funny without trying to be.  

Who am I missing?"
nike,Australia,What Are Melbournian's Opinions On Gentrification? Thought about this when I visited the US last month and saw widespread protests against the gentrification of historic inner-city neighborhoods. Curious to hear what the consensus is about it here since I feel like it really isn't spoken about and debated as much.
nike,Australia,"It's the /r/melbourne random discussion thread [Sunday 14/12/2014] Welcome to the /r/Melbourne Daily Discussion Thread!

[Reddit 101 - The basics!](http://www.reddit.com/wiki/reddit_101)

**Don't forget to sort comments by new to keep up!**
"
nike,Australia,"Best places to buy affordable/discounted streetwear for men Hi I would like some help looking for a decent place (In Melbourne) that sells good quality and condition streetwear. Whenever I’m in OP shops there always seems to be premium high prices . Would prefer locations close to CBD ,south bank or south wharf."
nike,Australia,"Hi, I'm looking for a new pair of running shoes and wanted recommendations. My budget is around $100. I'm willing to go to shops around CBD if needed be."
nike,Australia,"I know this is a bit of a niche post, but does anyone know where I can buy Power lifting/Weight lifting shoes in-store in Melbourne? I'm from the south eastern suburbs and I can't find anywhere in Melbourne that sells weight lifting shoes with a heel in store. If anyone happens to know where in Melbourne I can buy some I'd be really grateful, as I'm iffy about buying such expensive shoes online without trying them on, and I'm willing to drive an hour or more. Or if anyone has a used pair they want to sell me feel free to DM me! Cheers! and if this is against the rules please feel free to remove this post."
nike,Australia,"Chronic liars enquiring about religious beliefs So while strolling by myself I'm approached by two young adults on Swanston St who initially claim to be doing a survey for uni and they ask about my religious beliefs. I'm vague, saying that I appreciate all religion but don't follow anything in particular. That wasn't the answer they wanted and they start to wrap things up. But I'm curious so I enquire about them which is when things get weird.

The girl (20ish, indian maybe) calls herself Rey, the guy (also 20s, asian) goes by Julius. They claimed to be studying at 2nd year Psychology at RMIT, and I ask which class their assignment is from. While Julius checks his phone for an answer, I put the question to Rey, who is basically frozen. She can't tell me which classes they're taking. So I look to see Julius's phone and he immediately closes whatever he's looking at and swipes aimlessly around his home screen. I ask whether he has Canvas, and he asks ""What's that?"". It's the central software RMIT uses for teaching. Then their story changes, they're not RMIT students anymore. Awkward lie, but I move the conversation on rather than getting stuck on it.

I ask about their religious beliefs, they claim to be agnostic. I ask about Reddit and they seem oblivious. Julius asks 'is Reddit a software?' I tell them about the recent cult posts on here and ask whether they have been approached by anyone like that (I didn't want to directly accuse them of being the cult.) Again they're oblivious. I think their brains are fried after their  ""we're RMIT students doing a survey"" lie failed.

I ask how they met, he claims at St Francis Church. Although when I ask her she's adamant she's never been to St Francis, she is agnostic. Me: So Julius says you met at St Francis but you say you've never seen there. How'd you meet then? Silence. I ask him the same thing... So How'd you meet again? Julius: at St Francis church...

Me: Is honesty part of your value system? I think that you've each lied to me multiple times and I wonder how that sits with you. After another awkward silence, they finally make some excuse to leave"
nike,Australia,"Seeking an NBA jersey - specifically Sixers Looked around everywhere for a Sixers jersey, hoodie, shirt, anything - Rebel, Foot Locker, Adidas, Nike. Does anyone know any niche shops that sell jerseys anywhere? Can't seem to find one, although admittedly i'm not the biggest NBA fan. Anyone got any ideas as to where I can snag something for a Christmas present? I'd go online but i'd rather get it in person so I can check the quality/not worry about shipping times and it coming later than Christmas.

Cheers!"
nike,Australia,"Sales staff jobs Yo, Any sales staff from stores like Nike, Adidas or brands like these? What did you guys have on your resume to get that job? Or does it just requires some reference?"
nike,Australia,"Best magazine store in the city or suburbs? Now magnation in Elizabeth St has closed does anyone know a good alternative for one? There used to be a news agency at melcen too but it shut down and got replaced by Nike store.. 

I went to magnation at emporium but they dont have the same range as Elizabeth st one?

What about out there in the burbs?"
nike,Australia,"Where to buy powerlifting shoes in Melbourne? Just a quick one, would anyone here know where to buy powerlifting shoes in Melbourne. Preferably in the Western Suburbs. I'm kinda chasing a specific shoe (link at the bottom), but desperation is kicking in so I'm willing to settle for something else. I've already rang around to all the adidas stores unfortunately. 
Thanks heaps guys.

https://zoxoro.com.au/Products/adidas-Performance-Men-s-Powerlift-2-Trainer-Shoe-Black-White-Vivid-Red-10-5-M-US.html?gclid=Cj0KEQjw-YO7BRDwi6Stp7T296ABEiQAD6iWMdJgUJTCVXLNisjqdybyjI3DZADeGDcAz5ueKp4d_F4aAvAS8P8HAQ"
nike,Australia,"SKATEBOARDER MELBOURNE!! Hey all 😊

Had a couple questions for all the Melbourne residents!

1. I was wondering if anyone had recommendations for thin skate shoes similar to converses? 

2. My second question was if anyone around the eastern suburbs of Melbourne  would like to meet up and go for a skate? 

I’m only a new skater and would love some chill people to hang with as skating by yourself can get quite boring 😊

- Zach"
nike,Australia,"Futsal shoes Just started playing indoor again after ages, and need to buy some futsal shoes. Anyone got any recs for where I might find them for relatively cheap? Factory outlets or the like?"
nike,Australia,Great sneaker stores? I'm travelling to Melbourne all the way from Asia to visit my sister studying abroad. I was wondering if there's any nice sneaker stores that stock sneakers like Jordans. Searching online gave me only a handful of stores which was rather disappointing. Could there be some hidden gem that could has yet to be discovered online?
nike,Australia,270s under 190 aud Hi guys. Does anyone know where I could get a pair of Nike air max 270 black white size 11 to 12 for less than 190 aud? Pls help
nike,Australia,"Cheapish Football Boots in Melbourne Hey All,

I was wondering if anyone knew where to find a cheap pair of football boots in Melbourne. I am coming down to see a show next week and was looking to pick up a pair where i am from most shoes are are 160-250 for a pair. This is way too high as they are only for wet weather (i am an umpire)

Kind Regards

Kirk"
nike,Germany,"Der Sportschuhhersteller Nike zerstört systematisch Neuware, die etwa als Retoure zurückgeschickt wurden. Laut Bundesumweltministerium verstößt Nike damit möglicherweise gegen deutsches Recht. "
nike,Germany,Nike wird neuer DFB-Ausrüster ab 2027 
nike,Germany,DFB-Schatzmeister zu Nike-Deal: Adidas-Angebot nicht wettbewerbsfähig 
nike,Germany,Unser Nachbar dankt den Paketlieferanten für ihren Einsatz auf inspirierende weiße! 
nike,Germany,"Apple, Nike, Blizzard: Internationale Großkonzerne kuschen aus Angst vor China Apple, Nike, Blizzard: Internationale Großkonzerne kuschen aus Angst vor China.
https://www.focus.de/finanzen/boerse/angst-um-milliarden-markt-apple-nike-blizzard-internationale-grosskonzerne-kuschen-aus-angst-vor-china_id_11221339.html

Die Flagge Taiwans gibt es bei iOS nicht mehr, ein Hongkonger Sportler verlor jüngst all sein Preisgeld wegen eines kontroversen Interviews und ein Foto von Schuhdesignern führte dazu, dass Sneaker aus den Läden verschwanden. Internationale Großkonzerne kuschen gerade reihenweise vor China aus Angst, einen Milliardenmarkt zu verlieren."
nike,Germany,AfD-Anhänger nutzen Sneaker für Parteiwerbung – Nike schiebt Riegel vor 
nike,Germany,Müssen die Amerikaner Nikes bald selbst nähen? 
nike,Germany,Trump kritisiert Nike-Werbung mit Colin Kaepernick - Wirtschaft 
nike,Germany,Nike muss wegen überfüllter Lager Sportklamotten verramschen 
nike,Germany,Adidas vs. Nike: Drei Streifen vor Gericht 
nike,Germany,Nike führt als erster Hersteller Plus-Size-Schaufensterpuppen ein 
nike,Germany,"""Ein Muss für jeden Nike- und Pommes-Fan"" "
nike,Germany,"Von Adidas zu Nike: DFB-Team trug auch Trikots von Erima, Umbro und Leuzela "
nike,Germany,"Arbeitssicherheit? Genial doof: Einer steht mit laufender Heckenschere in der Schaufel, während der Kollege langsam vorwärts rollt."
nike,Germany,"Kofferraum-Discounter: kennt ihr das? Ich musste heute an meine Kindheit denken. Damals, als Kind osteuropäischer Einwanderer im Ruhrgebiet, war es bei uns üblich, dass von Zeit zu Zeit ein entfernter Bekannter bei uns vorbei kam, den Kofferraum gepackt mit Schnäppchen aller Art. Mal kam jemand mit Kochtöpfen im Set, mal waren es Trainingsanzüge von Nike oder Adidas, mal Werkzeuge oder PCs. Auch wenn mal was am Auto zu reparieren war fuhr ich mit Papa zu einem Garagenhof und traf dort jemand wie Manni, Vokuhila, Schnauzbart, Fuchsschwanz an der Antenne. Der hatte dann den Bremssatz oder die Zylinderkopfdichtung dabei, die wir am nächsten Tag verbauen würden. Irgendwie kannte Papa über die Arbeit (Bürojob im großen Konzern) immer jemanden der helfen konnte, sei es mit Gütern oder Dienstleistungen.
Woher die Ware kam wurde nie gefragt, ich kann heute natürlich nur mutmaßen. Worauf ich hinaus will: hat jemand von euch das so erlebt? War das Pottkultur oder nur was für Migranten? Gibt's sowas heute noch?"
nike,Germany,Paradise-Papers: Nikes Niederlande-Trick 
nike,Germany,Nike hat heute geschlossen 
nike,Germany,So schleust Nike Milliardengewinne an der Steuer vorbei 
nike,Germany,"Ich bin auf der Suche nach einer Website bei der man Retro / Vintage Nike, Adidas oder FILA Sachen bestellen kann. Und zwar gibt es zwar einen Haufen an Sachen die man durchs googeln findet, jedoch sind das entweder keine seriösen Seiten oder sie liefern nicht nach Deutschland oder nur für Unmengen an Versand und Zollkosten. 
[Beispiel ](https://www.google.de/shopping/product/12351480038271372762?q=vintage+nike+sweater&client=safari&bih=719&biw=414&hl=de&tbs=vw:g,ss:44&prmd=simvn&prds=epd:16288416603997098735,paur:ClkAsKraX9e_jiY4bcaN4smm-iqTNfRwOemzHFNKk9eHcaLJy94XBajl3YKC8N69rp_cmg6igSRhjsTAYEoJzRwnb2_9EuBowhfCJM1NGSE5YEEoFr-gvosLlBIZAFPVH71xT5LWdFJrhSP6mD6iz7zTmnWDkQ,cdl:1,prmr:1,cs:1)
Ich suche also eine Seite mit viel Auswahl und Lieferung nach Deutschland."
nike,Germany,Nike und das Oregon Project: Trotzig bis zum bitteren Ende (Kommentar von Johannes Knuth) 
nike,Germany,„Satellite“ im Höhenflug: Vor 15 Jahren gewinnt Lena den Eurovision Song Contest 
nike,Germany,Nach Dopingsperren - Nike Oregon Project wird laut Medien beendet 
nike,Germany,"Mary Cain erhebt Vorwürfe gegen Nike Oregon Project: ""Ich wurde vom System geistig und körperlich misshandelt"" "
nike,Germany,Hyper Adapt: Marty McFly's selbstschnürende Nikes sind da - ab Weihnachten 2016 
nike,Germany,Nike Oregon Project und Salazar: Die Athleten müssen reden statt schweigen (Kommentar von Thomas Kistner) 
nike,Germany,"«Kleider, wie vom Lastwagen überfahren»: Federer schiesst gegen Ex-Ausrüster Nike "
nike,Germany,EU-Kommission: Nike muss Millionenstrafe zahlen - SPIEGEL ONLINE - Wirtschaft 
nike,Germany,Ukraine: Warum die USA Putins Kriegspläne offenlegen 
nike,Germany,Fußball England: 66 Millionen Euro im Jahr: Chelsea schließt Rekorddeal mit Nike ab 
nike,Germany,"Ich weiß nicht ob ich weinen oder lachen soll: Zuhälter fordert 100 Millionen US-Dollar von Nike weil Schuhe ""gefährliche Waffe"" seien. "
nike,Germany,"Nike zeigt selbstschnürenden Schuh wie aus ""Zurück in die Zukunft"" "
nike,Germany,"[TIRADE] Eltern deutscher Kinderspielplätze Oh Freunde, was lobte die bucklige Verwandtschaft sie damals in den Himmel: Die Vaterschaft! Was tolles käme da auf einen zu! Das verändert das Leben komplett! Der Schlafmangel lohnt sich! Hier, ein Gutschein für 0,1% Rabatt auf einen 5000 Euro Kinderwagen! Helau! Alaaf!

Nun gut, sie behielten ja recht. Ohne zu sehr zu entgleisen - Papa werden ist das beste, was mir in meinem unspektakulären Knechtschaftsleben je passiert ist. 

Ein Nebeneffekt dieses informellen Lebenstitels ist, dass man sich zwangsläufig mit anderen Eltern auseinandersetzen *muss*. Es geht kein Weg daran vorbei, wie am Podex einer handelsüblichen Mutter eines sich mit bösen Worten seiner im deutschen Ganovensprechgesang bewanderten Rüpelmitschüler konfrontiert sehenden Schulhofbubs, dessen Fishbonebekleidung schon genug Anlass zum Verbalbums war und der sich im Laufe seiner Bildungspflichtlaufbahn dann womöglich gar so weit ins Abseits gepisakt sieht, dass der verzweifelte Gatte seiner voluminösgesäßigen Mutter sich schließlich nicht anders zu helfen weiß, als ihm eine Dauerkarte für Mittelaltermärkte zu schenken, damit sein Nachkömmling sich zumindest ab und an in diesem Rudeleskapismus der Generellbenachteiligten erholen kann (mit Rollenspielerey, Industriemet und halbierten Lidl-Brötchen mit Creme fraiche, die dort als Wikingerboote für 6,50 Mark verkauft werden).

Hui, ich entgleise wohl ein wenig. Wie Next-Level-Metalldiebe. Jetzt reicht's. Zurück zur Sache.

Also. Spielplatz. Andere Eltern. Hier im Viertel überwiegen dort die pflichtbewussten Muttis und bisweilen auch Vattis. Jene, die eine wiederverwertbare Trinkflasche fürs Blag mitnehmen. Und Sesamriegel. Und Dinkelstangen. Ab und an sichtet man auch die Ausreißer, die ihre Kinder 100m mit dem Auto rankarren, genervt irgendwo rumstehen damit ihre Gucci-Buchse bloß nicht mit dem vom Pöbel besudelten Arbeiterklassenerdboden in Kontakt kommt. An ruhigen Tagen kann ein besonnener Sozialforscher hier gelegentlich hören, wie die künstlichen Fingernägel dieser Spezies hektisch auf dem Display des Iphones klackern, während die Nachkommenschaft 10 Meter weiter grad rumrotzt und mit Sand wirft. 

Normalos, die ihren Kindern bei geilem Wetter auch einfach mal ein Eis gönnen (es darf auch am Stiel sein und muss nicht immer vom Bio-Eismann um die Ecke kommen) und sich zum Rauchen heimlich um die Ecke stellen. Die mit Eis gesegneten Glückskinder scharen dann automatisch hechelnde, mit Raffinadezucker aus ideologischen Gründen unterversorgte Brütlinge um sich, die neidisch auf dieses mystische Erfrischungswunder hinaufblicken und dabei die Mundzuführung vergessend bröselig trockene Sesam-Honig-Riegel (die schmecken allerdings ganz geil, ehrlich jetzt) in ihren durch Fairtrade-Spinat gestählten Fäustchen zermalmen.

Dann sind da noch die quantitativ eher als rar zu bezeichnenden überforderten Eltern oder gerne auch Großeltern. Sie kaufen dem in Ninjago- oder Fortnite-Handelsware gequetschten Erbgutweiterträger ein Pfund Ahoibrause am Kiosk, um das pädagogische *Nein* gar nicht erst aus den Gehirnwindungen hervorzuhieven, die an Supernanny und Sat.1 Frühstücksfernsehen irgendwann mal untervermietet waren und damit zeitweise Nachbarschaften mit Unter Uns, GZSZ, Galileo und dem Jenke-Experiment begründeten. 
Beschaulich! Das *Ja* ist manchmal aber auch einfacher als die Alternative: Einen Wutanfall ertragen und sich damit der öffentlichen Sozialblöße zu stellen, die zu ertragen situativ schwerer ist, als die Reflexion der eigenen Lebensumstände, denn die lassen sich abendlich mit PET-Bier und Tawa-Stopftabak wegdrücken. Die Zerglinge schütten sich die Brause dann unvermittelt in ins Toastloch, spülen mit Cola nach und ab gehts - 10 Minuten Komplettrandale zu Lasten aller anderen Anwesenden, bis zur vollkommenen Ausgelaugtheit, die nur durch noch mehr Brause kompensiert werden kann. Diese, zugegebenermaßen aber meist sehr netten Menschen, sind in der Regel noch kürzer vor Ort, als eine ukrainische Botox-Behandlung bei den Automuttis dauert. 

Als sich die Sonne in den vergangenen Tagen ein wenig mutiger zeigte, versammelte sich auf dem Spielplatz mal wieder die volle Bandbreite. Und ich wagte es, meiner eigenen Nachkommenschaft ein Eis zu kaufen. Pöbelhaft am Stiel. Bei der freundliche Omma vom Kiosk, bei der ich jedes Mal Flashbacks an die [Storck Riesen Reklame](https://www.youtube.com/watch?v=0wFRl5XE9oQ) bekomme. Und so schlemmte die Brut das Kaltprodukt und es trug sich ungefähr so zu, wie schon weiter oben beschrieben. 

Kinder bleiben dabei so wunderbar unbeeindruckt. Man stelle sich vor, in der Mittagspause holte man ein Carazza aus der Westentasche und ZACK - scharen sich die Bürokollegen um einen herum. Nicht etwa verschreckt vom Verwesungsgeruch des teigverpackten Schlachtabfallgemisches, sondern magisch davon angezogen, wie CDU-Politiker von zweifelhaften Geldgeschäften. ""*Schleicht euch!*"", würde man rufen. ""*Husch! Hinfort mit euch, ihr Gelump!*""

Aber Kinder scheißen drauf. Die ziehen durch. Gönnen sich ihr Eis. Und würde 20 Meter weiter Rambo mit nem Heli landen - SCHEIßEGAL! Eis ist wichtiger! Ein spezielles Kind sehnte sich wohl besonders nach diesem Geisteszustand. Denn es drehte ab und rannte zu seiner vermeintlichen Erzeugerin. Der Bub machte den Eindruck, als würde er bei der Schuleingangsuntersuchung schon beim Ausmalen einer Sonne scheitern. Sein T-Hemd zierte das bekannte Krossonk-Logo mit dem Markenschriftzug, bei dem ich immer an Flammkuchen *Elsässer* Art denken muss. Vom Arsch faltete sich eine Joggingbuchs herab, wie die flügelgleiche Achselhaut der Queen. Mutti musste angesichts des Anliegens ihres kindgewordenen Vergessens der Pille gar das Klackern auf ihrem Iphone unterbrechen. Und schon kurz darauf gellte ein Aufruf zu mir herüber.

""**ENTSCHULDIGUNG! JAA, JAA! ENTSCHULDIGUNG! JA, SIIE!**""

Die Mutti ging in einem Bogen *um* den Sandkasten herum (damit die neuen Nikes nicht mit widerlichem Sand entweiht werden) auf mich zu und gestikulierte herum. Ihre Nägel reflektierten das Sonnenlicht, wie [Solarpanel in einem Sonnenkraftwerk](https://video.cgtn.com/news/3d41444f30457a4e7963444f79457a4e77417a4e31457a6333566d54/video/210b6784768a46358bdf747308757a45/210b6784768a46358bdf747308757a45.gif).

""**IST DAS IHR KIND DA MIT DEM EIS?**"", sagte sie krähenhaft, nur noch wenige Schritte von mir entfernt stoppend. 

""Öh"", brachte ich hervor, mehr nicht. Ihr Eizellenprodukt stand neben ihr und zerrte an ihrer Jeans herum.
""**WARUM MÜSSEN SIE IHREM KIND DENN BITTE EIN EIS KAUFEN??! JETZT WOLLEN DOCH ALLE KINDER EINS HABEN!**""

Leck mir den Schokostern, WAT?! Passierte das grad wirklich, oder kommt JOnathan Frakes in Kürze hinterm Klettergerüst hervor und klärt mich auf?! Perplex wie das Reddit-Administrat angesichts eines vorhersehbaren Shitstorms bei einer Neueinstellung von Personal mit mehr als zweifelhaftem Seriositätshintergrund wusste ich nicht mal so recht, was ich sagen sollte. Deshalb entrann mir nur ""*Öh, dann kaufen Sie ihrem Kind doch auch ein Eis?!*""

Und die gute Frau hatte darauf nur eine einzige, plausible Antwort parat. Aus ihren geschwollen wirkenden Lippen entrann ihr:

""**WAS?! UNVERSCHÄMT! UNVERSCHÄMT! LOS, WIR GEHEN JETZT!**""

Sie griff ihren zur postpubertären Charakterbeschissenheit prädestinierten Zentnervorschüler am Arm und ging zeternd von der sonnigen Bühne. Mit einem PIEPPIEP begrüßte der nahestehende Porsche Cayenne seine Fahrerin und gewährte Einlass in seinen Innenraum sorgloser Narzissmusgeborgenheit. Der Bolide fuhr ab und es herrschte wieder relative Spielplatzstille. 

Auf die anderen Eltern achtete ich nicht, aber das Auftreten der Dolce & Gabana Kotzkrücke wird sicher nicht unbemerkt geblieben sein. Mein eigenes Kind hatte nichts mitbekommen. Das Eis neigte sich dem Ende zu, das T-Hemd standardmäßig vollkommen versaut. Der Kreis der Stieleisjünger hatte sich auch gelichtet. Ich zuckte mit den Achseln, griff in meine Jackentasche und zog die Schachtel Kippen hervor. 

Erstmal um die Ecke, eine Rauchen."
nike,Germany,"Krisentreffen wegen Mängeln beim ""Puma""-Schützenpanzer | Über die Mängel am Schützenpanzer ""Puma"" beraten die Spitzen von Verteidigungsministerium und Bundeswehr morgen bei einem Krisentreffen. Zuvor war bekannt geworden, dass bei einer Übung alle 18 beteiligten ""Puma""-Panzer ausgefallen waren. "
nike,Germany,"Ich brauche neue Socken! Nennt mir eure Empfehlungen! Jeder hat schonmal gedacht ""Jetzt kaufe ich 20 Paar Socken und werfe die alten Teile alle weg."" 

Habe ich gemacht. 

Jetzt gehen die 20 Paar Socken alle glecihzeitig den Bach runter, weil ich alle zur gleichen Zeit gekauft habe. Mit der Haltbarkeit (\~5 Jahre) bin ich nur mäßig zufrieden.

Daher gebt mir bitte eure besten Socken-Rezensionen!"
nike,Germany,Nach frühem Schock: DFB-Elf schlägt auch die Niederlande 
nike,Germany,Milde interessant: Gemüse vom Wochenmarkt das wegen der Form von Supermärkten abgelehnt wurde 
nike,Germany,Winterspaß auf Dorfstraße - Eisregen in Mittelhessen 
nike,Germany,Ganz geil: Das Logo der AfD-Frauen 
nike,Germany,"Früher was es noch richtiger Rap, heute gibt's das nicht mehr!! [kreuzpfostierung r/GermanRap] "
nike,Germany,"""K"" wie Carsten - Bitte helft mir ein missverständliches phonetisches Alphabet zu erstellen Viele kennen sicher phonetische Alphabete, mit denen man (z.B. am Telefon) Dinge möglichst (unmiss-)verständlich buchstabiert. Angelehnt an [diese alberne englische Version](http://www.lazerhorse.org/2014/06/16/phonetic-alphabet-unhelpful-version/) möchte ich gerne eine deutsche Version erstellen und benötige eure Hilfe.

Dabei gehe ich von vier Rängen der Güte aus:

* Niedrig: Wort ist einfach unnötig kompliziert - z.B. Chrysanthemen

* Mittel: Wort kann auf mehrere Arten geschrieben werden - z.B. Club/Klub

* Hoch: Wort klingt anders als es geschrieben wird - z.B. haute couture

* Perfekt: Wort erinnert an eine übliche Buchstabierhilfe - z.B. Thora für ""T"" (Üblich für ""D"" ist Dora) oder Saul für ""S"", da man im Bereich der Namen wohl eher mit Paul rechnen würde

Das habe ich bis jetzt gesammelt:

* A - Aubergine (u/MamboNo6) 
* B - Bourgeoisie (u/Yoda_Holmes)
* C - Carsten mit C - Chaos - Chrysanthemen - Chantal - Chia-Samen - Club
* D - Django - Djibuti
* E
* F - Folk(-Musik) (u/Erbsenkopf)
* G - Gwyneth - Gnocchi (u/Praisethesuuuuun)
* H - haute couture
* I - Iod
* J - Jalapeno - Jod
* K - Karsten mit K - Klub
* L - Lee
* M - Mladen
* N - Nike (u/binaerbaer)
* O
* P - Pterodactyl - Phonetisch 
* Q - Quiche
* R
* S - Saul
* T - Thora
* U
* V - vage - Vagabund
* W
* X
* Y
* Z - Zoom (u/hoeskioeh)"
nike,Germany,"Schuhe drücken nach Wäsche an Naht Hallo,

hatte letztes Jahr meine Schuhe (Blazers von Nike) gewaschen und nach dem Trocknen drückt jetzt die Naht auf den Anfang der Zehen, also nicht die Nägel quasi. Hatte schon nen Schuhlöffel versucht, hält 30 Minuten ca, dann ""fällt"" es wieder ein.

Schuhe haben vor der Wäsche nie gedrückt, ist auch die richtige Größe.

  
Kann man da was machen, dass die wieder in den Ursprungszustand kommen?"
nike,Germany,"Qualitativ hochwertige Klamotten und Schuhe Einen schönen Sonntag euch allen,

&#x200B;

meine vor 5 Tagen bestellten Schuhe sind schon kaputt. Die daraus resultierende 3-Minuten Wut nehme ich heute mal zum Anlass um nach besseren Alternativen zu suchen.

Mein Kleiderschrank besteht zu 90% aus Sachen von EMP, in letzter Zeit ist mir jedoch aufgefallen wie häufig die Qualität dort mangelhaft ist. (Kein Wunder, bei den niedrigen Preisen der Eigenmarken)

&#x200B;

Ich wäre gewillt auch mehr Geld für meine Kleidung auszugeben, dennoch bin ich ein wenig überfordert wenn es darum geht ""gute"" Kleidung zu erkennen. 

&#x200B;

Der Preis alleine scheint leider kein Qualitätsindikator zu sein, da man bei vielen Marken wohl nur für den Namen zahlt. Bei Sport- und Funktionsbekleidung der gängigen Sport/Outdoor Marken habe ich dieses Problem komischerweise kaum.

&#x200B;

Kennt ihr Läden oder Marken bei denen die Qualität der Kleidung und Schuhe im Vordergrund steht?

 

Vielen Dank im Voraus!"
nike,Germany,"Hab meine DHL Sendungsnummer verloren. Hat jemand hier Erfahrung.  
Ich wollte eine Bestellung zurücksenden und hab einen QR-Code von dem Geschäft (Nike) gekriegt, den ich dem DHL Mitarbeiter zeigten sollte. Das hab ich gemacht und hab eine Sendungsnummer erhalten, welche ich in der App eingegeben hab. 

Ich konnte für circa 2 Tage die Retoure  in der App verfolgen. Leider ist die Retoure von meiner DHL App verschwunden worden. Der Beleg mit der Nummer hab ich schon weggeschmissen, da ich dachte, dass ich mich auf die App verlassen kann. 

Kann ich mich einen neuen Beleg mit der selben Sendungsverfolgungnummer von DHL verschaffen? Oder gibts was, ich tun kann, um den Vorgehen zu kriegen?

Ich wohne in DE btw"
nike,Germany,"DHL Etikett ohne QR-Code - Kein Drucker zuhause Wollte mal kurz anfragen, ob jemand eine Lösung hat, wie man ohne Drucker und passenden QR-Code zum Ausdrucken an der Packstation doch noch irgendwie sein Paket verschicken kann. Habe ein Rücksendeetikett von Nike bekommen, per Mail. QR-Code und Versand auf eigene Rechnung mit anschließender Erstattung ist nicht möglich, habe ich bereits gefragt. 
Ich frage mich in diesem Zusammenhang, warum die Packstation nur mit einem QR-Code ein Etikett erzeugen kann und nicht mit dem Strichcode des digital vorliegenden Etiketts, das ja im Schritt danach eh eingescannt werden muss.

Hat jemand eine Lösung, an die ich nicht gedacht habe? Ansonsten muss ich halt mal wieder bei Freunden den Drucker benutzen. Eigentlich ein Unding in diesen Zeiten.
Danke;)"
nike,Germany,"Suche ähnliche Sporthosen Moin moin, 

nach nun bestimmt 4 Jahren intensiver Nutzung lösen sich meine Sporthosen leider auf :(   
Bisher habe ich [diese](https://www.amazon.de/Nike-Herren-Academy-18-893693-Shorts/dp/B07GT5KY72) Hosen von Nike gehabt und mit denen war ich auch mega glücklich. Luftiger Stoff, gute Qualität, und ganz wichtig Reißverschluss Taschen :D  
Leider finde ich die Online nirgends in meiner Größe, geschweige den in irgendeiner Größe.

Kennt jemand ähnliche Modelle oder hat Idee wo man noch suchen könnte? Die einschlägigen Seiten (Amazon, Zalando, etc) habe ich schon probiert  
"
nike,Germany,"Bequeme Schuhe, die guten Halt bieten? Hi! Ich suche schon seit geraumer Zeit nach Sneakern, die nach was aussehen, bequem sind und gleichzeitig auch stabil sind. Ich hab schon öfter gemerkt, dass die üblichen Adidas Sneaker echt nicht genug Halt bieten, weil mittlerweile viele aus sehr dünnem Stoff bestehen. Siehe auch converse all stars: der Schuh besteht quasi nur aus einer superdünnen Stoffschicht. Das gibt dem Fuß null Stabilität. Am ehesten habe ich schon gedacht bei Salomon zu kaufen, weil ich mir da mal Wanderschuhe geholt hab, die den Fuß so richtig umschließen. Richtig tolle Sache, aber die Sneaker von denen sehen halt echt nicht gut aus... Ich hab schon bei vielen namhaften Herstellern gesucht und so wirklich habe ich bisher nichts gefunden. Mephisto schien für mich eine Option zu sein, aber die Schuhe sehen halt aus wie die letzten Omalatschen. 
Habt ihr eine Marke gefunden, auf die meine Beschreibung passt?"
nike,Germany,"All Directions – ""Be Proud"" | ZDF Magazin Royale "
nike,Germany,"Langlebiger Schuh für Plattfuß gesucht Ich habe einen Plattfuß/Senkfuß, daher sind mir fast alle Schuhe, die man ""normal"" so kaufen kann im Fußbett zu eng.

Das führt dazu, dass sich an den beiden angezeichneten Stellen meine Schuhe regelmäßig zerlegen.

Symbolbild:[https://imgur.com/a/XNg3coY](https://imgur.com/a/XNg3coY)

An der rot  eingezeichneten Stelle, löst sich die Sohle langsam aber sicher ab, da hier bei jedem Schritt ein Knick erzeugt wird. Ebenso an der blau eingezeichneten Stelle. Der Knick an der roten Stelle arbeitet sich gern bis zur Sohle durch - diese wird da brüching und Feuchtigkeit tritt ein.

&#x200B;

Habt ihr Tips für langlebige Schuhe, die nicht gleich im Bereich von 250€ liegen? Bisher habe ich jedes Paar in 3-6 Monaten durchgelaufen.

Der Beste Schuh bisher, war dieser, der hat fast ein Jahr gehalten:

[https://www.schuhe.de/herren-schnuerschuhe-klassische-schnuerschuhe/camel-active-braun-cp114260.html?selgtin=4046599036743&paRef=shopping&gclid=Cj0KCQiAlIXfBRCpARIsAKvManxrf2EQfsciDF8fILPl\_JhkBqa94oVyqvF-Fv8vOHUbypwqzmpww4IaAv1lEALw\_wcB](https://www.schuhe.de/herren-schnuerschuhe-klassische-schnuerschuhe/camel-active-braun-cp114260.html?selgtin=4046599036743&paRef=shopping&gclid=Cj0KCQiAlIXfBRCpARIsAKvManxrf2EQfsciDF8fILPl_JhkBqa94oVyqvF-Fv8vOHUbypwqzmpww4IaAv1lEALw_wcB)

Stil der Vorschläge können sich gerne am obigen Beispiel orientieren."
nike,Germany,"Tipps für Laufschuhe gesucht Moin moin!   
Ich möchte mein Jogging-Motivation intensivieren, habe aber nur noch durchgetretene Sneakers zur Verfügung. Das möchte ich meinen Knien und Gelenken nicht mehr länger antun und daher würde ich gerne ein zweckdienliches Paar Schuhe zum Laufen erwerben. Ich bin allerdings fachlich überfragt, worauf ich achten muss und welche Modelle & Hersteller empfehlenswert wären. Außerdem möchte ich nicht stundenlang irgendwelche Special-Blogs nach Kauftipps absuchen, von denen die meisten ohnehin heimlich gesponsort sind.

Wer von euch sexy Sportboys hat einen alltagstauglichen Tipp, in welches schaumig-fedrige Schuhwerk der grazile Fußknochen am besten zu kleiden wäre, wenn er mich in Windeseile über harten Asphalt und listiges Wurzelwerk trägt? Als Krämerseele wäre mir natürlich daran gelegen, wenn nicht zu viele Gulden für den Erwerb dieses Produkts ihren Besitzer wechseln müssten."
nike,Germany,Was ist das für 1 Bayern-Ticket? Eko Fresh rappt für die Deutsche Bahn 
nike,Germany,"Leichtathletik - 100 Meter der Frauen: Ein Rekord, der niemals fallen dürfte "
nike,Germany,"DPD mag mich anscheinend nicht? Ich habe immer wieder Probleme mit DPD. Von den letzten, ich glaube 6 oder 7, Paketen wurde mir lediglich eins direkt zugestellt, die anderen wurden direkt, ohne meine Einwilligung, oder ähnliches direkt zu einem Paketshop zugestellt. Ich wohne in einer großen Stadt in dicht bebauten Gebiet, und bei allen anderen Paketdiensten klappt es komischerweise ohne Probleme Pakete zu erhalten.  
Jedes mal wenn ich mich dann bei denen beschwert habe kam die Aussage ""Im System steht der Bote hat Sie nicht angetroffen, deshalb wurde das Paket umgeleitet..."" obwohl ich jedes mal zu dem Zeitpunkt definitiv Zuhause war (Was soll man auch sonst als Student in Coronazeit groß machen).  
Die Beschwerden über den Paketboten sind ja anscheinend im Sande verlaufen, da sich nichts geändert hat. Ich kann auch durchaus verstehen, dass das ein beschissener Job ist Paketbote zu sein, aber da es bei den anderen Paketdiensten auch zu funktionieren scheint, frage ich mich warum dass bei DPD nicht funktioniert.

TL/DR: Ist bei noch wem so oder hat wer Tipps was ich noch machen kann, um in Zukunft mal ein Paket von DPD persönlich zu erhalten?"
nike,Germany,"Noch wer sneakerverrückt? Ich selbst sammle Sneaker. Vor etwa 10 Jahren habe ich begonnen, als ich gemerkt habe, dass sie nicht nur gut aussehen, sondern auch bequem sind. Mittlerweile habe ich weit über 70 Paar, von denen ich nur die wenigsten regelmäßig trage. Auch von meinem ehemals heißgeliebten Hersteller Nike habe ich mich getrennt, da Qualität und Preis einfach nicht passten. Zudem wurde die Form eines meiner Lieblingsmodelle (AM1) ziemlich [verhunzt](http://theshoegame.com/articles/do-it-yourself-reshape-nike-air-max-1-toebox.html). Vor einigen Jahren erst bin ich auf New Balance gekommen, dort allerdings nur die Modelle Made in England bzw. USA. Die allgemeine Qualität der Materialien und vor allem des Leders ist um einiges höher als bei den in Asien produzierten, allerdings auch der Preis (ab ca. 200€). So auch Asics, von denen ich nicht soviele besitze. Generell finde ich es schön, dass man sein Hobby täglich im Alltag tragen kann, auch wenn es ein teures Hobby ist und der Wert mit jedem Mal tragen sinkt. Sneaker sind eben doch Gebrauchsgegenstände. Neumodischen Sachen wie Yeezys kann ich absolut gar nichts abgewinnen und frage mich, woher dieser ganze Hype kommt."
nike,Germany,"Wenn ihr ein paar Schuhe mit identischen ersetzen wollen würdet, wo würdet ihr dann suchen? Folgendes, ich hab ein paar Winterstiefel bei denen sich die Sohle gelöst hat und einige andere Kleinigkeiten. Reparatur wären schon um die 100€ Minimum. Ich bin aber generell sehr, sehr zufrieden mit diesen. Es war damals schwer genug (6? 7? Jahre) vernünftige, bequeme, Stiefel in Größe 49 zu finden....

Daher wollte ich, bevor ich auf die elendige Suche nach neuen gehe, schauen ob es noch identische gibt.

Wo würdet ihr mit sowas anfangen, wenn es nicht unbedingt ""Markenschuhe“ (Nike, Adidas etc.) sind? Was wäre denn z.B. die einfachste Methode das „Modell“ (oder wie heißt das bei Schuhen?) ausfindig zu machen?

Danke sehr.

Edit:
Hier einige Bilder aber ich blinder Typ finde online irgendwie keine Treffer..

https://imgur.com/a/5ztW41D"
nike,Germany,"Zum Thema BLIZZARD Gaming - Profite über Freiheit [Ingernationale Großkonzerne Kuschen aus Angst vor China](https://www.focus.de/finanzen/boerse/angst-um-milliarden-markt-apple-nike-blizzard-internationale-grosskonzerne-kuschen-aus-angst-vor-china_id_11221339.html)

Leute, ein wichtiges Thema, dass geht direkt auf das Recht der Freiheit!"
nike,Germany,"Sneakers in ungewöhnlichen Farben finden? Ich suche qualitativ gute Sneakers in einer bestimmten Farbe (violett - ähnlich wie Adidas Gazelle W EE5537) finde aber keine. Eigentlich wäre dieser Gazelle ideal, der passt aber nur an Frauenfüße. Ich suche schon eine Weile erfolglos. Kennt jemand einen in so einer Farbe oder eine Quelle für ""Custom"" Farben?"
nike,Germany,Männer sind deutlich markentreuer als Frauen 
nike,Germany,42. Berlin-Marathon: Kaputte Schuhe verhindern Rekord für Sieger Kipchoge 
nike,Germany,"You Germans May be Interested to Know I live in Portland, Oregon. And it is frequent that I hear German spoken. Today I was coaching a football (soccer) match of young girls and behind me on the bench I hear German.

Why you may wonder? Well, Daimler has a truck division here, Adidas has its North American HQ intentionally in Nike's backyard (100% troll level there), Intel (US but hires best engineers in the World, so duh Germans and Indians), Siemens, etc. And Portland is the center of many outdoor companies so they all have a presence here.

And I yet cannot find an authentic German bakery. Drives me crazy. I can throw a rock and hit a ""French"" bakery. Frauds. "
nike,Germany,"Wo finde ich lange Nike Jogginghosen? Im 6‘5“ and can’t find fitting Nike sweatpants, why are the long versions only sold in the us and not in Europe or especially Germany."
nike,Germany,"Police gives me a lift I was on a project to get some tasks done on a oil tanker ship at the port of Rostock. I took public transport to reach my destination and the nearest bus stop was around 2.5 kms from my ship and i was traveling from hamito get there. 
 
While going there, i had to walk all the way there to the port with not a single person in sight nor any shops with the wind blowing, the walk was never ending. 

I reached the ship, took around 1hr. To finish my work there. While getting down from there,  I noticed 3 police officers also getting down from ship and noticed they had a big van with them.

I realised that I had to walk back to the busstop and it was already getting colder n wind blowing stronger. I quickly asked the officers if they could help me to reach the nearest bus stop. They thought that I am debording the ship confusing me for ship crew. As the ship crew were of same nationality as mine and we can be easily distinguished. Asked for my documents and verified my documents which i was all prepared with. They asked me to get into their van and dropped me to place that made my 1.5hrs journey to just 30 mins. No asking for any favours or money or any trouble. 

Very friendly pollice officers and helpful. I am glad that I ran into them. Being a foreigner, it feels good that the local police are very helpful here.

"
nike,Germany,"First bias experience: A Rant This is just rant. I don’t want to generate any hate; for the most part, I love Germany. Just a crappy experience. I’ve also shared this in the comments of another post.

I got lost in Germany today. For perspective I am a Black American, well educated (masters in an IT field with publications that have been cited). Anyway: I went to ask a stranger for directions and was cut off mid sentence with “Ich hab nichts”. (This means “I have nothing”, normally said to homeless (often times migrants) who are looking for money). I felt so embarrassed for simply existing. I felt bad for being born a color. I felt inferior for simply being in the skin I am in which I have no control over.  

Just to clarify: I was wearing Nikes, my hair is done, genuine jewelry on my face and hands, brand name headphones, with iPhone in hand open on Maps (and no, I don’t spend money I don’t have, I just happen dress nicely for my daily German language classes). In short, I wasn’t dressed poorly at all and I was making an effort to speak the language.

I wandered for a few more minutes (in the rain) until a nice helpful pair of people helped me out. I made an effort to start with “ich möchte kein geld” (I don’t want any money). Which shouldn’t be necessary, but apparently might be.

People here (not everyone, I will not generalize) can be extremely bias (I am in a big city so it’s not like foreigners are uncommon) but I am in genuine shock that this happened. This is not the Germany i remember visiting so often before moving here. But do I want to leave? No.

Extra anecdote: Often when I’m with my German husband, people are more likely to move for me on public transit than when I am alone (I am almost 8 months pregnant). Without him I’m treated worse and often receive unwelcoming glares.

The bias towards people of color since the rise of AFD and migrant stress is not fair (but life isn’t fair). People don’t slow down to see if you’re making the effort to learn the language and integrate. They see your color and immediately jump to a conclusion. The predisposition is concerning and disappointing, but not surprising. This is a common and global issue unfortunately.

Thanks for reading if you’ve made it this far. I’m not looking for sympathy. No, I don’t want to leave the country. It was just a bad experience, the small few out of many great experiences. Just wanted a place to rant outside of a therapists office."
nike,Germany,Anyone know where can I buy this Nike tech? I've checked through a lot of sneaker and sports shops but I haven't seen this version. And also if it's under 120£ it'll be perfect
nike,Germany,Best online stores to order Nike air max TN models in germany? Any good shops?
nike,Germany,"Nike outranking Adidas in Germany Hallo Zusammen,

I am the same guy who posted few months ago about why Germans dont really care much about keeping their white sneakers clean and I got some really good and reasonable feedback from you all.

So I have been all observing this since almost a year now that I see more Nike sneakers than Adidas here in Germany, especially when it comes to those white ones. First I was that its just coincidence alot of time that I see white Nike Sneakers being worn by all the young ones around. Later I also read some [article](https://www.themds.com/companies/nike-outranks-adidas-in-its-own-home-sells-more-footwear-that-its-arch-rival.html) online that since 2020 Nike has been outranking Adidas in Germany when it comes to Sneaker sales, so theres that. But still I wanted to know your guys upfront view on why the you/young ones/others choose Nike over Adidas. What is about Nike that appeal you most ?

I personally like both brands and wear them on different occassions, but still it bothers me a bit that why mostly people choose Nike over Adidas. And no I am not an Adidas employee trying to fish for customer interest etc. etc. And this question applies to everyone in Germany and not just Germans.

Appreciate your all feedback."
nike,Germany,"Where to buy Nike Air Force 1 07' ? I've been searching the internet looking to buy some new crispy white force's,  everywhere i look it's either completely out of stock on only available in sizes 48 and up.. I'm a size 45. Is there a shortage of Air Forces or what's happening...  Please help me! Thanks in advance!"
nike,Germany,"Where can I find this nike air jacket? &#x200B;

[I am searching for this jacket. Where can I find it? Thank you. In the online store, I could not find it](https://preview.redd.it/3x2ptuwxfai11.jpg?width=640&format=pjpg&auto=webp&s=19a94fbf7600827617a5a258cd310ba75e4e2511)"
nike,Germany,"Where can I buy this nike air t-Shirt? Hello, I want to buy [this nike air t-shirt](https://www.intersport.de/bekleidung/t-shirts/56078/nike-herren-t-shirt-air-1/?number=0886915050244&boost=1&utm_source=stylelounge&utm_medium=pricecomp&utm_campaign=pdm_stylelounge). I ordered it at intersport, but got the response

&#x200B;

  

>nochmals vielen Dank für deine Bestellung vom 2018-09-11 auf INTERSPORT.de .  
>  
>Wir müssen dir leider mitteilen, dass unten stehende Artikel bei INTERSPORT.de aufgrund  
 einer Überschneidung nicht mehr verfügbar ist und wir diese daher stornieren mussten. 

&#x200B;

&#x200B;

What does Überschneidung mean? Where can I get this t-shirt? Can someone help me?"
nike,Germany,"How has the new Germany away shirt gone down? So a couple of days ago Nike released the new England shirt and a lot of people Lost. Their. MINDS about it.

The back of the collar features a ""cross of st George"" but in red, blue and purple - apparently the colours of the training kit grom 1966.

Apparently everyone thinks it's Woke. Because colours. The leaders of all three main political parties have weighed in to ask Nike to withdraw it.

The other day I saw a picture of the new Germany away shirt, which is fully the Bi flag. Please telll me Germany is being a bit more normal?

https://www.bbc.co.uk/news/uk-68632034.amp

"
nike,Germany,Is “www.zalando-buy.shop” a scam? My parents just placed an order on this site and it looks sketchy to me. They didn’t ask me if it’s ok to do so as they usually do. They got to this site through a facebook ad. Anyone know anything about this site? Is it real or do I have to give another Internet safety lecture to my parents again…
nike,Germany,"What do teenagers wear? I'm 15M.
I currently live in Italy, but there's a good chance that I'll move to Germany (near Neuss).

I was wondering how the other guys dress, because here in Italy so many guys wear nike/adidas sportswear and a large minority wears jeans or something a little more put together than sweatpants and tracksuits.

I also wanted to ask if it is common for teenagers to act like gangsters, vape, and flex their expensive nike stuff, because they're so annoying.
(in italy we call these people ""maranza"" and they are very common)."
nike,Germany,"Kleinanzeigen bad rating and bank connection issues Hi guys, I need to move cities fast, so I have so much of stuff I can’t bring with me. I want to sell it with the German eBay. But have the NAJA rating (bad one). I honestly don’t know how it is calculated I haven’t sold that many things there, I mainly bought from some old German grandmas and grandpas, maybe I was not polite enough😭😭😭. I am a foreigner so no idea what I did wrong. But now I am worried that no one is going to buy my stuff. How do I improve my rating? Also I cannot connect my revolut account to the app so far. So yeah… Do you guys have any recommendations how to improve my selling on the app or alternatives for the app. Anything would be useful."
nike,Germany,"USA making German friends 

Hey posting from a throwaway account but maybe I can get help/advice. So here’s my backstory. 21 years old male. I’ve been living here in Germany for 1 year now under the Status of Forces Agreement (US Air Force). I live in my own house here and do everything I can to integrate into German society as much as I can as I plan on staying here once my contract ends as I’ve already gotten a couple job offers here for both German IT/tech companies (I work in IT) and the US Gov, but I’d be lying if I said it hasn’t been lonely. I for the life of me just cannot make friends with German men and I don’t know what it is. I have no problem with obviously Americans here, German women, and other Europeans, but for some reason I every German man I come across is either hostile towards me or just plain rude. I’m not sure if it’s the whole “Ami go home” attitude against the American Soldiers and Airmen that live here or just a jealously type of thing?? I would love to make German guy friends as the only friends I have here are Americans here or my guys back home or German women. If anything I’d love to take them on the bases and let them go to Taco Bell or get some good American snacks. As much as some claim, American streetwear culture here is big and we have plenty of Nike/American streetwear brands on our bases and would love to take a German guy friend to buy some clothes but I guess I can dream. Bottom line what can I do to make some German guy friends"
nike,Germany,"Searching a good shop for backpack  Helloooo,
I am trying to find a shop that sells good backpacks. My needs are that it should carry my 15 inch gaming laptop and have space for clothes for 2 days of travel because I travel occasionally. But I saw very cheap quality bags going for 30-40 in the name of Nike and addidas (this was in Deichmann). I just want a spacious bag whose straps are sturdy and the handle won't break from the weight as it has happened before. 
Anyone knows any good shop?"
nike,Germany,In which physical shop can I buy ON shoes in Germany (Bonn) I'd like to buy ON shoes but in person not online as a family member is leaving in 2 days. Any idea which shops sell as I can't find in Deichmann online shop
nike,Germany,Can enyone recommand an Outlet in Germany BW? Can anyone recommend a good outlet?Looking for Nike The north face and similar brands. Searching for a place with good discounts In Baden Würtenberg.
nike,Germany,"Shoe stores in Germany  Hello, so i am traveling to Germany next week and wanted to buy sneakers and dont know where to search  for best prices i want recommendations for physical stores like footlocker and online stores like zalando these are the only 2 i know so need alternitives so i can get and find the best deal loking to buy nike vapormaxes or nike 97s or anything similar."
nike,Germany,"Suggestion for cheap active wear thermal brands Hey peeps

I arrived in Germany from India about a month ago and I love jogging and football. However, the cold weather is making it rather difficult to go out on a regular basis. My legs are dead cold by the time I return from jogging. Or I experience sudden coldness in hands due to windchills even while jogging.

Hence, I need suggestions on where to buy active wear thermals from. Any cheap brand suggestions are welcome.

I'm a student and on a tight budget. So Nike and Adidas and Puma and other expensive brands are ruled out.

I'm staying at Bonn so I can go to Köln for shopping so access to stores won't be an issue I guess."
nike,Germany,"U.S. bases near Duren in the 1970s My father was in the U.S. Army in the early 1970s and stationed in Germany. We lived in Duren and his base was nearby, but I don't know the name of it. Does anyone have any ideas which base it might have been? I do know it was small enough that it didn't have a hospital because I was born off base. "
nike,Germany,"Acceptable Clothing for German Clubs/Pubs? Flying to Frankfurt next month and wanted to check what the dress attire is like for the clubs and pubs. I know some places I’ve been still prefer dress shoes and jeans - never been to Germany before.

Usually I’d wear cargos, t-shirt and trainers (Nike Dunk Lows or similar) out clubbing or to the pubs. 

What’s acceptable attire in Frankfurt? Don’t want to get rejected from places and ruin the night for others 😂

Thanks in advance! 🙌🏼

EDIT: I’ve been to Frankfurt and am now home… I wore cargos throughout the day with a tshirt, then jeans/chelsea boots and a shirt at night (felt overdressed some nights). One night I went out in cargos/tshirt/trainers and fit right in."
nike,Germany,"Is there any way to report fraudulent goods and get my money back? Just purchased a pair of Jordans from mercimunich.de, and I have legit reasons to believe the sneakers are big time fake (let's just say I have a very deep technical experience in sneakers QC). Paid with credit card.
Is there any way to report it and get my money back? Anyone having similar experience?

Background story:
I wanted a pair of Jordans that's no longer in sale in Nike official stores. Stumbled upon the website, got super happy to see the pair, didn't even cross my mind to think of the website as shady. It arrived within 10 days, and big surprise: it's a BIG TIME FAKE. No chance that kind of sneakers will ever leave any QC inspections.

Thanks in advance."
nike,Germany,"Lost my DHL tracking number for something i wanted to return So i bought some stuff online which came from Nike i see that it was shipped from the Netherlands and i received it but decided to return it so i went to DHL. Nike gave me a QR code and told me to just show it to the DHL guys and they would get a sticker for the return and instructions. I did just that and got my receipt with the tracking number and keyed it in my DHL app. 


Everything was fine since i could the check  progress and saw that it was waiting to be transported back and then it suddenly it disappears from the app. 

Tried refreshing and logging out then back in but only my other older orders keep turning up. What can i do ? Can DHL retrieve the Tracking number somehow. By now it should have arrived but i have gotten any confirmation from Nike."
nike,Germany,"Recommendations - Hiking Shoes NOT Boots? Hey Y'all,
I have a IT band syndrome, due to which Hiking 'boots' are quite painful - being huge and heavy.

I was using Nike Trail runners for hiking (amazingly lightweight and good grip), but man their grip lasted for not more thqn 10 hikes. Thanks to trail runners being soft.

Any shoes you guys would recommend which would last a bit more than trail runners? Just for summer hikes ofc."
nike,Germany,"Authenticity of Brands in Woolworth Are the branded clothes in Woolworth authentic? I paid €15 for a Nike sports shirt. Looks good quality, but I am aware that authentic looking clothing (even with tags and inner prints) being sold as ""1st copy"" of Brands, but usually its fake."
nike,Germany,"are winterboots necessary for a winter in germany? Hey everyone, are winterboots truly necessary? Some people have told me that they can survive on just regular sneakers. Is that a little crazy? Lol. If you guys do recommend  boots, what brands should I get? I'm vegetarian so I'm looking for boots that aren't made of leather and I'm also looking for ones that are in style for men and under $80. Thanks for the help :]

edit: thanks for all the help guys. I think I'm going to get a pair even though they are freaking expensive. better safe than sorry, i don't want to be walking around snow or wet weather in nikes lol"
nike,Germany,"Redditors living in Germany Need your help.  I have a friend that works in Minden, Germany as a nurse.  We are planning to send her a pair of shoes as a surprise but we reside in the US.  Nike in Germay will not accept my credit card and I dont even know where to start as far as ordering from the site itself.  Any and all assist would be greatly appreciated.  

I have our friends complete address in Germany although I am not sure if I am reading it correctly, and not even sure how to go about when I am able to order the pair.

Thank you again"
nike,Germany,Black Friday deals in Germany Is there anything like Black Friday shopping deals in Germany? In US companies like Adidas and Nike used to give month-long store-wide up to 70% discount. Is there anything similar in Germany? If not what is the best time/session/option for buying football boots/clothes in Germany?
nike,Germany,"Can anyone please please tell me a legit website to buy ""Air Jordan 1"" from. I almost brought from syrup.at and mercimunich.de but neither seem totally leigit to me. Nor do they give any timeline for estimate delivery. I would like to buy it from somewhere where I can get it in a week. "
nike,Germany,"The best store to buy running shoes around Cologne? I will be coming to Germany in September and given that India still doesn't have a good range of running shoes available, would like to buy a couple of good road running shoes. Any tips are welcome."
nike,Germany,"Hello from Canada, I have a small favour to ask from my fellow Germans! I used to live in Deutschland when i was a child,  my father was in the Canadian army we lived in this small town call Larh.   Its near Europa Park.    


Anyway,  i our family have also treasured out time there,  we know we are not German, but we share some pride.. I have been wearing my Team Germany Hockey Jersey for about 15 years now and i must say it looks fantastic and i love the colors.  (black)     


With the recent olympics in China,  Deutschland had unveiled new jerseys for the 2022 games.  I have googled for about an hour trying to find a online store where i can buy them,  but i came up empty handed.  I recall in 2010, Nikes website sold them and i regret not getting one.     


So this is where i ask this great country for some help.    Does anyone know where i can buy 1-2 of these jerseys?  i think i would like to get one of each colour.  My google shopping does not usually show online shops from foreign countries.   


[Here is a photo of the jerseys im looking for,](https://imgur.com/WwozJpr)  


[Heres one of me wearing mine in a game.](https://imgur.com/n9bmwo3)  


[one more of me playing](https://imgur.com/Mp6aqPW)"
nike,Germany,"Is ""BSTN"" site legit to buy from? Hello! I wanted to buy ""Zoom Freak 2"" basketball shoes, but there's no site that has my size available (I checked Nike, sportscheck, kickz, eschue, intersport, etc.), but I found ""BSTN"" and I'm wondering is it legit? Did anyone of you buy something from that site? Is the quality good? I'd be very thankful for your help!"
nike,Germany,"Any websites/brick and mortal stores to buy older running shoes with a great discount? So I came here from another EU country and we used to have regular sports stores, which had that season's collection and then we had ""outlet"" kind of store, where older collection's would go and you could get Nike, Asics, Mizuno, etc... shoes with 50% or even bigger discount. 

Are there any options, physical or online, for that in Germany?"
nike,Germany,what do I get a german person for xmas? my aunt and uncle are hosting a 16-year-old exchange student from Germany. she won't be going home for the holidays and I am visiting my aunt and uncle on Christmas day. I would really like to get her a decent gift. any suggestions would be much appreciated. 
nike,Germany,"Any suggestions for Second-Hand goods resellers? Hello everyone,  

I am interested to find companies that resell second hand/unsold goods from big brands like Addidas, Nike, or other outdoor brands like NorthFace, Salewa, Jack Wolfskin 

My parents have a shop in Albania where they sell outdoor goods (clothes, shoes, gears) with the origin of Turkey, but since i am living in Germany i would like to explore other opportunities by buying from brands who have overproduced for their season or have unsold goods from their collections or goods that are returned from their customers.    
I now that there are companies in Germany that collect these goods and then sell them to wholesalers but i am having a hard time finding them on google.  

If you know any of them or if you can suggest where to look for, i would really appreciate that  

Thank you and have a nice weekend!"
nike,Germany,"[Question] I am looking for sneaker and i found this site in german. So I don't know if its reliable or safe to buy from it and since you know german i thought you could help me. This is the site: 
http://www.kirsten-delrieux.de/nike-air-huarache-ultra-br-634-596.html?zenid=b75fab65b569e78deefdcc3986637d56"
nike,Germany,"Looking for German Gamers for a Research Study Hi there. I work for a company that does consumer research and we are looking for serious gamers from Germany to complete an online study via our website, iPhone, or Android app. Reaching out because I thought you might qualify to take the study (or know people who would), and earn US$50 by doing so. Studies typically take around 15 minutes to answer 7 questions on your webcam or smartphone, and we pay respondents via PayPal. You can apply to the study by visiting our website or downloading our apps (Android or iPhone) and answering five quick text questions from the “Study for Console Gamers - Germany.” 

If this is something you’d be interested in, or you know anyone who might qualify, let me know!  

This study is offered by MindSwarms, a web service that conducts paid market research studies. With four years of experience behind us, we've run studies for global firms including Google, Nike, Yahoo, and Virgin Airlines. All of your personally identifiable information will be kept confidential. To learn more about MindSwarms, go to www.mindswarms.com/consumer."
nike,France,Un tee-shirt « Nike la police » vaut quatre mois avec sursis à un antifa 
nike,France,Nike présente un aperçu des combinaisons d'athlétisme américain pour les JO de Paris 2024 
nike,France,Avez-vous déjà vu une pub plus woke que celle de Nike ? 
nike,France,"​Apple, Nike, BMW, Alstom, Lacoste... 83 grandes marques liées au travail forcé des Ouïghours en Chine, selon une ONG "
nike,France,"Paris : mouvements de foule, malaises, violence… la vente sauvage de baskets Nike vire au chaos "
nike,France,"France Travail me doit plus 15 684 € (voir plus...) Bonjour à tous,

c'est démuni, presque les larmes aux yeux et la gorge nouée, que j'écris ce post reddit, en espérant qu'il devienne une bouteille à la mer qui sera repêchée par quelqu'un qui aura une solution à mon problème.

Au moment où je vous parle j'ai 23 ans. Je suis danseur professionnel et franchement, j'ai eu pas mal d'opportunités de travail. J'ai pu travailler pour Nike, Chanel, Disney, Star Academy, Nuit Incolore. Bref une vie de rêve dans ce métier de passion qui peut s'avérer être très dur et injuste.

Lorsque on est danseur, nous sommes intermittent du spectacle. Nous sommes rémunérés chaque mois par France Travail après un certain nombres d'heures effectués de travail (En gros, il faut faire un minimum de 517 heures de travail en 1 an pour acquérir ce droit). Cela fait un an que je suis intermittent du spectacle.

Du moins, CA DEVRAIT FAIRE UN AN QUE JE DEVRAIS ETRE INTERMITTENT DU SPECTACLE.

Lorsque j'ai validé mes heures à France Travail afin d'être intermittent du spectacle, on m'a informé que mon indemnisation était impossible.

Mon indemnisation est impossible car je suis affilié à une autre entreprise d'allocation. En me renseignant, cette entreprise appelée Cegape, est une entreprise privée qui gère les allocations et les indemnisations de la ville où j'habitais et où j'ai travaillé en tant que surveillant jusqu'en juin 2022 (important de retenir cette date). 

France Travail me demande alors de faire la demande de certains documents que seul Cegape possède. Et que tant que je n'aurais pas ces documents, France Travail ne pourra pas me verser mes indemnisations mensuels auquel j'ai droit et qui surtout, me permettrait de vivre.

Je fais alors ma demande. Cegape me demande des documents en retour. Que j'envoie. Pas de réponse. Je relance. Ils me répondent en me demandant d'autres documents. Je leur envoie. Ils mettront plus d'un mois à m'envoyer une réponse. Je leur demande où en est mon dossier...et depuis pas une réponse malgré les relances (que je continue de faire aujourd'hui, en vain). Le 22 juillet 2025, cela faisait un an que j'étais dans cette galère.

 J'ai beau expliqué la situation à France Travail, ils disent ne rien pouvoir faire. On me propose de passer par le médiateur de France Travail, je lui envoie un mail pour lui expliquer la situation, auquel on me répond mot pour mot ""la saisine du Médiateur doit être obligatoirement précédée d’une réclamation.""

Je fais ma réclamation et on me répond aujourd'hui ""Nous avons lu votre réclamation qui a retenu toute notre attention .Vous n'arrivez pas à obtenir d'indemnisation de votre établissement payeur. Si nous comprenons votre situation, nous sommes cependant incapables de vous apporter une solution ou ne serait ce qu'une information. En effet, comme vous le savez, vous ne relevez pas de notre juridiction.""

Je vais tenter de recontacter le médiateur mais j'imagine bien sa réponse où il me dira qu'il ne peut rien faire étant donné que ce n'est pas France Travail. Donc j'ai d'un coté, une entreprise (qui est censé aider les gens) qui est dans l'incapacité de m'aider car je ne suis pas affilié à eux sauf que c'est mon seul moyen de gagner ma vie donc je le suis un peu quand même. Et de l'autre coté, la boite auquel je suis censé être affilié qui ne répond jamais à mes appels et mes mails réguliers et qui me bloque sur mes droits.

J'ai donc appelé la mairie de la ville ou j'ai travaillé afin d'obtenir peut être de l'aide ou des informations. Il faut savoir que c'est une ville entière qui se retrouve bloquée par cette entreprise privée car Cegape n'est plus affiliée à la mairie depuis janvier 2023. C'est a dire que tous ceux qui ont travaillé à la fonction publique de ma ville avant janvier 2023 n'ont pas le droit à leurs indemnisations chômage et se retrouve dans la même situation que moi, c'est à dire : sans réponse et sans droits à l'indemnisation.

J'ai du rendre mon appartement le 22 juillet 2025 (drôle de coincidence...) que je ne pouvais plus payer et j'ai du repartir vivre chez mes parents. Et aujoud'hui, je n'ai aucune solution. Je travaille énormement sauf que les longs contrat durent en moyenne 6 mois, ce n'est pas un CDI. Et puis il n'y a pas de travail tout le temps non plus comme cet été (d'où le concept d'intermittence).

J'avais besoin d'écrire. Ce post passera sûrement inaperçu je ne sais pas mais je devais tenter de le faire. Ca se trouve j'ai oublié d'expliquer pleins de choses, l'histoire n'est peut être pas clair et il y a sûrement pleins de fautes d'orthographe. Mais je sais pas, j'essaye.

  
Merci a ceux qui me liront."
nike,France,« Winning isn’t for everyone » : Nike célèbre les sportifs assez égoïstes pour l’emporter aux JO de Paris 
nike,France,"Paris : «Le chiffre d’affaires ne suffit plus pour payer le loyer, même Nike a fini par quitter le boulevard Saint-Michel» "
nike,France,La colère des émeutiers justifiée. 
nike,France,"Parents et personnes travaillant avec des ados/des jeunes adultes, qu'est-ce qui est frappant dans la ""nouvelle génération"" ? Avec mes bientôt 35 ans, je suis officiellement un dinosaure déconnecté du monde. Et même si je côtoie professionnellement des gens plus jeunes que moi, ils ne sont déjà plus la ""nouvelle génération"".

On en parle pas mal en clichés : Gneugneu TikTok, gneugneu le wokisme, gneugneu hélicoptère d'attaque. Mais je me demande s'il y a des choses qui sont réellement nouvelles dans la génération des 16-23 ans qui n'étaient pas communes chez les précédentes ?"
nike,France,Expliquez-moi comme si j'avais 8 ans 
nike,France,Nike qui serait en train d'exploiter des Ouïghours est-ce que cela nous surprend vraiment? 
nike,France,"Nike or Adidas street wear? Salut, J’habite en angleterre mais je suis allé au France un beaucoup des temps car mon père l’habite

j’ai parlé avec mes amis ici en angleterre sur la mode mais ils me demandent qu’est-ce que c’est la marque la plus populaire pour les gens de notre âge, les ados tardifs, entre nike et adidas. j'ai dit nike bc j'ai vu des maillots de foot y compris de barça, ou surtout des maillots de foot nike, avec des vêtements nike mais je sais pas si c’etait la norme, ai je raison?"
nike,France,"Semelle nike qui se décolle  Bonjour à tous!  J'ai actuellement une paire de nike blazer mid et sur le côté d'une chaussure, la semelle se décolle de 1 ou 2 cm.  J'aimerais savoir si vous avez une bonne colle testée et approuvée pour pouvoir coller cette petite partie.  Merci!"
nike,France,"Acheter en ligne vs en Magasin: une histoire de déception vs colère. 
Je commence sérieusement à me demander si acheter en magasin a encore un intérêt… Voici mon histoire.

Il y a une semaine, je commande une machine à café en ligne. À la réception, mauvaise surprise : une belle rayure bien visible sur le bandeau aluminium à l’avant. Déçu, je la renvoie immédiatement et me dis que, pour éviter d’attendre une nouvelle livraison, je vais aller directement en magasin l’acheter. Au moins, je pourrais repartir avec une machine neuve et en parfait état.

Je me rends donc chez Darty, j’achète exactement la même machine et rentre chez moi. Je déballe… et là, incroyable : la même rayure, au même endroit ! Deux fois de suite, vraiment ?

Je retourne donc en magasin le lendemain pour signaler le problème, pensant qu’ils comprendront et accepteront un échange. Mais non ! On me répond froidement que ce n’est pas un défaut justifiant un retour et que j’aurais dû inspecter le produit avant de quitter le magasin. En gros, si j’avais eu l’idée saugrenue de sortir un cutter et de déballer ma machine au beau milieu du magasin, ça aurait peut-être changé quelque chose…

Ce qui est fou, c’est qu’en achetant en ligne, j’ai pu renvoyer la machine sans discussion, alors qu’en magasin, on me laisse avec un produit abîmé sous prétexte que j’aurais dû m’en rendre compte avant. Depuis quand acheter en physique est devenu plus risqué que d’acheter en ligne ?

Honnêtement, cette expérience m’a vacciné. La prochaine fois, je commanderai en ligne, et si le produit a un souci, retour direct, sans débat. Au moins, c’est simple et juste.

Est-ce que d’autres ont déjà vécu ce genre d’absurdité en achetant en magasin ?"
nike,France,"Au Japon, une publicité Nike contre le racisme suscite de vives réactions "
nike,France,"Quand macron et compagnie rappellent qu'il a été élu et que la réforme était dans son programme, ils s'adressent à qui exactement ? Parce que avec 80% de la population opposée à cette réforme, je ne comprend pas pourquoi le gouvernement peut penser que c'est un argument.

Je ne pense pas qu'ils soient assez cramés pour s'attendre à ce que les gens se disent un truc du style ""ah oui j'ai voté pour lui (contre le pen), alors en fait c'est que je dois être en faveur de la réforme"".

C'est absurde, donc je me pose la question : A qui s'adressent-ils quand ils disent ça ?"
nike,France,"Buying from Nike France with a USA Credit Card. I'm trying to buy a gift for a family member (living in France) with my USA credit card (I live in the USA) but Nike wouldn't let me because the billing address is in the US.

Has anyone any experience with that?  I'd appreciate any suggestions. Thank you!"
nike,France,Un magasin se joue brillamment des bots pour la sortie des Parra x Nike SB Dunk Low 
nike,France,Euro 2016 : quand Nike et Adidas fuient leur « responsabilité sociale » pour payer des salaires toujours plus bas 
nike,France,"[OC] [TRUC DE FOU] La fin du métier d'illustrateur ? Test d'une IA de génération d'image à partir de texte Bonjour à tous, 

je suis tombé par hasard sur une IA de génération d'image à partir d'un brief texte nommée midjourney.

Le principe : on décrit ce qu'on veut et l'IA nous fait 4 propositions. On peut demander à l'IA de générer des variantes de ces propositions si on le souhaite.

Il y a clairement un coup de main à prendre pour décrire ce que l'on veut d'une manière qui produise le résultat que l'on recherche.

Voilà quelques exemples de brief et de résultat :

&#x200B;

[PROMPT : Fat university professor, ukrainian flag on the chest, portrait, detailed, oil painting](https://preview.redd.it/tuu3huyv21p91.png?width=1246&format=png&auto=webp&s=994104abafd1a90050b47cc33ddb3a657b9669b6)

Déjà, ça calme, j'imagine tout à fait ça illustrer un édito ou même une couverture de magazine.

On continue : et si je lui demandais qqn qui existe, tjs dans une thématique ""ukraine"" ?

&#x200B;

[PROMPT : Emmanuel Macron, ukrainian flag colors, portrait, cubism, picasso](https://preview.redd.it/j0ykt33731p91.png?width=1004&format=png&auto=webp&s=7fb06a0a629e515a4ceb28f04a4ef3f7047f2413)

Bon bah... no comment.

Et si je lui demande d'appliquer un style moins connu (tout est relatif, bien sûr), en ajoutant une notion d'émotion (""stern"" pour ""sévère)"" :

&#x200B;

[PROMPT : Emmanuel Macron, portrait, stern, in the style of HR Giger](https://preview.redd.it/lop6i16e31p91.png?width=1604&format=png&auto=webp&s=29b38efec2451afca26cf5c3f8f29477f4bab1ba)

Bon, ça c'était pour les gens, qu'en est-il des paysages ?

Je me dis : on va lui demander la tour eiffel dans le style de HR Giger, on va bien se marrer !

&#x200B;

[PROMPT : eiffel tower, insanely detailed, in the style of HR Giger](https://preview.redd.it/ahd8n1ju31p91.png?width=512&format=png&auto=webp&s=4ea74448bc7d88856964b4dc36739b89cef0c416)

Franchement, ça calme.

Je me dis, ok, je vais partir complètement en c\*uille avec un truc bien farfelu qui va tester en plus le côté photoréaliste des rendus : je vais lui demander une photo publicitaire d'un ange princesse sirène banane en peluche.

&#x200B;

[PROMPT : angel banana princess mermaid, plush toy, photography, advertising, teal background, ultra realism](https://preview.redd.it/1nptmbm741p91.png?width=1012&format=png&auto=webp&s=c1b01416cff9f9d32f0ed9510e892a386f53d5cc)

Ok, les visages soit pas tous ouf mais quand même.... la créativité est dingue, les bananes traitées comme des ailes, le rendu ""peluche"", la créativité est ouf franchment.

**On en est là en 2022, je pense que d'ici 2 à 5 ans, c'est FINI, la plupart des jobs d'illustrateurs seront morts. C'est pas ce que je souhaite mais comment imaginer le contraire ?**

Vous êtes un magazine, vous courrez après la thune : plus besoin de payer des illustrateurs, on y est presque. Vous êtes une collectivité, vous voulez un poster pour votre festival ? budget illu = zéro.

Dans quelques années, on pourra carrément décrire des scènes de films et à partir d'un script on aura une vidéo. Ou à partir d'un storyboard dessiné à l'arrache en mode figurine baton, on aura une bande dessinée.

C'est vraiment chaud. Il y a 10 ans PERSONNE n'aurait cru que l'IA arriverait de la manière la plus spectaculaire par les aspects créatifs.

Un dernier exemple, en product design :

&#x200B;

[PROMPT : Nike and adidas sneaker collab on the moon, product photography, realistic, 4K, detailed](https://preview.redd.it/3cxjshgm51p91.png?width=512&format=png&auto=webp&s=6f8901910ad6e6ce9d35e59ebd8a942068b44d63)

Voilà, j'espère que vous êtes plus bluffés qu'attristé, je suis vraiment les deux à la fois pour ma part."
nike,France,"J'ai essayé pour vous : l'amputation des jambes à 28 ans. Bonjour à toutes et à tous en ce bon lundi ensoleillé.
Littéralement dans le titre. Je ne veux pas de jambes, je les utilise ni maintenant, ni après et ce pour plusieurs raisons :

 * j'ai déjà 2 bras qui me procurent tout le bonheur du monde, je peux les bouger, m'en servir pour me déplacer, etc. Comme des jambes en fait. De plus, je perds vite mon souffle quand je déplace avec mes bras, alors me servir aussi de mes jambes, j'ose pas imaginer. Et puis, plus simplement, je déteste aller dehors, c'est viscéral.
 * je refuse de céder à cette pression sociale stupide de devoir aller dehors.
 * sortir, ça coûte cher.
 * j'ai pas envie.
 * avec le contexte géopolitique actuel, ce serait d'un égoïsme incroyable de ma part de faire des activités physiques avec mes jambes à cause du dérèglement climatique et tout ce qui va avec.
 * si je peux éviter de faire du sport, c'est mieux pour moi.
 * et AU PIRE, il y a les chaises roulantes.

Ceci étant dit, j'ai donc pris rendez-vous chez un chirurgien à priori pratiquant l'acte, et voici en substance le dialogue qu'on a pu avoir lui et moi :

 - ""Bonjour, vous venez pour ?""
 - ""Vous pratiquez l'amputation des jambes ?""
 - ""Oui, vous avez quelle âge ?""
 - ""28 ans""
 - ""Je refuse.""
 - ""Pourquoi ?""

Et là, ce fut le début d'un monologue durant lequel je n'ai pas pu placer aucune phrase. Voici donc les arguments de ce docteur :

 * vous êtes jeune, vous changerez d'avis plus tard
 * le monde va s'améliorer, vous allez voir, avec les voitures électriques et tout.
 * si vous tombez fou amoureux d'une femme qui veut un partenaire avec des jambes, elle vous quittera quand elle saura que vous n'avez pas de jambes
 * votre compagne actuelle peut vous attacher les jambes au lit, voyez ça avec elle. elle voit un sexologue non ?

Il continue son monologue en me disant qu'il en voit passer beaucoup des jeunes défaitiste dans son cabinet qui viennent le voir parce que d'autres chirurgiens refusaient de faire des amputations des jambes sur un jeune et que par conséquent, c'est pas la peine de chercher ailleurs et termine l'entretien par une phrase qui restera dans les annales de l'hypocrisie : ""non mais je vous comprends, moi aussi avec le contexte actuel j'aurais pas voulu de jambes"". Puis il me redirige gentiment vers sa secrétaire qui s'empresse de soulager mon compte en baque de 100€.

Outre les arguments discutables et foireux, c'est le fait de ne pas avoir pu présenter les recommandations de mon psy et et de mon médecin traitant imaginaires et de ne pas avoir pu présenter les raisons de ma venue qui m'énerve comme c'est pas permis. Et surtout, sa putain de dernière phrase.

Je m'en remets donc à vous chers amis AirFrançais, connaîtriez-vous par le plus grand des hasard un chirurgien sur Paris, Poitiers ou Bordeaux qui accepterait de pratiquer une amputation des jambes sur un jeune ?

Pavé césar, merci de m'avoir lu et passez une bonne journée !

P.S: à tout ceux qui viennent de dégainer leur clavier pour me dire que ""non mais tu verras, c'est bien d'utilises ses jambes"" ou ""tu peux pas te battre contre tes besoins biologique"", épargnez-vous cette peine. C'est un choix très mûrement et longuement réfléchi et vous n'arriverez pas à me convaincre. Sans déconner, vous faites parti d'une secte ou c'est comment ?"
nike,France,Frelon asiatique ou commun ? 
nike,France,"Forum Libre - 2023-03-20 **Partagez ici tout ce que vous voulez !**

-----------------------

^(Ce sujet est généré automatiquement vers 7h.  -) [^(Archives.)](https://www.reddit.com/r/france/search?q=Forum+Libre+flair%3A%22Forum%22+author%3A%22automoderator%22&restrict_sr=on&sort=new&t=all)"
nike,France,"#JustBurnIt, la réaction d'une certaine Amérique au soutien de Nike à Colin Kaepernick "
nike,France,"Quelles marques de chaussures made in France conseillez-vous? Salut! H23 je vais reprendre mes études en septembre après un stage et faut que je rachète quelques paires de chaussures et comme bcp j'avais l'habitude d'acheter sans réfléchir chez Nike, New Balance etc... mais j'aurais voulu savoir si vous aviez des recommandations de marques françaises qui produisent en France? 🤗

EDIT: Merci à tous pour vos réponses, ma première question sur Reddit ca fait plaisir 😁"
nike,France,Les nouvelles claquettes-bananes de Nike pas vraiment au goût des internautes 
nike,France,« Paradise Papers » : comment Nike s’y prend-elle pour payer moins d’impôts ? 
nike,France,"Forum Libre - 2023-06-02 **Partagez ici tout ce que vous voulez !**

^(Ce sujet est généré automatiquement vers 7h -) [^(Archives)](https://www.reddit.com/r/france/search?q=Forum+Libre+flair%3A%22Forum%22+author%3A%22automoderator%22&restrict_sr=on&sort=new&t=all)^(.)"
nike,France,CYD la communauté Frenchie qui défie Adidas et Nike à Paris 
nike,France,Les nuages noirs s'accumulent au-dessus de Nike 
nike,France,"Histoire de prénom : le moment ou j'ai arrêté d'avoir foi en l'Humanité Petite histoire :

A une époque, j'ouvrais beaucoup de comptes bancaires pour des mineurs ( une campagne massive, donc je fais que çà pendant plusieurs mois )...

Rapidement je réalise que sur ma zone, j'ai beaucoup de prénom... que je trouvais originaux : des marques.

Puma, Nike, Ikea, Sefora etc...

Au bout d'un moment, je me décide à demander aux parents LA QUESTION : mais pourquoi un tel prénom ?

""On nous a dit qu'ils auront des réductions ou des produits gratuits"" ....

C'est à ce moment là précis que j'ai perdu foi en l'Humanité. C'est mort pour notre espèce, on est trop stupide.

&#x200B;

EDIT : face à l'agressivité de certains frustrés ainsi qu'à leurs accusation de mensonges, je bloque directement. J'ai pas de temps à perdre avec des trolls. "
nike,France,"Pourquoi les gens prononcent le mot ""sweat"" (dans le sens de sweatshirt, pull) ""sweet"" quand ils parlent français?  Je peux comprendre qu'on écorche des mots anglais qu'on utilise en français mais la c'est si bizarre. Ça ne se prononce juste pas du tout comme ça et en plus ça se confond avec ""sweet"" du coup. Et quand ces gens parlent en anglais ils le prononcent correctement. "
nike,France,"Forum Libre - 2016-06-10 
**Partagez ici tout ce que vous voulez !**

__________________________________________

^(Ce sujet est généré automatiquement en semaine à 7h et le samedi à minuit. -) ^[Archives.](http://www.reddit.com/r/france/search?q=flair%3A%22Forum%22&sort=new&restrict_sr=on&t=all)
"
nike,France,"Rat vs Pigeon Ramier Je sirotais mon apéro tranquille, un ricard yaourt, dans mon petit jardin de banlieue parisienne. Il y a un petit arbre laurier où les pigeons ramiers développent leur lignée depuis maintenant quelques années. C'est mes potes, ils sont quasi-apprivoisés, ils sont tranquilles avec moi, n'ont pas peur, quand j'essaye d'imiter leurs chants, ils répondent. Quand c'est la canicule, je les arrose, j'ai déjà vu des corbeaux qui s'attaquaient à eux. C'est mes colocs. 

Mais bon, on est à Paris. Il y a aussi des rats/souris, c'est plutôt normal. Sauf que ce matin, avec le café, je vois un truc énorme, presque 40 cm, queue comprise. Le roi des rois des rats. Je me suis dit celui-là, je dois trouver un moyen de le piéger sans piéger un oiseau. Je me dis que je vais mettre le piege cette nuit mais j'ai pas eu besoin. 

J'aperçois ce gros rat, un truc vraiment énorme, et le petit pigeonneau qui bouffe des vers tranquillement. Ils gardent une bonne distance pendant une dizaine de minutes, mais inévitablement leurs chemins se croisent. Et la d'un coup le rat saute sur le pigeon, le prend par le cou le traine sur presque un demi metre. Je tente de faire du bruit, tapper dans les mains, gueuler un peu pour faire peur au rat, mais rien a faire le type n'avait aucune peur. 

J'étais en pantoufles, mais d'un coup je vais chercher mes vieilles Nikes, je choppe un râteau et je fous quelques coups pour essayer de les séparer. Je voyais déjà que le petit poussin était blessé à l'aile. Ça marche mais le gros rat y retourne, donc moi aussi. Au bout d'un moment, le rat va dans l'autre sens. 

Il était tellement énorme qu'il était super lent et j'arrive à l'achever d'un coup sec. Mais pas de bol, le petit pigeonneau semble mal en point. Il marche encore mais il a clairement l'aile cassée. Il n'est pas loin du nid, donc je vais le laisser jusqu'à demain. Soit il s'en remet, soit il creve tranquillement. Sinon, je le ramasse et je prends soin de lui. 

La puissance des gros rats, c'est vraiment impressionnant et vraiment dégoûtant. 

 "
nike,France,vintage picture of france 
nike,France,Le maillot de l'équipe de France à deux étoiles coûte moins de 3 euros à produire en Thaïlande 
nike,France,"A Toulouse, le virage radical de la délinquance "
nike,France,"Apple vision pro : Le futur me fait peur avec ce genre de nouveaux jouets J'avais envie de partager cette vidéo: [https://youtu.be/SeCXspjtHVU](https://youtu.be/SeCXspjtHVU) et je suis assez d'accord avec l'avis de ce journaliste qui détaille les dérives du casque que Apple Vision pourrait apporter à notre société

Regardez les fan boys Apple ci-dessous, vous en pensez quoi ?

https://preview.redd.it/af529wrderjc1.jpg?width=1920&format=pjpg&auto=webp&s=499cc06af2f71303f96770b52f7272ab2a344718"
nike,France,"les baskets qui couinent Bonsoir r/france , dites moi ça vous arrivent aussi les baskets qui couinent? 

J'ai bien fait des recherches , c'est pas un problème d'humidité , elles sont neuves (un model zoom de nike ) 

je vous envoie cette vidéo , la c'est à la maison, 

la premiere fois portées  c'etait au musée :/. je vous explique pas la génance ...



[https://imgur.com/a/ltGs7Uu](https://imgur.com/a/ltGs7Uu)

la ça semble leger mais c'est juste avec les doigts , en vrai ça fait un bruit trop genant .

Vous auriez un conseil ?

J'ai lu de beaucoup marcher chez soi pour détendre la chaussure mais ça marche pas :/ 

merci ça me derait d'une grande aide 

 "
nike,France,"La fnac escrocs ? Je suis désolé ce poste va être salé et potentiellement long.

Contexte: mon neveu fête ses 6 ans mardi prochain. Je vis à l'étranger.

Histoire d'être en avance et d'être sûr qu'il ait les cadeaux qui lui feraient plaisir, au début du mois j'ai commandé sur le site de la fnac car je voulais aussi éviter Amazon, et hélas je n'avais pas trouvé sur Cultura (c'est bon ça passe j'ai cité deux concurrents ?).

Donc je passe ma commande tranquillou biloute, je trouve deux coffrets Lego Harry Potter (des livres-scènes plutôt cools), et voilà.

Avant hier en ayant un peu zappé la situation avec Noël etc.. Je vérifie avec ma sœur (la mère) si elle avait récupéré les cadeaux pour mon neveu (vu qu'elle venait de me confirmer la réception en point relais d'autres cadeaux pour Noël cette fois). 
Et donc non, ainsi je retourne sur le site de la fnac, et je vois que ma commande a été annulée. 
Cela peut arriver, et en croire les informations que j'ai eu après, c'était un peu de ma faute. Cependant je n'avais été notifié nulle part, ce qui me met un peu en rogne... 
Donc le lendemain je les contacte pour râler un peu et surtout trouver une solution pour être sûr que mon neveu ait ses cadeaux à temps (mardi prochain, post week-end de Noël donc). Durant presqu'une heure entre râlage et discussions pour trouver la meilleure solution, on m'a d'abord expliqué que pour le click n collect (le plus rapide) ce n'est pas possible car il faut la carte bleue utilisée ET la carte d'identité de la personne qui fait la commande, donc on me conseille à nouveau de refaire du point relais, et comme on m'a expliqué que j'avais mis un nom différent sur la carte bleue (la mienne) et la livraison (mon beau frère) il fallait que je corrige cela sur la nouvelle commande. Je demande au conseiller de me confirmer le temps que je passe la commande, ce qui est chose faite, je le remercie, coupe le chat. Tout est beau dans le meilleur des mondes. Après un coup de sang et de chaud, tout va bien.

Sauf que... Ce matin.. (Je vous ai entendu chanter les vieux..) vers 11h.. Je reçois un mail comme quoi ma commande est annulée car les informations ne sont pas bonnes etc.. Pour l'instant je n'ai pas eu le service client, je vais les avoir cet après-midi pour comprendre. Mais en regardant pour une autre solution, par exemple que ma sœur aille acheter les cadeaux un samedi 24 décembre ou autre, je m'aperçois avec joie, que les coffrets ont augmenté de prix... Tiens tiens tiens... C'est cocasse non ?
Je ne vais pas faire de crise de mauvaise foi jusqu'à que j'ai eu le fin mot du problème, mais ça me fait bien mal à la raie... Voilà sur ce, bon jeudi !

(Je mettrais en commentaire une fois discuté avec le SAV, que je ne peux qu'avoir en chat, car je n'ai ni Messenger ni Twitter et je vis à l'étranger pour un numéro surfacturé à la minute, on va éviter..)"
nike,France,"Marques de chaussures pour hobbits Bonjour à tous, 

Comme j'ai vu passer ici quelques posts qui parlent de chaussures, je me suis dit que si ça se trouve, quelqu'un ici allait ~~réussir à lever~~ rendre aménageable ma malédiction! 

Alors voici le topo : mec adulte de 1m63, en longueur (23,5 cm) mes pieds correspondent à du 38 voire plutôt du 37 si ça existait dans les pointures ""mec adulte"", mais en largeur, d'après ce que j'ai pu voir sur le web, alors ça collerait plutôt à du 42-43! 

Appelons ça des pieds de hobbits, des palmes, ou ce que vous voudrez \^\^"" 

Vu un podologue et un rhumato, passé un scanner : aucune déformation osseuse donc rien à opérer, c'est ""juste"" des pieds (très) larges en plus de ne pas être grands. Médicalement ça les choque pas, donc rien à faire. Déjà tenté de les lancer sur l'idée d'une opération histoire de me chausser normalement, refus catégorique d'autant que j'ai une maladie invalidante / évolutive par ailleurs et qui affecte entre autres la mobilité (décidément...!), donc du moment que j'arrive à marcher tout court, personne ne prendra le risque d'un résultat pire. Je fais 62kg donc loin d'être obèse, même compte-tenu de ma taille, mais j'en viens à me demander si j'devrais pas perdre 15kg rien que pour perdre quelques poussières en largeur, des fois que ça aide... Vous voyez le niveau de désespoir \^\^""

J'ai tout essayé :

* le 39 mec / adulte quand j'ai la chance d'en trouver, c'est-à-dire entre 0 et 5% du rayon d'une grande surface spécialisée : trop grand 98% du temps. Je précise que j'ai seulement essayé les chaussures ""classiques"" pour quelqu'un qui s'habille encore à peu près jeune (donc baskets / chaussures de ville), j'ai passé mon chemin devant les bottes / bottines, mocassins à glands, pantoufles, sandales  et j'en passe ; 
*  le rayon femmes si je tombe sur des baskets unisexe : z'ont les pieds trop étroits, en 39 y a rien à faire ; 
* le rayon enfants : pas franchement mieux et quasiment que des modèles avec des couleurs fluo' dans tous les sens. 

A l'époque le podologue était confiant sur du 39 ""mec / adulte"", mais en moyenne je trouve une paire de baskets ou chaussures de ville presque pas trop grande tous les 3 ans. Là ça fait un bail que j'ai pas réussi à renouveler l'exploit, je sens que la prochaine fois que je trouve quelque chose alors j'vais repartir avec 5 paires identiques... 

J'préférerais éviter les chaussures orthopédiques type ""chaussures à velcros pour diabétique et faites sur mesure pour être en 38"", ainsi que les tongs / sandales et les modèles improbables! 

Jusqu'ici il m'arrive de trouver parfois des trucs en 39 faits par Geox, en achetant sur Amazon car en boutique ils ont jamais ma pointure. Donc Geox / 39, c'est quand même un peu grand mais tant pis, c'est ça ou rien :/

Pendant longtemps je prenais des baskets Puma ou Nike, mais depuis quelques années c'est du 100% plastoc / synthétique et trop étroit. Chai pas si c'est moi qui ai gagné encore plus en largeur ou s'ils prennent des modèles sud-coréens de 40kg... J'ai testé les New Balance, Reebok et Adidas en 38 / 38,5 / 39 (paraît que ça taille large), mais nan... Sur Amazon j'ai testé les filtres ""large / extra large"", mais tout ce que j'ai pu essayer c'était du (très) grand 39 (marques Ara, Camper et IGI&Co). 

Désolé pour le long récit mais destiné à élaguer les pistes! D'où ma question : auriez-vous connaissance de marques qui pourraient me convenir, donc :

* qui taillent large ;
* qui font maxi du 38 voire taillent petit en 39 (mais tout en restant larges!) ; 
* font des modèles du style baskets ou chaussures de ville à lacets, couleur à peu près unie gris / noir, pour faire ""bureau"" le cas échéant, plutôt que de me faire passer pour un randonneur qui prend soin de son look ; 
* sans talons / semelles compensées de 5 cm, ni bout pointu ou fermeture éclair décorative, comme ça semble être la mode depuis quelques temps : dans le cas contraire, alors dans le genre ""talons hauts, bout pointu et décorations fantaisie en 37-38"", ça changerait la nature du problème! ; 
* idéalement en cuir pour qu'on puisse ""les faire"" et soient durables, contrairement au plastique / synthétique / simili.

Pour vous donner une idée de ce que je cherche, un truc qui ressemble à ça : noir, lacets, en cuir, tout bête et passe-partout (sans mauvais jeu de mots sur ma taille!) : [https://www.chaussea.com/fr/baskets-noir-neosoft-homme-cuir-50231003-19876.html](https://www.chaussea.com/fr/baskets-noir-neosoft-homme-cuir-50231003-19876.html)

Toute autre suggestion sérieuse sera considérée :-) 

Mille merci depuis la Comté / la Terre du Milieu (c'est le cas de le dire car j'habite en Auvergne! Ca s'invente pas...) "
nike,France,"Chaussures moralement et écologiquement responsables. Bonjour air France. 

Petite question. Toute ma vie, j'ai eu des chaussures Nike, Adidas et Jordan et j'aimerai basculer vers une marque qui n'exploite personne et qui ne s'en fout pas des répercussions écologiques de leur fabrication et transport. Est-ce que vous avez des marques à suggérer, de préférence made in France? 

Je cherche des pompes assez classiques dans la veine des Stan Smith, Superstar, Air Force, ce genre de choses. Je ne suis pas du genre à avoir 10 paires, je tends à garder mes chaussures plusieurs années jusqu'à usure totale donc je cherche un modèle qui va un peu avec tout et qui est plutôt résistant. 

Merci d'avance pour vos suggestions.

Edit : Merci tout le monde pour vos suggestions, je vais éplucher ça et trouver mon bonheur j'en suis sûr ! Merci !"
nike,France,"Baskets passe partout grande taille ? Hello chers compatriotes,

Je chausse du 49 et je viens de la planète terre ;).

Je galère depuis très longtemps pour trouver chaussure à mon pied.

Depuis quelques années j’exploite le filon des Nike Tanjun taile 49,5 qui me vont très bien sauf que les semelles ont tendance à devenir lisse en moins d’une année donc j’en reviens à les renouveler régulièrement (en passant par le site web du fabricant) et je suis de retour à ce point aujourd’hui.

Avez-vous des filons à me proposer pour pouvoir avoir accès à du choix (et non pas « la seule paire au dessus du 47 du magasin) dans un budget < 100€ (ou alors justifié par la durée de vie).

Il y a quelques années Decathlon avait souvent une dizaine de paires de chaussures au dessus durée 47 avec fréquemment du 49. Mon dernier tout en magasin s’est soldé par 0 chaussure au dessus durée 48…

Je ne cours pas avec, c’est pour mettre au quotidien.

Merci à vous !

"
nike,France,Quelle est votre votre plus belle affaire sur internet ? 
nike,France,Most Americans say 'Arabic numerals' should not be taught in school 
nike,France,"Acheter le maillot de l'équipe nationale Bonjour!
Je suis en France avec la famille et les enfants veulent acheter des maillots de l'équipe nationale. Est-ce que quelqu'un connait un magasin qui vend ça ? Merci!"
nike,France,"Illaire g lu 1 livr pr la 1er foi en 10 an. Un enfaire. jmen fou de la blibliotec

Jmen fou que lotre la Victor mdr il ecri des livres 

les mecs la qui écrient pour gagné le franprix de cliancourt, moi jmenfou put1 NIKE Cliancourt jsui un mec de neuilly92i. kan je vai o puce les jan me dise ""Monsieur, vous n'êtes pas le bienvenu ici, c'est seulement sur rendez-vous"" je répondé ""put1 sal gueu parl-moi bien ou koi""

tousa pour vou dire mdr nn slment jmen ba la race de lire mai en + je NIKE les livre. les blibliotec JE LES NIKE

illaire jss passé ché mon frr qui a 1 jamb ds le plate ou chai pas koi tsais pr me foutre de sa gueul 1 peu mdr, et kan jariv il me di ac un sourir tsais quil avé delivroo et ke si jvoulai mangé ac lui jdevé lir 1 livr

le fdp

G dit oui alrs ke y a livr dan delivroo mec jsai mm pas cke c laise moi mangé fai pas ta tap1 put1

un enfaire

kan g ouver le livr, gt hor de moi put1 il ma ded le chacal et pr temps jss du genre weyyyy

le livr wouah jpigé ke dal frr mdr

g lu de truc chelou je pigé ke dal jsavé que gt pa bon pr lir mé kan mm ct cho un peu koi, jmété dit puti1 ya vréman des kouyon pr HT des truc kils comprene pas mdr c ouf moi ossi jvai gagné le franprix de cliancourt ou jsais pas koi me fère du blé en 90 minutes tou sa pour fère des dessin a la con la sur du papié et vendr sa 17€90 à la fnac imagine mdr

vazi jai le mega seum son nom la ché plu koi sasuke mourakami machin c just ouf de sfere autan de blé a fer nawak et pour temps mes parent travail à levaloi mdr 

a se niker 

ce mat1 mon frr ce fdp menvoi un text et ct écrit ""c'était un livre en japonais"" mec jmenfou de fère du cheval jss dja en férari 

ct 1 kebab le fdp"
nike,France,"Recensement des casseroles Ca fait quelques temps que je me dis qu'il manque une plateforme dédiée aux casseroles en tous genres. Avec Mediapart qui fait une galerie de candidats RN avec de la merde au cul, j'y repense à nouveau.

Un site pour rencenser les dirigeants et les personnalités politiques en premier lieu, mais aussi pour les entreprises, pour les personnalités publiques en général. Quant au casseroles, cela peut être des affaires d'agression sexuelles de ministres, des affaires de conflits d'intérêts de conseillers de l'Elysée, des scandales autour de grandes entreprises en France ou à l'étranger.    
   
Il s'agirait de regrouper stratégiquement des informations trouvables par ailleurs, mais souvent dispersés sur la toiles.   
   
Par exemple, on sait tous qu'une marque comme Nike a été mêlée à des saloperies, genre travail d'enfants, mais pour trouver des informations exhaustives, il faut quand même fouiller pas mal. Et si on veut connaître d'autres casseroles, il faut fouiller encore.    
   
Il y a bien ici est là des pages intéressantes, comme [des catégories wikipedia](https://fr.wikipedia.org/wiki/Cat%C3%A9gorie:Personnalit%C3%A9_politique_condamn%C3%A9e_pour_corruption  ) ou [d'autres pages wikipedia](https://www.wikiwand.com/en/List_of_American_federal_politicians_convicted_of_crimes), des [best-of publié par certains médias](https://blogs.mediapart.fr/jean-marc-b/blog/290820/liste-non-exhaustive-de-responsables-psumplrfnrn-mis-en-examen-ou-condamnes), il y a un [excellent site qui recense les violences policières](https://violencespolicieres.fr/), il y a encore [ballotpedia](https://ballotpedia.org) qui observe les méfaits des politiciens américains. Je suis sûr qu'il y a plein d'autres pages dans ce genre (n'hésitez pas à les partager). J'ai aussi trouvé un site français (lescasseroles.fr) mais il a l'air gentiment abandonné.   
   
Bref... Y a pas ça? Un truc batard entre wikileaks et wikipedia. Avec tous les geeks gauchistes que je lis sur r/France, personne veut lancer un truc? Il y a certainement des problèmes à prendre en compte, c'est un terrain assez glissant, entre les possibilités de dérapages complotistes, de brigading, ou simplement les questions de modération, de parti-pris, de subjectivité.

TLDR: Y a pas un site pour trouver facilement les casseroles de nos dirigeants, nos milliardaires, nos grandes entreprises ?"
nike,France,"Changer mon esprit : je consomme ""mal"", et je m'en fiche (presque) Hello,

En ces temps de Covid (J12 de mes symptômes légers!) et d'autres sujets tracassant, j'avais envie de solliciter l'aimable assemblée pour une petite réflexion collective (ou non) et m'aider dans mon cheminement hautement intellectuel (lol) personnel.

Voici le topo. Je consomme mal. Non pas que je surconsomme (encore que...), mais je suis un stéréotype de beauf-consummériste : je pourrais être client du mois chez UberEats, j'aime me ruiner en fringues tous les mois en ligne, McDo est ma 2e maison, je me moque bien de mon impact carbone (ceci étant, je n'ai pas de voiture ni d'enfants, ouf !), ...

En ayant encore cette discussion avec un pote, je me suis rendu compte d'un truc : je sais que mes habitudes de consommation sont considérées comme éthiquement mauvaises, mais je ne sais pas en quoi leur abandon, individuel et collectif, amènerait à une meilleure situation sociale des populations qui en sont les ""productrices"".

Autant sur l'aspect environnemental, je suis pour ma part auto-convaincu que de toute façon, le jeu est fait et qu'il est trop tard pour agir - quand je vois la mobilisation des gouvernements, entreprises, ... pour l'urgence sanitaire, je me dis que seule une mobilisation de cette ampleur pour le climat pourrait y changer quoi que ce soit. Mais ça n'existera jamais. Donc, à quoi bon, puisqu'on va tous crever ? BREF. [insérer attitude positive]

Sur l'aspect social, en revanche, c'est là que je me sens bien désarmé intellectuellement et que je crois que j'ai encore besoin d'être convaincu, preuves à l'appui.
Je m'explique :

J'entends bien l'argument de la précarisation des populations employées par les Uber et compagnie ; l'argument d'exploitation voire d'esclavagisme/néocolonialisme pour la production textile dans les pays ateliers d'Asie et d'ailleurs... L'argument qui dit que, par mon acte égoïste, connard et purement capitaliste, j'entretiens un cercle vicieux d'aliénation et de paupérisation de gens ""qui n'ont rien demandé"". OK.

Maintenant, dans ma tête, la suite se fait comme ça : oui, ces populations ont bien, bien moins de ""chance"" que moi dans la vie et méritent de bien meilleures conditions de vie, de travail, etc. Mais pourquoi font-elles ce travail ? Car elles n'ont sans doute pas le choix - ou alors, je dois revêtir, moi aussi, un présupposé paternaliste, en me disant qu'elles ne se rendent pas compte de la misère socio-économique dans laquelle elles sont ? 
Non, en bonne conscience, je ne peux pas : elles savent que ce taff craint, mais elles le font quand même. Donc pourquoi ? Car elles n'ont pas le choix.

Maintenant, pourquoi n'ont-elles pas le choix ? Et pourquoi, en rejetant cette consommation, les entreprises derrières et toutes les chaînes qui en découlent, pourquoi le recul/l'évolution de ces pratiques viendraient profiter à ces populations ? Si Uber doit mieux payer ses ""salariés"" (oula!), va-t-il pouvoir en ""employer"" tout autant - ou va-t-il restreindre, et cela va-t-il rejeter certains de ses chauffeurs dans d'autres jobs moins safe ? Si Nike ferme une usine ou l'automatise pour réduire la production, que vont faire les employés mis au chômage ?

Je lisais encore un article du NY Times sur la sous-traitance de compte UberEATS par des gens legit à des mineurs/sans-papiers (et j'avoue que je ne savais même pas que c'était un truc qui existait). Là encore, je ne peux que me dire : oui, mais ces gens font ça car cela leur apporte de l'argent, tout en étant moins pire que des choses pas vraiment légales ou recommandables... Donc, c'est un mal pour un bien. A moins de repenser toute notre société, que faire d'autre ?

Bref, je suis un connard, mais il me manque une clé de lecture pour comprendre comment mon choix micro impacte un contexte macro (""la société est pourrie, le capitalisme nous aliène tous"") qui a des conséquences meso-micro pour les populations susvisées - conséquences qui, à court et moyen terme, seront positives.

Merci pour vos lumières!"
nike,France,Des recommandations de marques de sneakers solides ? Auriez vous des conseils sur le choix de marques de sneakers/chaussures de ville qui tiennent dans le temps ? J'en ai marre des trous et des semelles qui se décolle en moins de 2 ans
nike,France,"Où acheter des baskets de qualité ? Hello,

Après avoir troué une énième paire de baskets neuves qui ne m'aura résisté qu'un an, j'ai envie de sauter le pas et de m'acheter autre chose que des Nike/adidas/etc. que je trouve habituellement aux alentours de 50€ dans de grandes enseignes ou sur vinted.

Je suis prêt à raquer un peu (même si je ne connais pas les prix) pour avoir quelque chose qui dure VRAIMENT plusieurs années sans soucis. Et j'aimerai en profiter pour passer sur des produits fabriqués en France ou en Europe.

Auriez-vous des recommandations à me faire ?"
nike,France,"Demi-finale de l'Euro Féminin de Football : Allemagne - France Ce soir, à partir de **21h**, les équipes française et allemande s'affronteront pour une place en finale de l'Euro Féminin de Football.

Vous pouvez suivre le match [en direct sur TF1](https://www.tf1.fr/tf1/direct) et Canal+.

Un résumé du parcours des deux équipes peut-être trouvé [sur le site de l'UEFA](https://fr.uefa.com/womenseuro/news/0277-15b403537313-fd17e60d5b8c-1000--allemagne-france-presentation/).

Ce post est créé en partenariat et sur proposition des modérateurs de r/de, n'hésitez pas à aller (respectueusement) échanger avec nos voisins et concurrents dans ce fil : [https://www.reddit.com/r/de/comments/w8s2yk/rudelguckfaden\_frauenfu%C3%9Fball\_em\_halbfinale/](https://www.reddit.com/r/de/comments/w8s2yk/rudelguckfaden_frauenfu%C3%9Fball_em_halbfinale/)"
nike,France,"Agressé par des policiers, coup, insultes à caractère raciste, intimidations, abus de pouvoir. Un peu de contexte, je suis un homme dans la vingtaine noir de peau qui habite en banlieue au casier vierge et habillé correctement (t-shirt, paire de jeans, chaussures Nike) donc rien du traditionnel ""uniforme de racailles"". 


Tout est dans le titre et ça c'est passé il y a moins de 30 minutes. 



Je rentrais chez moi quand je vois plusieurs voitures de police juste devant le bloc de mon bâtiment, mis à part la présence de policiers et de leurs véhicules je ne vois rien d'anormal donc je ne romps pas mes habitudes et je continue à marcher tranquillement comme je le fais tout les jours en direction de mon appart sauf que plusieurs policiers s'approchent de moi et m'interdisent d'avancer davantage et m'ordonnent de circuler en disant ""tu circules"", je leur indique que j'habite juste là et c'est là qu'un policier me met un coup au bras avec sa matraque télescopique en métal et dit mot pour mot ""tu circules sale macaque"". 
Ce n'est pas la première fois qu'un flic me manque de respect, j'ai déjà subi les contrôles au faciès intempestifs, les remarques désobligeantes au sujet de mes origines, mon nom à connotation africaine, l'endroit où je vis et j'en passe mais auparavant jamais de ma vie un flic ne m'avait directement dit une insulte raciste, sur le coup je ne dis rien je ne bouge pas et je regarde droit dans les yeux le flic raciste, son collègue sort sa gazeuse avec sa main droite pose l'index sur le déclencheur et sort sa matraque avec sa main gauche pour essayer de m'intimider et répète exactement ce que l'autre policier raciste a dit et rajoute ""tu fais le tour macaque"", le bâtiment est très long faire le tour nécessite 8 minutes de marche supplémentaires de plus il n'y avait rien qui m'empêchait de me rendre normalement chez moi ils voulaient juste me faire chier, donc j'ai face à moi 2 keufs racistes, armés, prêt à en découdre et accompagnés, qu'est-ce que je fais ? Malheureusement pour éviter des ennuis je m'exécute car je sais que répondre ne va me mener à rien si ce n'est avoir des problèmes, un casier et comme des membres de la bac l'ont fait à mon frère si je sors mon téléphone pour filmer l'altercation il risque de volontairement me le casser. 
Je pars donc faire le tour et en partant j'entends ces deux bouffons ricaner, pendant tout ce temps ils y avaient d'autres flics avec ces deux là, bien qu'ils n'aient rien dit ou fait à mon encontre je ne les ai pas entendu calmer les ardeurs racistes de leurs collègues ou bien faire la moindre chose contre le coup qui m'a été injustement donné et les injures racistes que j'ai subi. 
Bizarrement aucun de ces flics n'avaient de matricules sur leurs uniformes et de toute façon puisque je suis sans preuve ça restera la parole d'un noir parmi tant d'autres injustement traités par la police contre cette dernière donc malheursement je ne peux rien faire. 

Si jamais vous rencontrez la police par réflexe utilisez Periscope et filmez, si altercation il y a au moins votre vidéo sera dans le cloud et vos preuves seront intacts (ou Facebook ou tout autre moyen à vous de décider). 

Ceci est la réalité auquel beaucoup de personnes d'origines étrangères et de de banlieues sont confrontés, les policiers dans leur plus grande majorité sont malsains et nous rabaissent autant qu'ils le peuvent en outrepassant les lois qu'ils sont censés faire respecter, leur moyens de prédilections sont la violence verbale ou physique, l'intimidation et le mensonge si par malheur une personne se rebelle celle-ci finit mal, parmi mes amis tous assez fréquemment nous nous faisons malmener par la police à un degré semblable juste pour vivre comme un citoyen lambda le fait, je souhaite que les opinions sur la police changent et qu'on admette sa piètre qualité et l'indignation qu'elle suscite.

Post réalisé avec un smartphone. 

"
nike,France,Game over. 
nike,France,J'ai eu un beau cadeau d'anniversaire 
nike,France,"Décodage et explications : maillot de la FFF de 2022 Salut,

En tant qu'étranger avec un [maillot de la FFF de 2022](https://boutique.fff.fr/fr/maillot-france-nike-fff-ext%C3%A9rieur-match-dri-fit-22/23/p-8903032215598505+z-89-3651442920?_ref=p-PDP:m-CAPPVI:pi-PDP_RECOMMENDATIONS_2:i-r0c0:po-0) je me pose la question s'il 'agit d'illustrations emblématiques, comme sur les billets en euros, ou si les symboles existent en réalité ? Malheureusement, à part le coq, le tricolore et l'arc de triomphe, je ne reconnais aucun des symboles représentés.  
Toute aide pour le décodage et des explications seront les bienvenues ! :)"
nike,France,Gap France stoppe « momentanément » ses activités de vente en ligne 
nike,France,Centrale Nantes : le discours anticonformiste du jeune ingénieur fraîchement diplômé fait le buzz sur Facebook 
nike,France,"Je viens de voir ça sur le mur avant de mon immeuble, je pense à un repérage pour cambriolage, vous savez que ça veut dire ? "
nike,France,"Dimanche Autopromo - 2022-07-10 Vous pouvez échanger ici votre propre contenu, que ce soit votre chaîne youtube, votre instagram de photographie, vos podcasts, votre blog, vos musiques, vos analyses politiques… Le contenu illégal selon la loi française ou ne respectant pas les règles du sub sera supprimé. 

**Faites attention à votre vie privée.**

----------------------

^(Ce sujet est généré automatiquement tous les dimanches.) ^[Archives.](https://www.reddit.com/r/france/search?q=dimanche+autopromo+author%3AAutoModerator&restrict_sr=on&sort=new&t=all)"
nike,France,Lyon : des objets nazis retirés d'une vente aux enchères 
nike,France,La bande de blancoteurs du district XVI 
nike,France,"Arrêtez de chier sur les médecins. Ça fait deux trois threads où la haine et le mépris que certains d'entre vous ont des médecins s'écoulent, et ça fait vraiment mal au cœur.

Alors en préambule, certes, des connards et des incompétents, il y en a, et on connaît tous une victime d'un malheur médical, d'un évènement qui n'aurait pas dû se produire. Mais essayer de passer de l'autre côté de la barrière, et vous verrez que la vie est pas rose et que l'immense majorité, surtout les jeunes, ce sont des gens qui essaient de faire de leur mieux et qui se font cracher dans la gueule en permanence.

Niveau salaire, arrêtez de croire que les médecins gagnent beaucoup. C'est pas vrai du tout, c'est même le contraire. Ramené à l'heure, un médecin ne passera tout juste au dessus du SMIC qu'après la fin de ses études. Et là c'est la galère pour trouver un poste. En libéral il faut trouver à s'installer, et avec toutes les taxes c'est moins de 10 euros, plutot 5, qui restent par consultation, avec à chaque fois le risque d'erreur, la responsabilité.

Les grands professeurs qui gagnent (relativement) beaucoup en couplant une activité privée à leur salaire public, ils ont un doctorat de science en plus de leur doctorat de médecine, ils dirigent un service, encadrent des étudiants, donnent des cours, participe à des sociétés, font de la recherche etc. Ils méritent leur salaire. D'autres médecins qui en font autant plus ou moins mériteraient de gagner plus, mais il ne faut pas non plus taper sur ceux qui enfin gagnent bien leur vie, ça devrait être la norme.

Les grands journaux qui donnent des moyennes à 8000€/mois sortent les chiffres de leur culs. Si vous êtes des gens normaux, vous avez jamais vu un seul médecin qui gagne autant. En passant faudrait apprendre aux journalistes la différence entre la moyenne et la médiane.

Ça vous fait chier d'attendre plusieurs heures aux urgences ? L'interne qui va vous voir, ça le fait chier de pas dormir de la nuit, alors qu'il est là depuis 8 heures le matin (pas comme les infirmières qui ont des shifts de 12h) et qu'il restera jusqu'à 10h au plus tot, dans certains services jusqu'à 18h le lendemain, parce qu'à l'époque du chef de service on faisait comme ça, et que le repos de garde (dont le vrai nom est repos de *sécurité*) c'est pour les mauviettes.

Aux urgences, passez vos nerfs sur les gens qui devraient aller voir les médecins de ville et qui n'ont pas de problème *urgent*. Ce sont eux qui sont aussi en grande partie responsable du problème. Eux et les politiques qui interdisent au médecins de faire grève (la dernière fois qu'ils ont essayé en masse, ils ont été réquisitionnés), qui restent sourds à leurs revendications, et qui leur en demandent toujours plus et plus. Après 120 heures par semaine ya plus grand chose de plus à faire, un jour ou l'autre ça va craquer.

Quelques idées en vrac, très personnelles pour améliorer les choses :
- La consult à 30€, c'est pas cher (le coiffeur de madame c'est plus cher. Qu'est-ce qui est plus important, la santé ou les dernières nike ?)
- Un ministre de la santé qui soit médecin et qui ait travaillé en hopital public
- Des directeurs d'hopitaux médecins
- Une revalorisation des salaires hospitaliers
- Respect du droit du travail à l'hopital, pas de semaines de plus de 60 heures (ça évitera quelques erreurs médicales. Un médecin qui dort plus de 4 heures par nuit, c'est bien).
- Désengorgement des urgences en partenariat avec la médecine de ville.
- Droit de grève effectif.

Donc la prochaine fois que vous avez un truc méchant à dire sur ce connard de médecin qui tué tonton rené, ou à ce salaud d'interne qui a fait fi de votre douleur après 8 heures d'attente aux urgences, mettez vous dans leurs grolles et essayer d'imaginer ce à quoi leur vie quotidienne ressemble.
"
nike,France,"Recently fell in love with a french song and would like some help with a translation The link to the song https://youtu.be/gOosOFOySc0, thank you for anyone who can help"
nike,France,#Acte19 #ActeXIX #Nice #giletsjaune #Symbole Crédit photo : Reuters 
nike,France,"""Retournez en Chine!!"" [récit ambulancier] En préambule de ce récit quelques précisions.
Durant le confinement toutes les hospitalisations de jour se sont arrêtées : les rééducations orthopédiques suite à des accidents, les réadaptations cardiaques suite à de lourdes opérations, les prises en charge neurologiques suite à des AVC, les séances de kinésithérapie, orthophonie... Etc.. Etc...
Tout est reporté, annulé.

Y compris ce qui concerne la psychiatrie.

Nous emmenons d'habitude de nombreux  patients plusieurs fois par semaine dans des structures adaptées, cliniques et autres, où les gens viennent se reconstruire et essayer de supporter leur mal-être. Patients au mieux dépressifs, au pire carrément suicidaires, ils suivent des protocoles de soins cadrés : de l'atelier coloriage à la balnéothérapie, les solutions sont nombreuses pour soulager leurs maladies ou leurs psychoses.

Une semaine après le début du confinement, on en parle déjà entre collègues ; comment va faire Mme X ou Mr Y pour supporter cette épreuve imprévue et Ô combien pertubante.

Ce jour-là le motif d'appel du SAMU est surréaliste et nous fait même sourire :

""Homme de 40 ans, ne supporte pas le confinement. Se promène nu chez lui, ouvre toutes les fenêtres, veut donner des pastilles de Javel à ses animaux domestiques pour les désinfecter"". 

Nous voilà partis dans un petit village pas très loin de notre base. 

On arrive vite sur place et le compagnon de l'homme en question vient immédiatement à notre rencontre. Il nous previent : son (petit) ami ne voudra jamais venir et ne sait même pas qu'on arrive. Il risque de se montrer agressif et fort désagréable. 

À peine sortis de l'ambulance que le patient vient à notre rencontre, vociferant contre nous, les ""pu***** d'ambulanciers privés"".
On a aucun droit de rentrer chez lui, encore moins de l'emmener de force (sic). 

On est vite fort dépourvu ; l'homme est du genre balèze et très agité, impossible de parlementer ou de l'approcher. 

Et là, scène surréaliste. Il jette une paire de baskets sur la route en leurs criant : ""Retournez en Chine !!"" 
(Sûrement une paire de Nike contrefaites ^^, mais rappelons-nous du contexte, on ne parle alors que du foyer supposé de l'épidémie, le marché de Wuhan, en Chine justement...). 

On ne l'approchera pas plus et finalement, rebondissement. Suite à un petit couac au niveau de la régulation du SAMU, une autre ambulance privée arrive sur place (d'une autre société), et comme le hasard fait bien les choses, 2 gendarmes en Clio passent au même moment devant la maison, et s'arrêtent devant tant d'agitation en cette période de confinement. 

Je rappelle donc le SAMU pour éclaircir la situation, et nous sommes finalement désengagés de la mission. Une personne âgée a chuté, on a besoin de nous ailleurs rapidement. 
On laisse donc nos valeureux collègues se démerder (:-D) avec cette situation, et du coup je ne pourrais pas vous raconter la fin de l'histoire, désolé ^^. 

Combien de personnes en souffrance ont été déboussolées, terrorisées, complétement anéanties par ce confinement si brutal et imprévisible, on ne le saura jamais vraiment, mais les dégâts sur les populations les plus fragiles se ressentiront pendant longtemps."
nike,France,"19 year old male fashion advice. I live in Atlanta, Georgia in the U.S. Most of what I and every guy my age wears is adidas track pants with adidas or nike running shoes and a hoodie. I've been told that this isn't a thing in France. I'll be moving to Nice and my favorite clothing is athleisure  since it's the most versatile and comfortable. I normally don't care what people think but I don't want to be that foreigner who moves countries and refuses to adapt to their culture."
nike,France,"Berlin —> Strasbourg Help us find France shirts to tonight’s WC final Guys we need your help! We are two guys sitting in the car on our way from Berlin to Strasbourg to see the WC final at Jardin des Deux Rives! ETA at 1615 excluding stops so we have limited time on our hands but really want to get hold on two France WC shirts for the game to give our fullest support to France!

So, where between Berlin and Strasbourg ca we get hold on two France WC shirts? Stores, friends or other tips much appreciated :)

Vive la France"
nike,France,Un ado de 16 ans a piraté 90 Go de données chez Apple « par amour » 
nike,France,"Où est-ce qu'on peut trouver des chaussures pas chères en France? Bonjour,

Quels sites utlise /r/France pour trouver des chaussures pas chères? Je cherches des chaussures de mode comme Adidas ou Nike.



Merci d'avance  :)"
nike,France,"Local Football Boot Brands Hello, I am a ⚽️ fan, I love playing the sport. While I love playing, I also love collecting football boots. I have sworn off Nike/Adidas/Puma and other main stream brands in hopes to support smaller brands. I was curious if there were any small local football boot companies vous pourriez recommander?  I know of Milemil but are there others?"
nike,France,"Recherche Liste Boutique en ligne avec livraison UPS Bonjour a tous !   


J'aimerais savoir s'il existe une liste des boutiques en ligne qui livre via UPS ?

En effet UPS à blacklister mon adresse, sans me prévenir, sans prévenir ses clients (les boutiques) et j'ai déjà eu des colis qui se sont ""perdu"", qui on était livré à des adresses farfelues, a des relais colis super loin de chez moi (Je vis à Saint-Gratien (95)) et parfois même j'ai dû aller à chercher le colis au dépôt UPS de Bruyères-sur-Oise (95) à 35 minutes de chez moi (en voiture).

  
Je trouve incroyable qu'UPS pratique le ""black listage"" de zone sans l'indiquer à ses clients (expéditeur et destinataire).  
Ayant marre de courir après mes colis j'ai décidé de boycotter tous les magasins en ligne qui livrent avec UPS. 

  
J'ai une petite liste :  
\- digital River Store (Couvre plusieurs ""boutiques"" de marque comme Logitech, Lenovo et d'autres)  
\- Nike Store (Il faut appeler le service client pour les prévenir ils vont ensuite arrêter de vous livrer avec UPS)  
\- Free (J'ai attendu la Freebox pendant 1 MOIS ensuite j'ai dû résilier (45€ A MA CHARGE) et j'ai failli payer pour ""non-restitution de matériel""   
\- Amazon, pas tout le temps mais comme pour le Nike Store après un appel je ne reçois plus de colis avec UPS.  


Aidez-moi à compléter la liste s'il vous plaît.

Je suis sur que je ne suis pas le seul dans ce cas, aussi venez donc déverser votre désarroi devant cette situation sur ce poste"
nike,France,"Self defense Context

So yesterday I was going out for a drink with a friend in a french city and we were 1 block from hyper centre at broad daylight. I was walking with my friend and 2 men who were talking just moved infront of us and wouldn't let us walk away. They started touching my friend trying to get his earphones and pushing between us ensued.
I pushed 1 of them hard enough that they let my friend go and I told him to run, they were targeting him since they went after him and not me. I joined back pushing them again and insulting ensued afterwards. Thing is that the guy that was infront of me, always had his right hand in his jacket pocket no matter what. I was worried that he might pull a knife if I pushed him or hit him in the face. The other guy stole the necklace of my friend before he tried to get away and caught him again. A guy in a wheel chair came to calm things out and they said we pushed them, saw one guy put the necklance(I think) in the bush. We eventually left and and tried to call the police, my friend called but I realized I gave him the SAMU number so they transferred him to the police and no answer from them after 2 calls. We just left it like that since they got away and the only traits they had were arabs, height and and they were using the typical ghetto nike or addidas jogger sweatpant combo.

Fortunately, things didn't get escalated and it was just his necklance and not his phone or something else. Pushing was also hard since they had the size(height and mass) advantage.

Question:

Thing is that I was also coming from a bike shop and had purchased a torque wrench, I had it in the bag and was carrying it in my hand. A few minutes before this happened, I put it in my backpack since I got tired. But I was wondering what would have happened if I were carrying the wrench in my hand at the theft. If this had escalated and they guy infront of me pulled out a knife and I hit him in the head with the wrench, potentially maiming him, would this be classed as self defense or not? I checked google maps there is a camera but probably is looking at the intersection. The only witnesses I can think of is the girl in the bicycle that tripped during the pushing(but I think she left) and the wheelchair guy. 

Inb4: Yes, I have lived here(7 months) and I am always preventing being around these people but going out for a drink in the center you usually see them in masses and can't keep distance."
nike,France,"Les Bleus : le maillot “deux étoiles” version bretonne, ne pourra plus être vendu - France 3 Bretagne "
nike,India,#BoycottNike trends after brand's collab with 'anti-India' Bangladeshi influencer goes viral - Times of India 
nike,India,"Tamil Nadu is the new China+1 for shoes. Crocs, Nike, Adidas foot India’s manufacturing push "
nike,India,"How a French sports gear retailer is making Adidas, Nike, and Puma sweat in India "
nike,India,"Ramdev to take on Adidas, Nike with yogawear line "
nike,India,"Nike, Adidas shoes maker Pou Chen to set up $281 million manufacturing facility in Tamil Nadu "
nike,India,So now the IT cell is deploying copycat websites for international media critical of Modi to whitewash his image. Courtesy: Dhruv Rathee on Facebook 
nike,India,Nike shuts 35% stores in India to cut losses 
nike,India,"Got scammed for the first time I ordered a pair of nike downshifters (3000 rupees) from AMAZON and got them in 10 days . When i opened the box voila they were the cutest pair of shoes i had ever seen. Now i have ordered a return . Lets hope they take it back smoothly. 
Never ordering from amazon again. Completely lost my trust.

Fuck these guys - *Cocoblu Retail*"
nike,India,"India’s rise in football has begun and here’s how you can add fuel to the momentum on this historic journey. India doing well in football has been a quiet dream for millions in this country. But has always remained a dream. 

From being surprised to know that India even has a football team, to dissing the Indian team’s poor performances, to whining about why cricket takes all the limelight, 
the current Indian team despite poor infrastructure, pathetic administration, no media attention, bad attendances etc have now started performing very well climbing up steadily the FIFA rankings of 174 to 148 and now at around 99 or 100. 

We need to sustain this momentum in not just form of the team but also the recent spike in interest and buzz about football and show that there is huge commercial potential and sponsorship viability so that companies and govt bodies start investing massively into Indian football. It is very much possible.

Here are some pointers to ensure we keep up this momentum and see India as a force to be reckoned with in football-

1. *Let go of the cricket vs football pointless argument*- Cricket is a superb sport. It rose to prominence in India after great performances  on the international stage. Cricket does not have to fall for football to rise. India is a huge country with enough population and diversities to field strong teams in many sports. Look at Australia who is great at cricket, rugby, football, tennis, olympics and every other sport. 

2. Talk about Indian football team and its matches on your social media stories and tweets. Don’t be ashamed or think it is beneath you. If you’re an influencer, promote India matches and show how mainstream it is. 

3. Engage with Indian football team content on social media. Follow the pages. The instagram page @IndianFootball is lit and worth following. Many other pages and Youtubers too worth following. Hit like, engage etc to show the numbers. 

4. Watch team India play in stadiums. Sponsors love fully filled grounds and notice it. India’s gameplay and style is much more improved now from the entertainment point of view. The current coach has infused a spirit too that is good to see. No, we are nowhere near Rank1-50 teams but the journey is long and the belief has to be strong. 

5. Watch team India play on TV/OTT and increase viewership numbers. Brands will love to sponsor something that is not as crowded as cricket 

6. There is nothing wrong in being a fan of a European club or supporting powerhouse nations like Argentina, Brazil, Portugal, Spain etc. The quality of football is top notch. I too followed, supported etc for many years and still do (club). But if you’re one who disses our own national team just to look cool and sophisticated , know that none of those clubs or other nations would care if millions like you get wiped out. 

7. Be a part of positive change and be vocal on social media. Ditch being cynical and start asking the right questions to the right authorities. Unlike BCCI which is like a private entity, the others are run by tax payer monies and babus who will get away with lame administration and corruption if fans are submissive and look the other way. Don’t like something? Be a part of the solution. 

8. Understand the models like that of Japan and J-League and how in football grass root level change takes decades to reflect. Our U-17 and U-20 kids are doing great and there is great hope. 

9. Know that football has 200+ nations who take it seriously and it is extremely tough to be in the top 50 if not even the top 100. 

10. Know that the theory of Indians being physically inferior is total crap. Even so countries like Japan and S.Korea do amazingly well. 

11. Buy a India football jersey. The current one has kick ass colours and designs. Btw the likes Nike and Adidas refused to pay sponsorship money for our kits long ago so we ditched them too until a time that they do. They need to see a huge market. Give them one!

12. Follow the ISL (Indian Super League). Gone are the days when India had a dead football league. The ISL is exciting, good quality, well followed and well covered event. 

13. Know about the Indian players. Not just Chhetri. But who is the Goal keeper? Who are the defenders? Who is the next upcoming striker? Discuss the starting XI. 

14.Talk to the kids and the next generation that India playing in the FIFA World Cup is a dream for millions in the country and it maybe them who will end up being heroes for this country. If you have kids or nephews/Nieces- influence them to dream. 

15. Follow the subreddit called IndianFootball. 

16. Criticise, critique, bash the Indian team, slam the tactics by the coaches but…but watch them play and discuss all of it. The good, bad and ugly. 

17. Support local clubs. Your city, town or village. Attend those games. 

18. Believe."
nike,India,"Nike KYC/Aramex Clearance I ordered from nike a few days back, i got a call from aramex asking to upload some documents. I have ordered to the company I work in , what document should we submit in this case? my pan card has my home address.. is there anyone here who've ordered from nike app/website?"
nike,India,"I want to order a sneaker from nike.com/in but it's adding heavy delivery fees and some kyc Norms. Suggestions? Hi all, I want to buy Nike Air force 1 but as shown in screenshots. It is adding more than 10% as delivery fee( which is ok). But there is some scene with customs, also my address on kyc documents and current address doesn't match. What should I do? Anyone faced this issue?"
nike,India,"Why the hell is Nike so overpriced these days !!! Recently moved back to my hometown and it gave me an opportunity to return to my long-lost love football. So this weekend i visited a NIKE store to pick up some boots. I remember playing in mercurials during my college days and so was much inclined towards them...but damn the price tag did force me to think twice! I mean the markup on those shoes was exorbitant considering they were entry-level mercurials and tiempos. (yup the club variants were around 4k and the academy variants costed a premium of 7k and above!!!) 

 I did visit other sporting outlets (puma and adidas ) and there the mid tier boots were decently priced which turned out to be quite affordable once you factor in the discounts and stuff. The entry level adidas x (.4) was priced at 2k and the (.3 ) which is equivalent to the academy grade in nike was going for around 3.5k. And was shocked to see that the pro tier adidas x (.1) was going in for about 8k which was a no brainer deal. 

Also i noticed that there were offering next to nothing discounts on Nike goods (both offline and online). I mean they are just ripping us selling boots that maybe cost 1000rs for 4k !!! Globally Nike stands very competitive in terms of pricing (their goods are very aggressively priced in uk, usa markets even offering rebate of upto 60% ) but the situation is just sad in the domestic market. That made me think about what gives them the privilege of such markups in a developing economy like India."
nike,India,"Ordered a pair of sneakers from Nike app and now i get a mail asking for KYC So i ordered a pair of shoes and i see today i get a mail from aramex to submit my kyc i being 16 dont have one so ill give my dad's if thats how it works but the link they gave has expired and there is not other mail sent to me for it . I didnt give my dad's mail as he gets a tons of mails and this one would just get lost in between them . Please help me out . 

PS: What all documents do i have to send them and what will happen if i dont reply to it like will just lose my money ?

https://preview.redd.it/abc5bgd5hae91.png?width=1108&format=png&auto=webp&s=ae1cd76eaf2283c8ade504c1492bf14454728c79"
nike,India,"Nike India website is absolute garbage Nike India website is such a garbage place. I request you all never to shop from there if you want your peace of mind. 

&#x200B;

First of all, although it is a .in website, it is present in Singapore. I don't know why they use the .in domain if they are not present in the country at all. 

Secondly the ridiculous delivery charges. Rs 1250 for any delivery. Can you imagine? 1250 bucks!

Thirdly, even if you bite the bullet and order, they will give the order to a third party entity Aramex to deliver, which is one of the shittiest logistic company in the world. 

Fourthly, because this is coming from outside India, the customs through Aramex would ask for KYC AFTER YOU HAVE PLACED THE ORDER. 

Now God forbid you were ordering for a friend, or someone else whose address is not exactly as present in the AADHAR/any other govt verification ids, then your order goes at hold in customs. 

Then the daily mailing and calling from Aramex starts to give KYC. To give KYC for what? Something I have purchased from a .in website, where you did not specify before ordering the limitations of your delivery procedure. 

If you request cancellation, you get sent to Aramex by Nike and to Nike by Aramex with no one having any clue what is going on. 

Then you start getting notices from Aramex where you were supposed to deliver the order, stating that they will dispose off the consignment and charge you for it. All the while you have been begging them to cancel the order and issue you a refund. 

I am so frustrated in this ordeal. Really not worth it. "
nike,India,"Looking for Instagram Account Selling Custom Lord Ram and Lord Hanuman T-Shirts with Nike Logo Embroidery Hey fellow Redditors,

I hope you're all doing well. I recently came across a fascinating reel on Instagram featuring a man selling custom round neck T-shirts with embroidered pictures of Lord Ram and Lord Hanuman on the Nike logo. The design really caught my eye, and I'm eager to purchase one of those T-shirts. However, despite my best efforts, I haven't been able to locate the Instagram account again.

I did stumble upon a website that sells similar T-shirts, but the Instagram posts showcased T-shirts of noticeably superior quality. I'm hoping someone here might know the name of the Instagram account I'm referring to.

If any of you are familiar with this account or have any information that could assist me in finding it, I would be immensely grateful. Your help will be instrumental in fulfilling my quest for these unique T-shirts.

Thank you so much in advance!"
nike,India,"Nike order stuck at customs Hi everyone, I ordered Jordans from Nike offcial site I ordered them with my name.  I recently moved to a new location and the address on my adhar is not the same as the delivery address I don't have any documents to prove my address. is there any way to clear customs or cancel the order?"
nike,India,"The bizarre story of how I replied to those feedback emails on the back of popular products like shoes, biscuits and detergents and many more. This is an adventure in which I learnt an important lesson as a consumer. Always ask why.  So, I'm writing this after a long time of contemplation and whether this post would be of any actual help or actually be seen. I'm also writing this in a fear of getting ridiculed or called a miser or whatever but that doesn't matter. Not anymore. This is a story in which should teach you if you didn't already know that you as a consumer have the right to ask why. Always ask why. Never have the attitude of ""oh this is a one-off I'm sure this won't happen next time"". This is what happens if you don't ask. You give an incentive for error. Anyways, let us begin. 

# Part 1: Reynolds

Way back when I was a kid and when Reynolds was still a thing I used to use those trimax pens for every single study related thing(remember? how we used to flex on other kids for having that particular gold black trimax those were fun times). Anyways, I was writing a lot as a kid and recently I noticed every single trimax I bought would start leaking ink after a day or so. This happened many times. I went back and forth to the stationery shop four times like an idiot. I was absolutely infuriated with how every time it would start leaking. I wasn't able to get any school work done and since back in those days I was really studious it would make me really angry. In case if you're wondering why I didn't just switch to another brand if wanted to get crap done, let's just say i really liked trimaxes.

This got me really angry and I decided to complain. I looked at the back of the pen case and saw an email address for feedback. Decided to send a mail and KAPLOW! i got a reply. I'm sure the guy who checks the feedback must have been flabbergasted that he got a feedback because let's be real, who the fuck actually takes their time to write an email about how the pens leaked. You just buy another one and move on.

They sent me a reply apologizing for the inconvenience and asked for my contact details. The next week these MFS SENT ME A WRITTEN APOLOGY ALONG WITH TWO FREE BLACK TRIMAXES THAT ACTUALLY WORKED. I was really happy that day but remember, they did this planned obsolescence because no one talked to them about it. That's that. I don't know if they fixed the leaking issue but since then i mostly got working pens.

# Part 2 : motherfucking bata shoes

So, here's the next thing. My mom bought some bata shoes that were really shit. The soles on those mfs came out after some time. The guy who sold us this told it would last years easy. There you go boys, its time to send another mail. Sent one, and got a response.

&#x200B;

[ They said the difference needed to paid if higher value was taken. We did and it was only 200. So we only paid 200 for a replacement. ](https://preview.redd.it/7iezz00d7r771.png?width=1333&format=png&auto=webp&s=f9dc2e92813597777986df26401da95b94248445)

#  Part 2.01 : Nike 

 Same shit, I've been a loyal customer of Nike for over ten years. The shoes never had any problem aside from the natural wear and tear. But I recently bought some pegasus 36's and the front part of shoe gets ripped apart for no reason(I'm absolutely sure it was a faulty shoe I don't run that hard and was only doing weight training shit). I called up support and this was an issue. They simply said we have to buy another one and compensation can't be applied. We tried emailing them again and again until they asked for us full details and photos of the shoe. Never give up and the rewards are there.

&#x200B;

[They decided to compensate after they saw I was a loyal customer](https://preview.redd.it/9h5o6d9l7r771.png?width=710&format=png&auto=webp&s=7dea1466ff14e6d670e9b93a693d73c4b803aef9)

#  Part 3: Biscuits lmfao

So I've been buying Britannia biscuits for as long as I can remember. After years of good biscuits I got myself a pack of faulty biscuits. They smelled weird and tasted bad. There goes my coffee time. It was done for. So i did it. Yeah, that. I'm pretty sure you must be getting the hang of this now. Sent an email got a reply

&#x200B;

[ The mail ](https://preview.redd.it/xcsm1xfo7r771.png?width=1387&format=png&auto=webp&s=fe034033f8e463cea0fb16f770b59c333b127cb7)

 THEY SENT ME AN ENTIRE BISCUITS HAMPER AS AN APOLOGY HOLY FUCK. 

#  Part 4: Ice cream

I bought that new trixy ice cream. The first time I bought it was quite good and the quantity and the quality was satisfactory. The second time for some reason they had reduced the quantity. So I asked to compensate with bru instant and they agreed.

&#x200B;

[ This was crazy I didn't expect a reply for a reduced quantity since the ice cream tasted the same but it was less ](https://preview.redd.it/gu2625xs7r771.png?width=1123&format=png&auto=webp&s=14d7a37a118168c61ac60632ed32cafd7819e715)

#  Part 5: My grandfathers underwear(lmao)

My grandfather's viking underwear had torn after just a few days. We sent a mail and no response.

Moral: fuck viking. instant boycott. Jockey thaan innumae kek(trans: only buying jockey nowonwards)

#  Part 6: Haldirams (Finale)

the haldirams minute khana we bought. Its basically instant food. just heat it up in a pan and it ready. We bought veg biryani and it was the worst biryani i had ever eaten in my life. So much elaichi. I don't even think that can be called biryani. Waiting for some replacement

&#x200B;

[ This is the one still waiting ](https://preview.redd.it/68qs5l6z7r771.png?width=1225&format=png&auto=webp&s=2fd9be61e72bd73c4bf66bd2c4e82e3a887bdbe1)

 So that's it that. 

#  Conclusion

If you made it till here. Thank you. This took some time to write but plz remember what you learnt from this. Always question. Ask why."
nike,India,[NP] Nike delivery aramex I ordered some shoes from nike and it was going to be delivered but the thing is that my kyc documents like addhaar card address is not as detail as my nike shipment address. And now they are saying that my address doesn't match even though it matches. What should I do in this situation?
nike,India,Nike Da Da Ding : The Other Women 
nike,India,"Nike Training Club, Mumbai "
nike,India,"From where to buy nike sneakers? Guys, I want to buy Nike Air Jordan 4 Retro Lightning. Which website do you guys use to buy Jordans?"
nike,India,I ordered Nike Winflo8 shoe from them and could not find this color any where else including Nike store and site. The shoe is yet to be delivered and I am worried this may not be genuine. Can anyone share experiences with their purchase made on AJIO? 
nike,India,"ordering from the nike app Has anyone here ordered from the [nike](https://nike.in) app? Do we have to pay additional customs once it comes here? It says all duties and taxes included and it also says requires customs clearance.   


Any help will be appreciated. Thanks"
nike,India,"Where do you you get your Nike? The Nike Air Max 90 has caught my eye, however, it seems prohibitively expensive (my middle-class upbringing is having a hard time justifying the price - 10K!). Further, I have been told that most shoes sold in India are actually counterfeit (even authorised sellers indulge in this malpractice).

Therefore my question is are there any websites/sellers that do not compromise on quality? Also is there a chance of getting the shoes at a cheaper rate (Factory outlets, from abroad, Websites, etc.)?

Thank you and please stay safe!"
nike,India,"Has anyone placed orders for shoes on Nike.com to ship to India? Do the shipments get charged with import duties? Hi I want to get a pair of Nike shoes that are unfortunately unavailable in the size that I require in the stores nearby. 

The Nike official store (Nike.com) has the item in INR and it is the same amount as the stores here. But the items apparently get shipped from the US, or at least from outside the country. 

I contacted their support to enquire about customs and import duties and their rep was well informed and ensured you only pay the amount on the checkout page. The shipping charges come to INR 750 and that's it. 

I asked her what happens if the delivery partner asks for customs charges during delivery and she said that I can raise a ticket and get it resolved. And then she pointed to [this page ](https://www.nike.com/in/help/a/sales-tax-gs) on the site which says:-

DOES MY NIKE ORDER TOTAL INCLUDE DUTIES AND TAXES?

""Yes, any applicable duties or taxes are included in your order total during checkout. We calculate duties and taxes according to the laws governing the delivery address. And please note, we don't accept tax-exempt orders.""

So I should be good right? 

Well let's see. I already placed the order and the delivery date is nearly a month away. If anything i will come to know what happens.

In the mean time I wanted to ask if anyone has already done this before and what your experience was.

Thanks."
nike,India,"Ordered shoes from Nike to be shipped to India Ordered shoes from Nike to be shipped to Mumbai, India. Clearance at customs is done. 
My parcel landed in Delhi from Singapore then came to Mumbai and now is gone back to Delhi? I don’t understand why they’ve sent it back to Delhi and then get it again to Mumbai??"
nike,India,"Nike/KYC Verification Issue Hey so I wanted to if anyone has ever faced this issue while ordering from [nike.com](https://nike.com)

So I see this shoe I wanted on sale so I decided it's a perfect time to buy it for like 10000 INR so I went ahead, the checkout seemed very normal but they did ask for a pan card details which they mentioned that they need it to make online payments easier so I gave my dad's pan card because I was paying from his card but for the address of the delivery I gave it my name because I ordered to my apartment which I just moved in (before the lockdown) so I obviously did not have any address proof yet but I just got a message from Aramex a day later saying that my name and pan card proof did not match and now they need address proof in a KYC document for customs clearance. 

Now I wouldn't have given my name nor my apartment address if I knew they would ask for this but they never mentioned it during the checkout and now I am in a real pickle. I know it's a rule to verify with your KYC documents but they never mentioned anything about it on their website. I have bought from amazon global store before and they made it very clear of what documents are required before placing the order. I now messaged Nike customer support and they told me I will get a refund in like 4 to 10 Business days but the order summary won't change and I have not received any email saying that my refund will be processed so now I am worried.

Any help is greatly appreciated!!"
nike,India,Introducing Splendor by Nike 
nike,India,Cutoms duty on shoes from Nike Website I bought a pair of shoes from Nike website and apparently the same are Shipped from Singapore to Mumbai. my question is whether customs duty of 10% and gst of 18% will apply on the same additionally on what i have paid on the website.
nike,India,"Nike Aramex Shipment Customs Duty?? This is the first time I have ordered via nike india website. Apparently the product is shipped from Singapore by Aramex. My kyc has been accepted successfully. *Glad*

Just curious about if there is a possibility of aramex asking for any Customs duty. I did read the article on Nike's website about no further taxes and duties but still I want to know from people who have such experiences."
nike,India,"Lately Snapdeal has been selling lot of counterfeit/replicas of many brands, from nike track pants, sunglasses to watches. Beware, if it's too good to be true, it's obviously a fake/scam. Save yourself and buy original or good quality reps. "
nike,India,"Nike India order/Aramex KYC uploads- delivery address not the the same as addresses on documents Hi, I had placed an order from Nike Snrks( order to be delivered in kerala, India) for which I have received an sms from Aramex which is the courier partner asking for uploading my documents for KYC. The problem that I have is that the addresses on my documents are all different from the delivery address that I provided. I want to know if I can cancel the order or. Is there any way that I can get a refund for the order considering the order may return to the origin of the shipment (Singapore)."
nike,India,"How corruption works in India: A few observations I've worked in various government departments as a consultant specialising in media all across East and North East India. My job usually is to come in and prepare a Public Relations plan for many of these department for various programs and projects like Beti Bachao, Skills Development, Swach Bharat, etc.


In my time working in these places, I've made some interesting observations.


1. Civil Service officers holding down multiple posts in government run companies. Usually an IAS guy will hold a position like CEO or Director of multiple companies. But his focus will be on a few specific companies. Other companies will be run by a deputy director or some such who is usually not IAS but one of the lesser services like Forest or Revenue. Sometimes they don't even attend meetings of these organisations that they supposedly run.


2. The people working in these government companies or departments are all friends or related to each other. In India even among tribal states in NE india, there is a very strong clan/family system. If one gets appointed to a government office, he is expected to bring his friends and family along. Villages actively sponsor and work to make the smartest kids try for civil services or government office. If that kid ends up in government service, he is expected to bring along all his benefactors and family. I remember going to a PSU and the HR were all related to each other or lived in the same neighborhood. Hell they even commute together.


3. The corruption happens not the way you think it does. Ever since 2014 it has become harder to be openly corrupt. But it's still happening. The frontline people like social workers and office staff are usually not corrupt but because most of them got their jobs via nepotism, they all support the corruption. The real corruption starts at the mid and higher level. These departments put out tenders for construction or equipment. But there is collusion between those who put the tenders and those who submit bids. Usually the tenders are worded in such a way that only those who are in the know win the bid.


3. The World Bank, Asian Development Bank and other nebulous foreign organizations practically throw money into hair brained schemes and projects in India with little oversight. It's a pigs trough. I think large parts of Eastern India's economy is propped up thanks to these organisations. Why do they do it? I have no idea. Projects sponsored by these organisations includes building water tanks no one uses, roads that aren't necessary, schools that work well for one or two years before project funding runs out and collapse, tourism sites that no one visits, environmental projects such as afforestatio, etc.  Afforestation is one the biggest scams. Some environmentalist organization comes in and declares that it wants to plant trees and is willing to sponsor. But you can not do shit without a government department's approval, they put out a tender for saplings, then nurseries owned by bureaucract/politicians relatives come in and submit inflated bids. They make sure no one else is allowed to bid. They win the bid, the trees are planted using free labour by forcing the local NSS, NCC, Scouts, School/College kids to plant. 99% of the trees die or are cut down a few months later because these lands are usually near farmland and farmers need firewood. The whole process repeats. Money is made. I've seen afforestation programs happen in the same place where trees planted earlier are cut down and replanted. It's absolutely a scam.


5. None of it works. As i alluded to earlier, most of these projects involve the building of infrastructure. But there's no plan for their maintainence after thier construction. So they end up becoming abandoned or fall to disrepair. In the next few years expect to hear a lot stories of bridge/dam/road collapses. 


6. Goals tend to contradictory. You cannot have Development without some environmental impact. You cannot encourage farmers to be more environmentally conscious with out decreasing the capabilities of their fields. These two contradictory goals means that none of the projects work because they clash with each other. The forest department might want to increase forest cover in an area but at the same time the agriculture department will try to increase crop yields in the samep place. 


7. Corruption is lesser in tribal states. There's still plenty of corruption in the the NE tribal states, but it's not as blatant or open as in the plains like Assam and WB. The tribal states however tend to be more incompetent at implementing programs. Usually Byzantine rules and regulations related to the sixth schedule make a lot of implementation virtually impossible. 

8. The Indian government wants to control culture. Many of you won't understand this but those from a media or communication background will know about how the Russians try to control culture within their country. India follows a similar playbook. You cannot hold a cultural event within India without the governments approval. The government sponsors everything from Hindu ceremonies to Metal concerts. You want to hold a football tournament, you need approval from the Deputy Commisioner and the Sports Department. You want to have a writing festival? DC and Arts and Culture  department. The government will sponsor a rally race while at the same time sponsor the environment organisation protesting the rally. They want to control everything. In the plains this is actually quite effective. But the hills and the tribes are resistant to this. The mostly Christian tribals don't enjoy intrusion of the government into their churches. Same is true with the animists and tribal religions. There are a lot of illegally festivals, events, etc in the hills. The government has been trying to stamp them out via holding competing events. They try to promote a sanitized and approved versions that tourists can visit and that they can control.


These are some of the observations I've seen. Will post more if I can think of some.


9. The people who work in these organisations are weirdos and near do wells. If you are a smart and a Competent individual, you work on the private sector usually in tech.  Some of the Civil services guys might be smart or competent, but the ones I encountered were not the best or brightest. I can't tell if they genuinely believe in the projects they were apart of or whether they were just cynical ly working there to make money. There was Block Development Officer I met in tribal state, a non tribal man living among the tribals. He was not the smartest man or hard working but he was honest in his assesment of his work, paraphrasing what He told me, ""I've held this office for 4 + years and I've been part of numerous projects and programs, but I don't think anything I've done has made any difference to anyone life."" Some of the low level guys like social workers genuinely want to help people but they know its bullshit and it's genuinely heartbreaking to see people who caret being crushed. Buts there's also plenty of the low level guys who just don't give a crap. The most memorable thing I always saw when we had field visits to project sites was that every government workers would wear high end foreign brands like Nike, Addidas, Puma, saw a Yeezy or two while the villages and towns people they were meeting were lucky to have shoes or even slippers. It's was such a stark contrast.


10. Politicians can't bribe the electorate openly anymore. So now they do this weird accounting trick. Basically any spending by departments and PSU's need the approval of the minister. What happens is that these ministers delay or outright refuse to approve something up until just before an election. Every time you hear of funding shortages or how funding is not being used, it is usually a sign that the politician/party of that state is delaying releasing the funds until just before the elections. That way they can go campaign they can brag about all the funding they are releasing"
nike,India,"Anyone knows if Nike has any plan of launching Alphafly next% in India? Whenever I check online, the website shows they are out of stock. I called some stores and asked, they told me Nike hasn’t released em yet (in India). I was hoping Nike would drop em with the new collection but the website still shows that they are out of stock. Anyone knows when we’ll be able to get our hand on them?"
nike,India,Nike Presents Da Da Ding Feat Deepika Padukone. 
nike,India,"[NP] Aramex KYC while ordering through Nike? I've ordered some shoes to a friend in India. I've given his office address as the delivery address since he's there most of the time. Aramex have just asked to upload the KYC documents - mainly ID proof.

Is it necessary that the address on the ID should match the delivery address? Just looking for some feedback from people that have ordered stuff to their office through Aramex."
nike,India,"Quality of shoes sold in India by brands like Nike, sketchers etc compared to USA, UAE I feel that there is a huge difference of quality. But don't know the reason or fact to support my thoughts"
nike,India,Any idea where I can get a brand new Nike 2011 India World Cup Jersey (Cricket)? 
nike,India,"BCCI on Twitter: ""BCCI in association with @NikeCricket unveil the all new Official Team India Jersey at the MCG "
nike,India,"Amazon/Flipkart/Myntra Freedom Sale Thread (9-12th August) Notable online stores like Amazon, Myntra and Flipkart are having their 'Great Freedom Sale' from 9th- 12th of August.

Surprised there wasn't any thread on this. 

Folks, post any good offers that you come across!
"
nike,India,"Stop buying American Products! As a '90s kid, I have grown up watching, eating, drinking, and wearing American brands. I have always admired their products, the companies they build, and the quality they offer.

However, the way the USA is engaging in trade bullying on the international level—like imposing tariffs, and bulling Ukraine for no justifiable reason—is simply outrageous.

Therefore, I have decided that as an Indian, I will no longer buy American products, such as Nike, Budweiser, KFC, Coke, and Netflix. There are few which i have use like google, apple, etc. 

I know that my decision may not matter to many, but I believe it is the right time to show America the consequences of their actions. We need to respond by reducing sales of every American product worldwide, no matter what.

Currently, this situation affects Europe and Ukraine, but tomorrow, it could be India! America could escalate its actions as it has in the past. Nobody will aid us when needed if we do not support the global community today.

What are your thoughts on this? I would like to know if other Indians share this perspective."
nike,India,Got new pair by help of reddit! thank you so much 
nike,India,Indian cricket team's Nike jersey made out of 33 recycled plastic bottles 
nike,India,You take on Hinduism Nike-style -- Just do it. Julia Roberts and Hinduism. 
nike,India,"I'm fucking tired of how unsensitive we are to our poor. Just a little vent. I fucking _hate_ how we treat the poor in India. We are taught to ignore, ignore and turn a blind eye to these children who have no future, and ignore some more.

Context: I'm in 12th so I barely go out, yet last night me and a few friends went out for out for a walk. We were in the park at 21h00, and in comes a young boy of probably 4 years of age holding the hand of his brother, 8 or 9 years old. I am very compassionate about children. I honestly am. And I'm also so very touched when I see those who are poor. The little child wore no shoes and his feet were all white due to dust, god knows how long he has been walking barefoot on the roads and the pavement. He wore a tore down shirt, and a pair of shorts (which are barely anything for the October nights which are quite chilly). My friends just ignored it, got distant when we passed them. 

I fucking hated it.

I was once in a grocery store and a child came up, holding some biscuit pack to get it billed. It was probably 10 rupees, and the child only had 8. No one fucking volunteered to pay- not even 2 rupees, because HEY, THE POOR SHOULDN'T HAVE CHILDREN, RIGHT? IT'S THEIR PROBLEM. 

 We are taught to keep hoarding and hoarding and hoarding- being Indians, we never help what we grew up seeing and critisize the poverty so much. We glorify the west and hate on India and the poor. Well you know why the West is ahead? They have the sense of community work. When I was in Paris, the people were sitting down to talk with the poor, the beggars.

 Today was aashtami, and kanchaak is a prominent practice where I live (North). My mother was upset that we had to hand out the plates to some girls from nearby encrochments because no ""society children"" were available.

I fucking hate hate hate this.

I remember when I was a child, 8 years old, and our domestic worker was a 16 year old girl. Each morning, she came to our house, polished my shoes while I went to school. Do you fucking see this image? THAT child was laboring while I GO TO SCHOOL.


 I fucking hate our education system for such an unemphasized role of sensitivity- What the fuck did I do to get educated? Being born in a good house? What use is my education if I go to bed with no worries while children don't have the fucking basic necessities? How do I go to bed while children don't have food in their bellies? How?

I hate the politicians- Are poor just a strategy for you to get votes? Innocent children are starving, they don't have anything, HELP THEM, DO SOMETHING.

I fucking *HATE* our media and celebrities. For fuck's sake, open Delhi Times. Open it. The headline in BIG, BOLD LETTERS is ""WATCH PRIYANKA CHOPRA RECOUNT HOW THEY PLAYED CRICKET AT HER WEDDING"". I fucking hate this ignorant media that somehow makes the lives of these celebrities the prime base, focusing on Kardashians, Bieber, and Shah Rukh Khans and ignoring the real problems.

I also hate the middle class. I see these friends of mine who live in big skyscrapers, go to Europe for vacations, and sit down and critisize India. These are also the people that eat at lavish restaurants and consider anything less than Radisson of poor taste. These are the friends that turn a blind fucking eye to the children begging them for one meal, only one meal. It's hilarious that at one side we have these big residential buildings with golf carts to transport people here and there, while just outside children go to bed without having eaten.

While I go to school, I see. I see our country. From the bus I see these parents coddling their children. I see their ""servants'', young boys and girls, barely 14 or 15, in tarnished, blackened clothes, holding the former's school bags. I see children carrying garbage bags from 6 am in the morning. Children sleeping on pathways. And I see people ignore them.

Ignore them

Ignore them

And ignore them.

I have an uncle who runs a guest house. One day my cousin's Irish wife visited. She started crying because there were little boys of 10 years working there. We taught her to ignore.

And ignore some more.

And I fucking hate this.


We refuse to give the poor money saying they don't do any work. It's a country where engineers don't have jobs, we think that these poor children would get one without education? It's a shame we want to hoard so much that we only think of ourselves. We see so many westerners come to India to help these children- while Indian masses just turn blind eye to them. Oh- and we have the money. But we use it to buy iPhones because our last version is now outdated. We use it to buy the Gucci heels that we just can't live without. We use it to live the American Dream in a country that is struggling to stand on its feet.

I asked my parents today that when I leave for uni next year- fund someone's education. Now my mom is a professor in DU and she immediately agreed. My father? He fucking hated the idea. He said that poor have done nothing for us. And this is the ideology so so so many people I have seen having.


I just hate this. I hate that we are so self centered we cannot even help our fellow countrymen. We want Nikes in a country where children walk barefoot. We want, we want and we want more without ever thinking of others. I hate it, I hate it, I hate it.

I'm sorry if this is a big vent- It was just piled up for a long time. I'm sorry if it is more emotional than factual, I just wanted a place to seek refuge for my thoughts."
nike,India,PM Modi urges BJP workers to refrain from making unsolicited remarks against Muslim community 
nike,India,"Random daily discussion Evening thread for 4/4/2014 [Link to the Morning Thread](http://www.reddit.com/r/india/comments/225zpv/random_daily_discussion_morning_thread_for_442014/)

I have been watching Nike and Pepsi football ads since past half an hour. 

[This one](https://www.youtube.com/watch?v=cl0IlD4qLUM) was the best by a mile. "
nike,India,Indian students fume at embassy’s ‘short notice’ advisory leave Kharkiv 
nike,India,"[UPDATE] I got a Rs. 9K hard disk with (literal) junk inside it from Flipkart See my original post [here](https://www.reddit.com/r/india/comments/ryxm3m/i_got_a_rs_9k_external_hard_disk_with_no_disk/).

TL;DL I bought a 5TB external hard disk from Flipkart for \~9000 rupees but I got an open box with an empty hard disk shell inside it (no storage) I made that post on the same day when I bought it.

It was very anxious the following days, I had to do a lot of waiting and there were a lot of technical issues that I had to face during communication.

They wanted me to send them a picture of my ID proof (both sides) as well as pictures of the package I received. I agreed to do so reluctantly.

The problem is, I couldn't reply to their email as their email server was rejecting my mail as ""spam"", I tried this multiple times from different email providers so this is definitely not an issue on my end.

I tried to use their website's messaging feature, but that too was malfunctioning and only sent 1 of the pictures out of the 5 I picked... and the kicker is that I couldn't send any more messages after that due to yet another technical issue.

After a couple of days they REJECTED my refund request! I called again and this time they said that I was wrong for choosing the ""Item is missing"" option as the return reason... so I placed another request with the other option about the item being defective.

The same process about sending pictures etc. began again with the same technical difficulties.

In the meanwhile I had also sent an email to the ""Chief Grievance Officer"" of Flipkart detailing all of my issues in detail, only to be never heard about it ever again.

A day or two pass by and when I was casually checking the refund status of the order I found out that it was REJECTED AGAIN.

This was the last straw, I was fed up and I had to escalate this matter.

I decided to file an official dispute to my bank as I had bought this with my Credit Card, it was perhaps the best decision I made till then, I promptly filled out the dispute form and wrote a letter with all the details along with some pictures too.

The VERY NEXT DAY I get a call from Flipkart that my refund has been approved and that my money will be credited back in a few days... and then another call from another department probably, this time the lady on the other end sounded more pissed off and she abruptly cut the call once I said I didn't get the money in my card yet. She also spoke in Hindi while all the others spoke in English.

The bank provided me with a temporary credit so that I don't suffer, and the actual refund arrived a few days later. They didn't even bother picking up the trash they sent me.

So lesson learned: **Avoid buying from Flipkart unless you have to! And when you do buy something, especially something expensive, make sure you make a video of it!**

Out of curiosity I decided to open up the hard disk enclosure and I was surprised to discover that it was filled with junk (pieces of cardboard from the corpse of another WD box, maybe the scamster did this multiple times). Here's the image I took: [https://i.imgur.com/RZSAY9R.jpg](https://i.imgur.com/RZSAY9R.jpg)

I guess the silver lining of this whole fiasco is that I got a free HDD enclosure."
nike,India,"International shipping with aramex https://preview.redd.it/g2u4z1vrb88d1.png?width=1846&format=png&auto=webp&s=5d1109ac9b0198bbb688b64d1174db53350fadba

Hi, I ordered a pair of sneakers from [Nike.com](http://Nike.com), which are being shipped from Singapore to India. On the tracking website, I see that it says ""The shipment is currently with customs clearance. Clearance charges have been added."" What does this mean? I have already paid delivery charges, will I have to pay more?"
nike,India,"[P] PSA: New Narendra Modi official app wants to read your twitter direct messages! So, I installed the new Narendra Modi official app a while ago. I just wanted to look around and see how it is. The initial welcome screen or the ""tour"" screen was very good and then it took me to the sign-in page. There were four options to sign-in: With facebook, google, twitter or narendramodi.in site's registration based. There was no option to create a new account with just an email. I didn't want to link my FB or google so I went with twitter auth. The twitter permissions requested by the ""narendra modi app"": Read my tweets, post tweets on my behalf and read my direct messages!! Now this looks a little suspicious to me, for what possible reason would they want to read my twitter DMs? 

If you want to compare the permissions with other apps: I have authorised a lot many apps with my twitter account: Nike+, dropbox, truecaller, instagram to name a few famous ones. None of them require ""read direct messages"" permission. 

In case you're wondering what app I am talking about, here it is : https://play.google.com/store/apps/details?id=com.narendramodiapp

Here is a screencap showing twitter permissions required by this app.
http://imgur.com/7pqPSjn

To verify yourselves, you can go here: https://twitter.com/settings/applications

Now I understand there may be different reasons to this: 
1) Incompetent / lazy devs who requested all kinds of permissions 
2) Greedy devs who want to actually harvest your messages 

EDIT2: From my comment below: 
I am not saying the PM wants to snoop on my twitter DMs. I just want to point out that the app can read your twitter DMs. The app doesn't explicitly mention in the description that they need to read your DMs. It doesn't mention why they need this permission. Even if this version of the app doesn't attempt to do it, they can update the app to silently read your DMs and send them to a server in an encrypted way. If they do this, even when you monitor the network traffic from the app, you will not even know what is happening. And guess who the developer of the app is: ""Bharatiya Janta Party, 11 Ashoka Road, New Delhi 110001""

PS: I am also aware that you may be tempted to react along the lines of ""whatever he does, Narendra Modi gets attacked...."". So, I'd like to clarify that the issue here is the app trying to read my DMs. My reaction would have been the same if it was an app for Modi or RG or AK."
nike,India,"What does your rich life look like? India is a country full of inequality. In some remote village, getting 40-50k a month is rich. For some, it is getting to the six figures from the 5 figures. For many, it would be a 1cr CTC. However, that's just for context. 

My question is, what does your rich life look like? Is buying a Ferrari or buying a pair of Nikes? Is it being able to afford rent or buying a house? Is it gifting something to your parents or contributing to your sibling's education? 

Though it may seem silly, my rich life as of now is all about being able to order drinks for me and my friends without worrying about not being able to pay for it. 

What's yours?"
nike,India,"Foreigner struggling to figure out trains Hi everyone!

I am a South African currently backpacking through India, and I’ve really struggled to figure out how to use the trains. (Besides from the fact that I can’t register successfully on IRCTC and need to go through a travel agent). 

I started in Mumbai and then wanted to go to Goa but apparently left it too late and there were no trains available so I took a sleeper bus. I couldn’t figure out where it would fetch me from so I almost missed it and it wasn’t the most comfortable journey but it was manageable. 

Next I wanted to get from Goa to Kerala but again the trains were booked up, and I found a flight for the same price as an overnight bus so ended up flying. 

I’d like to get from Kerala to Chennai at some point, but it looks like at the moment the soonest available train is on the 20th June. I struggle to plan so far in advance, and much prefer to just go with the flow - but it’s starting to seem like that’s impossible. 

Someone suggested that I should just go to the station on the day that I want to leave and buy a GA ticket for 35INR and then hope that there’s an empty sleeper… but if I have a 10+ hour overnight journey I don’t really want to run the risk of being stuck without a bed. 

Are the sleeper trains worth it or should I rather just stick with busses?
It is way cheaper for the SL class compared to a bus, but should I even bother with SL or should I only look at the 1st class AC?

Any advice would be greatly appreciated. "
nike,India,"Blatant ongoing scam in India (PSA) [Vans Shoes] I'm pretty sure most of us know the brand Vans for it's premium canvas sneakers collection. For the ones who don't, Vans is an American brand that manufactures skateboarding apparel. They have a huge fan following in the US and they've started opening up showrooms in Indian Metropolitan cities as well. 

Having set the premise, let me move on to the scam itself. So it was my friend's bday and as good friends do, we decided to pool in money and get him a pair of Vans canvas shoes since he's been wanting to get a pair for a long time. So here's the deal... none of the big names like Myntra, Ajio, Flipkart, Amazon, etc had a sale going on at that time and hence we looked up Vans India on Google. The first thing that comes up (it was not an ad) was vansstoresindia.com . Seems legit right? Vans probably has their own website to sell sneakers? Just like Nike, Adidas, Asics and literally every other sneaker brand out there? Nope. Nope. And nope.

This website right here (www.vansstoresindia.com) is a scam. Who would've ever known that the first search result on Google right now when you look up ""Vans India"" or ""Buy Vans shoes online India"" is a scam. You can check for yourselves how legit the site looks. Makes me question myself for doing a degree in CSE and still falling for an online scam. 

[Vans themselves recognize that this is a scam on their Instagram profile](https://imgur.com/a/tp10xpJ). 

We placed the order and waited for a couple weeks thinking that since it's an international shipment, it might take time for the shipping status to get updated (had a similar experience with Nike's official website. Didn't get a status update for a week or two and it ended up getting delivered at the end of the second week). I genuinely got very worried today and went on to their Instagram page to ask them for my order information. That's when I found the above comment on their latest post. 

Being such a big corporation, it surprises me as to how Vans has not taken action against these scammers. It's literally the first search result when someone looks up their brand from India. People will continue to get scammed if this doesn't stop. 

This is a PSA post for anyone who's out there looking to buy Vans. Also, I'm hell bent on bringing these people down. If possible could I get some legal advice as to how we could maybe bring down the website?

TL:DR :- Buy Vans shoes only from reputed online stores like Ajio, Myntra, Vegnonveg, Superkicks, etc.

Edit : Someone suggested that I share the Twitter link here. A friend of mine posted a tweet.

https://twitter.com/TheHarshAvinash/status/1468207806398406661"
nike,India,"India, which is your favorite shoe brand? I know its an odd question but I've been a Bata fan since as long as I remember and currently want to buy a replacement for my worn out leather shoes. What other good brands are there which are long lasting and durable, what's your suggestion?"
nike,India,"Runners of /r/India, what running shoes do you recommend? Sorry this is kinda low-effort post. I'm just confused by so many options! I was considering ASICS but it's over my budget of 4-5k. There are way too many models in  Adidas, Reebok,etc. Ialso have difficulty finding shoes for my size (12.5).

Currently I'm running with indoor gym shoes which is probably the cause of my ankle pain. Any recommendations for a decent running shoes in 4-5k range? If it's over the budget, just tell me which shoes you use."
nike,India,"People of Randia what expensive things you own apart from electronics and cars? I just wanted to know what all you people own that is costly apart from the usual electronic items like iPhone or iPad or laptops like MacBook and Alienware and even cars or bikes or any kind of vehicles etc.

You can tell about collectibles, showpieces, mantlepieces and what not."
nike,India,Only in Uttar Pradesh 
nike,India,"Help me choose my future Please suggest me some fields of work where people work out of interest, and not just cause it pays/ pays a lot.


When I say work out of interest, I mean they like what they are doing on job, independent of what they get out of that job (money, stability, etc.)

Why asking on r/india, cause work/jobs, interest of people change over regions.

More details -

My main reason to go to place where people work out of interest, is to meet such people, as I feel like I am one of those. So, I am not searching for my interest but a place where people work out of interest."
nike,India,"Just don't use Mobikwik, here is my story. So I was looking forward to buying a shoe, Nike Pegasus 39 (MRP Rs 10495) rarely goes for sale but today it was at a 10% off, apart from that I was getting 2000 extra off as a first time buyer on Ajio and an extra 300 off on top of that for paying prepaid so it came down to 7000 (I don't think I can get it this low anytime soon, it was an amazing opportunity)
Now, on top of all these there was another offer saying upto rs 1500 off (minimum 200 off) if paid via Mobikwik wallet, so I saw the price will go down by at least 200 more, the best opportunity.
I immediately added 7000 to mobikwik wallet and when I went to do the payment there was an error, (link in comment).

Tried like 10 times, after reinstalling, on a different device, laptop phone etc etc.
Didn't happen
The fucking payment didn't go through

Now I had 7000 stuck in my wallet, because if I transfer it to the bank it will cost me rs 260 extra as a convenience fee, and I cannot purchase gift cards with the wallet.

I was so irritated, went to call customer support well well well, turns out they all went home cuz it was 08:08 pm and working time is till 08:00 pm, and will open on Monday (tomorrow is Sunday), so I thought of emailing, and guess what you can't email them unless you select an option as to what went wrong, in those options it just kept saying you have not performed any transaction.
Like wtf, I want to email them because I am not able to perform the transaction.

Anyways I just let the offer go by, I won't be ordering it, moreover I think I am blocked by ajio because of multiple attempts as it says ""something went wrong"" on opening the app.

I used the 7000 to pay my father's credit card bill l, and will uninstall the fucking app as soon as my 75 cashback arrives (because they also charged 80 extra as convenience fee for paying the bill)

I am fed up with these apps(like mobikwik), amazon and paytm are the best

It can also be razorpay's fault but who cares it was the wallet that wasn't working"
nike,India,"Now my body is not broken, but I’m truly broken: Wrestler Vinesh Phogat Phogat explains what went wrong with her Tokyo 2020 campaign and why the WFI’s decision to temporarily suspend her is wrong. "
nike,India,"Is Ajio a trusted store for buying branded items? I'm looking to buy some Nike Air shoes and wondering if I'll get original Nike and not some copy. Ajio is giving 2k off that's why I'm thinking to buy from them instead of Nike website.
Can you guys share your experience with Ajio shopping?"
nike,India,"Do you need anything from usa? Hey everyone, i am coming from the USA to India on the 25th to vadodara. I was posting this to see if anyone needs any electronics or shoes or something valuable which is almost half price in us, and expensive in india. You can pay me cash if you live vadodara. Or you can transfer me money after you receive the item, so you have the benefit of doubt. If you don't want to order it, please forward it to your friends and family. I literally don't have anything to bring to india. Remember, you still have the benefit of the doubt because you will pay me after you receive the item or give me cash. Let me know, thanks"
nike,India,"Inspired by the Indian consumer thread, what clothing brands do you use? Summers are coming - recommendations? Also, people who jog for longer durations, what clothing/underwears do you use to avoid chaffing? "
nike,India,AP's Kashmir photographers win Pulitzer for lockdown coverage 
nike,India,India’s Sneakerhead Entrepreneurs Cash In on Rare Footwear Market 
nike,India,"Do Indians hate black people? I am an American of Indian descent and I am currently in India visiting my extended family. 

My cousins were asking me if I knew any ""neegas"".I told them you can't say that because that's racist  and they just laughed at me and called me a firangi.

Also the same cousin wants  to steal my Nike AF One's"
nike,India,"Google sues me for using the word ""droid"" in my company name Orpheusdroid "
nike,India,After marriage[NP] 
nike,India,"[NP] The Snapdeal ""quality check"" scam Been a regular user of Snapdeal for quite a while. Bought my first piece of apparel after years of buying non apparel. I usually wear size L T shirts. This Nike that I ordered would be tight even for those who wear size M. Looked suspicious that the fit was so tight, so decided to return it. In the very same packaging. Next I know is that I'm sent an email. Your return was rejected because it ""failed quality check"", and here's the interesting part: it is being sent back to me. I immediately try to speak to a customer service executive. I now find that it's impossible to. The phone has a pre-recorded message: ""the product returned has failed quality check"". Even more strange: there is no means to email them. There is never an engagement with the customer other than snapdeal calling the customer, always a one sided means of communication.

I then get on Twitter. They have a dedicated Twitter account to deal with issues. @snapdeal_help. I request a call back. When they finally do I ask them what failed the ""quality check"". What I heard next was astounding: I had not packed it the ""right way"", there was no damage to the product in itself. I asked them in what manner should a T shirt be packed? In a box? In a carton? In a container? My questions are met with silence. So I told them that even though they had been through some tough times because of their brand ambassadors' views, this form of malicious fraud will shut them down. No other e-tailer, be it Myntra, Amazon, or Flipkart has ever engaged in such fraud.

So I decided to have a look at the other people who were engaging with snapdeals twitter help ID. What I read was shocking. The account was active 24 hours a day. Most people had the same failed ""quality checks"". In one case a person was sent a wrong book by the seller, when returned, it failed ""quality check"". It obviously would, as it was the wrong book. He had been in discussions back and forth for two weeks. No sign of him getting his payment returned. Another person had a magsafe adapter box sent in place of his iPhone 7, he had no choice but to get on Twitter and send pictures of the adapter box. Snapdeal airs it's customers issues for the world to see.

It is astounding that they have gotten this far without even having a manned telephone number where a customer could speak to an executive, no means of even emailing them.

This in itself constitutes fraud. No customer should be asked to get to them via twitter without having the chance to interact with a human.

Please upvote this post so that it hits MSM. One way or the other Snapdeal has to face its own undoing. They are maliciously anti consumer but it's only when the shit hits the fan that the customer knows that he has no means of getting to them.

Please spread the news far and wide. Shop with Snapdeal and you will get fucked if shit hits the fan. If not, consider yourself extremely lucky.

Disclaimer: I do not work as a competitor to Snapdeal in any e-tailer."
nike,India,"Flipkart cheated me out of 1.5k During the recent big billion sale I purchased a pair of Nike shoes worth 1.5k. I was shocked to see that I had received both shoes for the left leg. The Flipkart seal/tag was also missing. Thankfully I had made an unboxing video which would explain the missing tag that is required by Flipkart during return. 

After applying for a return and providing enough pictures of the shoes they finally accepted my return request after 5days of no communication. But the delivery agent rejected it because of the missing seal. Again I contacted the Flipkart customer care and explained the situation that I infact could prove the tag was never on the shoes by sharing the unboxing video. After this my second return request was accepted and today the same delivery agent again rejected my return because of the same issue. 

Now the return option is no longer present on the Flipkart 🙂. I suppose if I keep pestering them there's a chance i might get my money back. If you have any suggestions to deal with this situation then let me know.

The seller's name is HSAtlastradeFashion and i would ask everyone to be cautious when buying from them and also on Flipkart in general."
nike,India,"People who run/walk/workout a lot, what kind of clothes should one buy? I would like to buy shirts and pants that don't get dirty and messed up too much after working out or taking very long walks. Should I look for a particular type of cloth material or brand?

It will also be helpful if you guys can share how frequently you wash such clothes and how."
nike,India,"Shin splint and good running shoes Hello! I go for jogging regularly, though not very long. I usually jog for 12-15 minutes covering 2-2.5 kms. I run on hard surface and I have been suffering from shin pain. Usually, it goes off after running. Any suggestions on how to avoid this and any suggestion for a pair of good running shoes? Maybe priced around 5-6k. Currently, I have Nike Revolution 5. Thanks."
nike,India,"How good are Campus brand shoes when compared with Puma ,Adidas etc ? Want to buy a new pair of shoes for regular walking /going to work and thinking of buying from Campus brand instead of Puma ,Nike etc but Would like to know how their shoes are ? 
Budget is till 5k .
Thank you"
nike,India,Comfortable shoes for long walks with good grip for walking in rain? Don't want to spend an exorbitant amount but probably within 3-5k. Requirement is it should be comfortable for long walks AND should be VERY GOOD with grips on wet/slippery surfaces.
nike,India,"Ajio sent fake Nike Ajio has joined myntra and Flipkart fake seller mafia. Friggin paid 11k for these. Bcz i checked these in store as well , i knew right away they're fake. But i bet others can't see the difference "
nike,India,"PSA: New Zealand is a shithole country for Indians  
I am speaking as someone who grew up there but wasn’t born there. I feel a lot of people might think of New Zealand as this amazing country they want to immigrate to. I just want to share my experiences so thought people are aware. 

1. It is a geographically isolated country which means goods are generally more expensive due to shipping costs. It also means no neighbours - which might actually be good for India but makes NZ feel like a small town where you’re just not connected to the rest of the world. 

2. It has a population of 5 million, which means it’s a very small market for a lot of businesses. Combined with geographical isolation, a lot of international businesses don’t see the point in investing in NZ or just leave. For example, about a year ago Nike shut down their NZ online store - which now means you’ll have to ship Nike products from overseas if you were buying online. And a small market also means the existing businesses (especially supermarkets) can mark up their products by a significant margin as there isn’t much competition. 

3. It is an extremely dull country. In India there is vibrancy, life, chaos, emotions, festivals. Things are very sterile in NZ. The biggest shopping malls all close at 7pm. Most shops close at 5-6pm. You walk through the city centre after 8.30pm and there’s hardly anyone out and about. Barely any cars at night. People are all at home and don’t go out as much as things are  expensive. There really isn’t much to do in terms of activities other than to eat and drink - go to restaurants and bars. 

4. Expats rated NZ as the second worst country in the world to move to (51st out of 52nd) based on a global survey. Primary reason being things are very expensive. You take a bus/taxi from 1 city to another and that’s the majority of your disposable income for the week gone. So people all just end up staying home and doing nothing after work. 

5.  Health system is honestly shocking. If you have a disease that needs to be treated, you don’t get to see a doctor immediately. You go to someone that’s called a General Practioner (GP) which typical costs you around 3,000rs. They’re not specialists and a lot of times I’ve gone, they just use the internet to diagnose you. If you want to see a specialist, the GP needs to refer you to one and it usually takes multiple months to get an appointment. I will note seeing a specialist is free. But if you can’t wait and have to see one now, the cost is exorbitant. For example, my friend had to see a cardiologist as she had some chest pain. Just to see him, it cost her around 1lakh rs. Just for him to tell her he needs to do more tests to fully diagnose the issue. And another incident - my dad had kidney stones that weren’t able to be removed by surgery as was asked to wait another six months before the next surgery. If anyone knows anything about kidney stone pain, you know that’s ridiculous. So he had to fly to India to get it removed. And on a related note, while all docs here are well qualified and accredited, they don’t have the experience a lot of Indian doctors do who see multiple patients a day. So they’ll give you answers that are by the book rather than use their experience to solve your problem. My friend had a hysterectomy. A few months later she couldn’t eat or drink anything. All the food she ate just stayed in her stomach without passing through. Any sensible doctor would have asked themselves if the hysterectomy had anything to do with it. And it did - the surgery left scar tissue in her abdomen which prevented things passing through. But she was in hospital for 6 days and the doctors had no idea what was causing her issues. 
Also, the government prioritises healthcare for indigenous Maori population and other Pacific Islanders in the country - as in you get appointments quicker if you belong to these races. The reasoning is that these races have poor health outcomes and need more attention. While I can see the logic in that, it means that other races are deprioritised over no fault of their own.
On a positive note, a lot of life saving drugs are government funded and so are quite cheap, for example diabetes medication. 

4. NZ national identity is strongly linked to the Treaty of Waitangi - which means it considers itself as a biracial nation: the indigenous Maori (approx 18%) and Europeans of the British Empire. Indians, Chinese, Filipinos etc. can all be citizens and hold political office. But I rarely see them being politically active as there is this sense that you are a guest of the country and shouldn’t do anything to change the status quo. 
 
5. The weather and climate isn’t that great. It doesn’t get very hot here, which is great. But due to the lack of an ozone layer in this part of the world, the sun is quite piercing. NZ and Australia has the highest skin cancer rates in the world. So the winters are quite drab and miserable and rainy. And the summers are scorching and you don’t feel like being out in the sun. 

6. This is just a personal observation. I’ve noticed without fail when Indians move to NZ they lose their hair. Both men and women. I suspect it’s the hardness of the water. People who’ve always had a great head of hair come to NZ and within weeks start having lots of hairfall. And in a few years you notice the thinning and in about a decade or so the men start balding. It doesn’t seem to really affect other races however and I’m not sure why. 

7. Finding a partner is really challenging here. About 15% of NZ’s population lives overseas (one of the highest percentages in the world) and most of these are young people. You don’t have a large pool of people to choose from as it’s a small country. I’ve seen so many people, both men and women struggle to find a partner. It’s even more challenging being an Indian. Rightfully or wrongfully, Indians unfortunately have a negative reputation in NZ. You can go to any NZ subreddit and search for ‘Indian’ and see what sort of comments show up. And of course, beauty standards here are euro centric. 

8. You will always be seen as ‘an Indian’ first rather than someone with their own individual characteristics. When people look at you, they’ll have preconceptions about you because of your race. You’ll always be judged for your race first before they get to know you. You don’t feel this in India - where you just blend in and people are neutral towards you. This is a very unsettling feeling and can’t be fully explained in words. You have to experience this to understand how dehumanised you feel being uncomfortable in your own skin. 

9. A lot of Indian men who grew up here aren’t very confident. This is in contrast to the Indian men I’ve seen who immigrate to NZ in their later years. I suspect their confidence has been battered over the years at school - from being not found attractive by girls in your school, to looking different and having different body features from others, to maybe having funny sounding or hard to pronounce names to people in NZ. 

10. It’s hard to make friends here. The people are friendly but insular. The culture here is you make your friends while you’re young - in school or uni and stick with the same group of people for the rest of your life. They don’t like bringing new people in to their circles. 
 
11. Renting an apartment is very expensive and among the most expensive places to rent in the world. 

Having said all this, there are good things in NZ - peaceful and beautiful country, high minimum wage, pensions for everyone once you reach 65, good social security and benefits if you are disabled or temporarily unemployed. But none of this is worth the negatives of living in NZ. Maybe NZ is good if you’re quite old and have already lived the most of your life. And if you were wondering, I have left NZ and am going back to India. 



"
nike,India,"Need help checking if my Nike Ebernon Low Premium are authentic or fake 😟 Hey everyone,

I recently ordered a pair of Nike Ebernon Low Premium sneakers online during a big sale. The seller was listed as Nike India Pvt. Limited (which I thought is the official Nike seller here), so I felt safe buying them.

When they arrived, they looked good to me and I was actually really happy, especially since I got them at a huge discount. But when I showed the sneakers to some friends, they told me they looked fake. To make things worse, I uploaded a quick unboxing video on my YouTube channel and got two comments saying the same thing that they’re fake.

Now I’m honestly really worried. I thought there’s very little chance that an official Nike seller would send counterfeit sneakers, but the doubts are eating me up.

Could you guys please help me out and let me know what signs I should check to confirm if they’re authentic or fake? I can share close-up pictures if needed.

Thanks a lot in advance 🙏
"
nike,India,Scam at decathlon  Decathlon has introduced a new printimg service tshirt to customise and personalize tshirts however customers are using it to create their own Nike tshirts
nike,India,"Yo guys and grils , please suggest some good sneakers under 6k rs please. I prefer Nike, adidas , asics or puma.  26m I am unable to decide on one. Please help "
nike,India,"Friend gifted fake Nike shoes, want to giveaway  A friend of mine gifted me Nike shoes on my birthday, but I realised they are fake 
(I did my research on YouTube). I don’t any Nike shoes so I didn’t point it on that point. 

I just want to giveaway this shoes because I will never wear because he did not respect our friendship. 

So I am giving away these shoes, free of cost 

"
nike,India,Just wanted to showcase my blender animation Nike commercial took me soo long damn it was tough for me as a newbie  
nike,India,"A realisation i had... 3 months ago, i got matched with a girl on dating app, she was 1.3 years older than me, we hit it off too good, it was first time a girl ever talked to me this much outside of my family, i fell for her, so did she for me. My first date i was shut scared cuz i never had done something like this ever before, but seeing her changed everything. She was very sweet, mature, caring and laughed at all jokes i made. She was first person who wud hold my hand in public, ask for hugs, kiss on my cheek. I never felt so cared of ever in my life. Im 21M btw.

Here comes the hard part, 2 months went by like this. We wud meet twice a week, more if she got time, and everything was going like too good. I even wrote a letter to her saying i love her, 2 months into relationship. She said it back. But next week, she got a promotion, that gave her full time wfh, so she was going back to her hometown, i got a bit scared but i had faith in us to make it work.

Next day, she didnt pick up my calls. I called her 9 times, then after 2 hours i called again, she picked up, was crying. She said her father called and is asking her to come home bcuz shes getting marriage prospects(22F) and she shud start looking abt marriage. Her father yelled at her when she said she doesnt fee like it. She started saying we should break up. I tried to remind her of all sweet things we did in past months, of our love, of all sweet thing i did for her. She finally mustered up courage of telling her parents.

They said they were disappointed in her. Why did she meet a guy online. Why is he younger than her. He wont marry you hes just looking for timepass. He has his whole career in fornt of him,we want you to marry in next 2 years, he wont agree to it. All these pressurising things made her doubt her love for me, she wudmt even talk clearly to me let alone touch me. I sensed allt his and said, ok, i wont fight against not breaking up, cuz i can see how hardly you are hurting trying to make this work. I loved her genuinely, but i let her go bcuz she asked for it.

Our last meet, i returned her book, A thousand splendid suns,i hadnt finished reading it, 4 5 chapters left, i tolde her that, and she literally narrated me the story of those chapters while we were standing just after breaking up lol. Then i said ok, goodbye, this is the last time we see each other, thanks for coming into my life. She was hesitating to hug, but i said its ok, hugged her and left hiding my face in my helmet cuz u had tears. I cried on my way back home. This was 2 weeks ago now, and i just remember the good memories i had w her for 2 months. This is like a goodbye to something that was too good to be true. 

These 3 months made me realise, that i am worthy of love, bcuz i doubted that a lot before her. She wud compliment me about things that even i never realised of myself. She told me i have beautiful hazel brown eyes, i was like do i? Went to the mirror and looked closely and it was true. I never looked so close ig lol cuz i had low self esteem. She said i am such a sweet and innocent guy i remind her of daisies, she wud make me understand things when i ranted about my parents, i got very close to my parents in past 3 months. I cried in front of them, also told abt this relationship which i never thought wud have done before or had it in me to. She changed me for the better, made me a better person and made me realise i am not that bad, and i deserve all the good things in my life too. Thanks N**** for coming in my life."
nike,India,"How my lyf sees me (*´∀`*)...... •Missed NIKE SALE(35%OFF) 
•my cat pooped in my Protein powder(dont worry,didn't drink it) 
•So called female bestie broke up (says she loves me as a FRIEND /Hotspot connected/not internet) 
•My friend got to know I m 5'11 not 6...(god didn't put extra one inch there) 


• got an extremely dirty mind ( U KNOW WHAT I MEAN.....) "
nike,India,"friend has money to buy Nike shoes but won't return the money I lent him He puts a status on WhatsApp showing his new Nike shoes and when I ask him about the money he tells me he will give it when his salary credits but never does. This has been happening for a few months. I don't know what to do here. Last month he told me ""tumhaare paise pakka doonga"" but again the same reason like no money left as everything was spent on rent, EMI, etc. Kya karu mai!!!!!!!"
nike,India,"Anyone knows if we can return products purchased from nike store? 
I purchased shoes from nike store but now i want to return these and they are not accepting returns and only allowing for exchange🥲🥲🥲

Also if anyone from pune is about to buy something from store please lmk we’ll exchange my shoes for your product.

Can someone help me??"
nike,India,How to pay online at nike.com??  this is my first time trying to order shoes from [nike.com](https://nike.com/) india but when i tried to checkout and pay my card keeps getting rejected and i dont know why. I tried to use google pay and added my card details but it says i cant use my debit card. If anyone who has previously purchased shoes from nike online could help me it would be great. :) 
nike,India,Just mooo it 
nike,India,"Is it safe to order from nike? So I was going to order a shoe from nike's official website (Indian one). It said that this is an international delivery and you have to do something with kyc etc. Also, one of my friends told me that first it has to clear some customs which usually takes a lot of time and the officials might even ask for bribe to dispatch the parcel further (is this true?). Also the site is not accepting my mastercard saying it has some problem processing the transaction. Please suggest some ways to order that shoe."
nike,India,"I wish to cop a pair of Jordan 1s from Nike SNKRS. How can I improve my chances of getting one? This one goes to all sneakerheads. I had managed to save enough money to buy my first pair of Jordan 1s as it was my dream for a long while. I got to know that a pair of Travis Scott 1s are releasing this 26th (April) in Nike SNKRS and I would love to cop it. I DON’T WANT to buy it from resellers and wish to cop it at retail price. I already have a Nike account. So what can I do to improve my chances to actually copping one? I don’t want to sell it coz I’m in love with the colour way and I kinda fantasise me wearing it.

Now, I wont be disappointed if I’m unable to get it. If that’s the case, suggest me some nice colour ways of Jordan 1s that is currently present in the Nike store or will come soon. Thanks guys! 😄"
nike,India,"looking for a specific type of Nike shoes Ok, so I want something that I can use for daily wear but also for running. I saw a couple of Nike shoes online and checked their reviews, but they were all mixed. I don’t want to spend a ton of money only to find out that the shoes didn’t turn out to be what I was expecting. I don’t really care about the aesthetics/looks much; I just want something that’s comfortable and meets my needs. The reason I chose Nike specifically is because I think Nike has some amazing quality shoes and if I were to find what I’m looking for, it would be at Nike. If you have any suggestions on some good Nike shoes that I could use as daily wear but are also good for running, then please let me know!"
nike,India,"Made Self-Portrait. (Details: Wearing Nike Track Suit, you can see logo XD) "
nike,India,"Student gifted me this from his savings 🥹 Teachers day ka gift Mila hai guys bacche ne paise save karke diya hai, red pen. Mein bohot khush hu aaj  "
nike,India,"Things where cheaper is better? I am one of people jise mehngi cheez suit nhi krti, for me

sparks > crocs

Cheap analogue > smart watches

 local cloths > branded cloths 

Mac D cold coffee > star bucks

Edit *Vishal k kapde fuddu hote h*
*Max are still good*

Road side chole bhature and chole kulche > restaurants

"
nike,India,"Career Goals. imagine telling this guy in 1988: if you stick with it, the company will go from $1B to $120B, and you'll go from intern to CEO"
nike,India,Guys how are these? idk why but I'm not getting that vibe from these
nike,India,what do you guys think?? 
nike,India,heart spotted in bhaaji of paav spotted this cute butter heart in my bhaaji of paav.. made me so happy hehe 
nike,India,"Can I trust this seller kaarastores.in Hi everyone,

I came across a site called Kaara Stores that claims to sell Crocs, and their prices look pretty good. However, I'm not sure if this site is legit or if it's a scam. Has anyone here ever bought anything from them?

If you've had any experiences—good or bad—with this store, please let me know. I'd really appreciate some feedback before placing an order!

Thanks in advance!"
nike,India,"FLIPKART BETRAYED ME Yesterday, I purchased this sneaker named Adidas Blockz from Flipkart for Rs 1500. Apart from the package being disoriented already with a strange 'Priority' sticker, the shoe came to be completely Fake. I tried scanning the QR code inside the tongue of the shoe, it came to be Fake as well. I purchased many Adidas/Nike shoes from Flipkart in the past but never experienced something like this. I tried searching the web for info about this shoe...surprisingly only Flipkart is selling these shoes and branding them genuine. I do not recommend anyone to waste their hard earned money on branded shoes from Flipkart.

PS- I purchased Adidas Halo Run from Myntra after returning this shi."
nike,India,"What should you do when a close friend or relative asks for money? Recently, one of my good friend of 13yrs is recurringly requesting some money from me around a few thousand rupees.

I'm cool with lending him this money and not asking it back immediately. I understand he's going through a financially tough time and still adjusting to a lot of changes especially his mom's cancer treatment and what not.

Here's my problem with this situation - he hasn't returned previous 10k he owes me from a few months back (when he was trying to earn some quick bucks trying too flip Coldplay passes, which he failed to do) and it is a little bothering that he calls asking for small cash around 200rs for cab or some other reason, mostly small amounts. I did speak with him once about the 10k he owes me and he acknowledged that he still owes me that and will return it to me eventually. 

Often times I've noticed, he lives a better lifestyle than me in some ways. 
- He regularly goes out with his girlfriend and probably spends there.
- He prefers taking cabs whenever going somewhere out, whilst I'm the perfect middle class kid who tries to save money by taking the train or bus, whichever is cheaper.
- He owns much better and more expensive  branded clothes, perfumes, shoes like Zara, Nike, etc. and I'm literally wearing Wildcraft sandals as my everyday-wear. He has reduced the frequency of his purchases past few months but still, he maintains on wearing branded and expensive clothes.

What would you do in my situation?
 Do you guys have any advice for me?

Ps- I'm just trying to be a good friend but I need to look out for myself as well."
nike,India,"Guys can y'all suggest me a nice sport shoes under 3k? So, I have graduated from high school and will start university 2 months later. Life is really good and i got into the best university. Now I've spent my last 4 years in my good ol' red tapes which i used as all rounders. Sporting? Red tape. Going out? Red tape. Gym? Red tape. Anything? Red tape. So basically, they're now begging me to spare em. And besides i am going to a university, so why not get new shoes. 

I decided to split my budget in two pairs of shoes. One for fashion and other for sporting. I decided to buy a white nike court vision low for fashion since they are very versatile and go with literally anything. I think they are a perfect fit for me since I'm still experimenting with clothes and fashion and they're are very well within my budget. 

Coming to the point i want to buy a pair of shoes under 3k that can take whatever i throw at it. I need shoes which can be best for court plays like tennis, badminton and basketball and also good for hiking and gymming. Basically anything just like the good ol red tapes. Note: styling is not the priority in here, it's comfort, durability and a good fit for all the sports.

TL;DR: Need suggestions for comfortable and durable all rounder sport shoes under 3k."
nike,India,"Help me pick one!  Want a shoes to wear under short dresses & skirts which one will you consider? 

I don’t know much about shoes and want to pick the best one! "
nike,India,"These must be fake, right? I bought a pair of Nike MC Trainers 3 from Amazon from a top-rated seller. The packaging looked fine, and all the tags were intact. However, within a week of use, the “Nike” text on the insoles completely vanished. I didn’t expect this from a premium brand. Could they be fake? What do you think?

Link: https://amzn.in/d/bw5YBls
"
nike,India,"suede black sneaker?? I am looking to buy a black top and white flat sole sneakers for college. I prefer sneakers made of suede, as I already have the Nike SB Dunk Low in black and white. I really like the Puma Suede XL in black, but I can't find my size (9) on Myntra, Amazon, Flipkart, or their official website. Can anyone suggest where I could find them? Additionally, if you know of any other suede sneakers (excluding New Balance, as I already have the 574), I would appreciate your recommendations."
nike,India,I have 6k in my bank account and I am 19. How should I invest it? I have saved 6k and want to invest it. How should I do it?
nike,India,"BRANDSSSSSS I’m done being a brand freak. Seriously. I don’t even know when it started—maybe in high school? Maybe when I thought a logo would somehow make me cooler, more respected, or worth more? But I’ve had it. I’m sick of chasing names instead of purpose, of spending more on labels than on life. What even is the point of flexing a brand when all it does is mask who I actually am?

It’s like I’ve been wearing a costume made by Nike, Gucci, Apple, and whoever else got their claws into me. And yeah, people noticed—they always do. The comments, the envy, the “wow you’ve got taste” stuff. But lately, I’ve been wondering: do they respect me, or the brand I’m wrapped in? Because I’m starting to feel like a walking billboard, not a person. And it’s exhausting.

I want out. I want to redefine myself without the hype. I want to be that person who’s confident in their identity, not just their outfit. I want to wear something because I like it, not because it’s on some influencer’s feed. And you know what’s wild? The moment I started dialing it back, people looked at me differently—not worse, not better, just real. Conversations felt more genuine. I wasn’t a price tag anymore. I was me.

So yeah, I’m done letting brands do the talking. It’s my turn now."
nike,India,"Are mainstream foreign shoe brands really better than Indian brands? In terms of Comfort and Reliability are brands like Puma, Nike, Adidas really better than Campus, Red Tape, Sparx etc. or is it just a brand perception?

I see similar shoes from Indian brands priced cheaper than their foreign counterpart. Are they similarly comfortable and reliable or not? 

I have until now only bought from Sparx and Red Tape and never faced any problem. However, I don't buy from their cheapest collection but shoes from their upper price range which are still cheaper."
nike,India,New personal record 
nike,India,"A weird encounter  I was at the market, getting some groceries and was with my sling bag. Hanging from it was a small mushroom-shaped charm, thought it added a quirky touch to my plain bag. I didn’t think it would draw much attention.

Out of nowhere, this group of teenagers stopped me. They were clearly on a shopping spree. A boy in an oversized hoodie from the group pointed at my charm and said, “Bhaiya, yeh kya hai? Kya aap mushroom farm chalate ho?”

I blinked, caught off guard. “Uh… no,” I said, awkwardly laughing. “It’s just a charm I liked. Looks cute, na?”

But they weren’t satisfied with that answer. A girl from the group added, “Maybe it’s lucky? You know, like nazar wale nimbu-mirchi.” Another guy said, “Bro, maybe it’s his secret identity—fungi man!” The whole group burst out laughing.

I couldn’t help but laugh with them. “Okay, fine,” I said, playing along. “It’s my good luck charm. Keeps the bad vibes away.”

They nodded like it all made sense now. One of them even said, “Swag hai, bhaiya,” before they walked off, still giggling. I shook my head and continued walking, amused and slightly baffled by the whole thing."
nike,India,"Are these good? Are adidas laufen Speed shoes mp good?

Just wanna buy decent shoe for walking and going out out sometimes casually, wanna know about this, are these good?"
nike,India,Shoes nerd help me out. I’m looking for a shoe for daily wear which can be used for running as well. I need something with arch support as both of my feet kind of bend inwards. Budget is upgo 10k.
nike,India,"best shoes for walking ? is shoes like nike airmax ? best for walking long hrs in malls exhibitions ?

how does the airmax technology work ? is it like shock absorbers ?

or can u suggest any best shoes for walking ?"
nike,India,"Can women wear men's sneakers? Also can you recommend some good sneakers. I seek help from the wise olds

People say redtapes are like bricks at bottom and low quality and one should push around 3.5k-4k
Now I ask which one should one get for everyday use.
Requirements is they should look like sneakers and not sports shoes

Price to quality>Comfort>looks>tag
"
nike,India,"Good Start to a Good Day, Happy Diwali everyone... 🪔🪔 "
nike,India,Which Brands are you loyal to and why?? Inspired from another subreddit and wanted to create an Indian version of this.
nike,India,Spending weekend at aesthetic levender room 🥰 
nike,India,"Recommendations to buy something from US I have someone coming from US in June this year.
They've offered me to get me things from US, suggest me some good things to buy from there which are too expensive in India/unavailable in India.

(I don't want iphones or MacBook as I don't have any need for those now, I don't need expensive Nike shoes from there as I have other shoes already)

Please suggest me some nice things which aren't NSFW 

"
nike,India,"Luxury thrift items  Does anybody here know where i could buy luxury clothing and bags from indian thrift stores online?
The brands I'm talking about are gucci botega balenciaga nike x supreme lv chanel 
I want to buy these items in bulk would anyone know the right place to look out for these items?"
nike,India,Need some good quality shoes under 2k i play basketball on cement court and all my shoes wear out easily in 1-2 months.. even 7k nike shoes.. hereby I have decided saste joote lunga and I'll buy repeatedly in the period joote kharab ho. now what are the durablest shoes I can use under 2k. if someone has experience please answer
nike,India,"A help needed from all football fanatics Hi guys, need your help!! I want to gift my husband the official Liverpool jersey. Where can I buy it from or order it from in India?"
nike,India,"How poor village people maintain such expensive things?? I visited my Nana Nani village after so long. It's not a developed village even it doesn't have proper road to came here. I saw one thing that youngsters use iPhone, ktm, or various expensive things but the thing is that if you look at their house they live in huts(chala Ghar), even their parents doesn't have a good chapal to wear but their kids use nike, How's it possible. And even it's not the case of 1 or 2. I got totally shocked like how they can maintain such things. If you have any idea, please let me know."
nike,India,"Sneaker Heads Hello Everyone!

I just wanted to enquire about what all brands you buy sneakers from? Except Puma, Adidas, Nike, Converse, And Skechers?

I feel there needs to be some sort of disruption needed in the market and I don't seem to find good company except the above mentioned.

I did try Elevar Sports Court Rise sneakers both black and white and they are bad! Like really bad. Within 7 Months from purchase, and using them less frequently,  their sides started to come off and the quality isn't good. I have even mailed them that they did such a good marketing and it somehow made me buy them but was disappointed by their quality.

I would be happy to know if you have explored any other brand and wouldn't mind sharing your take/opinion on it."
nike,India,"Im confused over a girl I really have a crush on this one girl, idk if its crush i really havent talked to her much, but in the few times i did, i loved every second of it, i love her voice, she looks so cute, and i know its too young prolly but its my final year of school, should i confess, will it get awkward,even if she agrees for a date, i dont know what to talk to her about. Any help 😭"
nike,India,"Is there any way I could get original brands for cheap OR get exact replica of them? I am more into deigns of good brands than just showing off, (like Nike/Adidas sneakers designs are better than some cheap knock off) and being a student, if I could get exact replica or something which is exactly the same as original, at 1/3rd of the cost, I would love it. Any suggestions?"
nike,India,"Farewell party. Guys tomorrow morning our farewell is organised. I have two choices 
1) White plain shirt with a designer black tie. Formal black pants and black shoes.
2) A party wear or decent tshirt with black or blue jeans and Nike legacy 312. 

I am very confused. Please help guys.

Also is there something I can do to make it memorable?"
nike,India,"Which one is better for sports shoes Ajio OR Myntra. I am planning  to buy sports shoes.
Nike , Reebok or some other good brand. 

Range 2-4k.

Got 1k myntra points  from corporate  card.
1k points  left in the wallet  can convert it into amazon gift card or Myntra. 

If you guys have any suggestions feel free to add links to the product. 

Which site don't  send duplicate  products?"
nike,India,Large size shoes Any website or store in India that sells Adidas/Nike running shoes in sizes 13 and 14? Adidas website has none and Nike has some options and they're only the customisable shoes and it's taking 5 weeks to deliver. TIA 
nike,India,For first time I am also shocked 🤯 
nike,India,"Under 3k running/basketball shoes i want a durable shoe which would support me.. Mere 7k ke Nike to 1 mahine mei kharab ho gaye the.. ab main mehenge joote nahi le rha.

purpose : basketball on rough cement court
Size UK11"
nike,India,"Has anyone registered / trademarked / copyrighted a phrase or a book name? Hello folks of ISO. 

i wanted to check - has anyone among us ever registered / trademarked / copyrighted a phrase or a book title?

i have a plan in mind for a non fiction book; but currently no plans to flesh it out.

However, in the near future - i do want to write it in it's entirety. 

Wanted to understand the process behind the same. 

Any advice shall be most appreciated. TIA!

Also - in case there is a catchphrase like Nike's ""Just Do It"" - is there a provision for the same in India? In my case - the title of the book & this catchphrase are the same."
nike,India,"Hello please suggest me some good perfumes in budget I want a cool fragrance  like bellavita ocean , and a red whiskey smoke type fragrance for Men...can you suggest  me something?  I dont want to spend a lot of money for now..."
nike,India,"Which state/city has the shortest average height of men? Hi, 23M from Mumbai , kinda thinking in shifting my city. 

At 5'6 I've considered myself short compared to not just peers but even strangers in public.
I go to malls, theatres, parks, concerts, restaurants and various public places and see teenagers and even women taller than me. I ask myself everyday and night where I went wrong. I even gave up the plan to study abroad due to the height average being even more in countries like US, UK, Canada etc.

Hence the thought of shifting to any city with the shortest average in India, hoping that I'd be slightly taller or maybe just at average. Also other factors to be I'd like to mention that I consider in the city such as rent, corporate opportunities, leisure activities, weather, crowd, dating etc"
nike,India,"Things to bring from London? My brother is coming from London and he keeps asking if I would like something specific. I have googled and looked for stuff but cannot find anything. Is there something you got from there are you really like? Or is unique?

Would really appreciate any genuine suggestions, thank you! (I have already had chocolates and Harry potter stuff from there)"
nike,India,"Shoe recommendations? Hi y'all, please give me some GOOD shoe recommendations under rs 6000

Thank you, and have a lovely day :)"
nike,India,"Good running shoes recommendation ? Have tried multiple shoes, reebok, puma, but never found that comfort .. been using MI xiaomi sports shoes and they were pretty good and comfortable .. showing their age now now again looking for good running shoes , just training for 5k run now .. i run around 2-3km with intermittent breaks 4 days a week ? 

Had to run on cement road so that is a challenge thats why wanted to get something good .. 

Any recommendations will be helpful"
nike,India,"Suggest best sneakers/shoes around 3k for office and casual wear ? Have to start going to office after around 3 years of WFH and shoes are mandatory for office. I am looking for casual sneakers which I can wear casually anywhere. I know the budget is bit low but I will stretch further if it is really worth it. I don't have much knowledge on shoes. Just want a good pair of sneakers that looks good in any occasion and last long. So need your suggestions.

Thinking to go for white sneakers. What do you say ?

Considering this : [https://www.flipkart.com/puma-up-sneakers-men/p/itm48743ab258254?pid=SHOFNU2WTYXQH4UE&lid=LSTSHOFNU2WTYXQH4UEFSHE76&marketplace=FLIPKART&sattr\[\]=color&sattr\[\]=size&st=color](https://www.flipkart.com/puma-up-sneakers-men/p/itm48743ab258254?pid=SHOFNU2WTYXQH4UE&lid=LSTSHOFNU2WTYXQH4UEFSHE76&marketplace=FLIPKART&sattr[]=color&sattr[]=size&st=color)"
nike,India,"Suggest good quality white sneakers undẹr 4k for daily office use Never bought sneakers before and I am kind of noob in sneaker knowledge. I am looking for good quality white sneakers to wear in office under 4k. Evẹn though it is ovẹr the top of my budget, I am investing for long term use.

I am considering Court Vision Lo NN Lace-Up Sneakẹrs and sometimes I get this at 3.5k in Ajio. Is it worthy for quality and durability or any suggestions you have for my budget. If you have any suggestions, please share the link.

Adding the Nike sneaker link for ref : [https://www.ajio.com/nike-court-vision-lo-nn-lace-up-sneakers/p/469434687\_white](https://www.ajio.com/nike-court-vision-lo-nn-lace-up-sneakers/p/469434687_white)"
nike,India,Biggest Nike outlet in Mumbai Where is biggest Nike outlet in Mumbai where jordan segment shoes available? 
nike,India,Where can I buy FC Barca authentic Nike jersey for 24/25 season? Any help is appreciated 
nike,India,"Where can i buy nike shoes/sneakers from factory outlet Hello! I have few questions 
1) can you suggest any factory outlet offering good discounts on shoes
2)how much discount do they offer as compared to online sites 
3)how has your experience been?
4) can i get good shoes/sneakers under 5k budget?"
nike,India,"Saw Mass Eve Teasing in Mumbai local Have you ever heard of that term? Now you will.

I travel daily for my internship from Nallasopara to Charni Road, and today I encountered something very weird and disturbing.

If you're not from Mumbai or unfamiliar with Mumbai locals, let me give you some context. People who travel daily often form groups that sit together in the same coach for years. They save seats for their friends, and vice versa. I’ve never been part of such groups because they’re mostly older than me, and I can’t connect with them. Even though I take the same train daily, I keep changing coaches.

Today, I experienced something very disturbing and shameful. When another train (a ladies' special train) was passing ours, some uncles in my coach started teasing and making fun of the women in that train. Around 10 to 12 men were doing this, and they did it multiple times. One of them even used a lot of derogatory words.

I tried to record a video of them, but it didn’t come out clear because I was scared. There were many people in the train who were cheering them on while they were eve teasing. I was afraid that if they saw me recording, they would probably beat me up.

This was very disturbing and ironic too. On one hand, people say Mumbai is safe for women, but the reality is different. I’m not saying Mumbai isn’t safe for women, but it’s not as good as people claim either.

The uncles who were eve teasing were probably between 45 to 60 years old. I’ve heard a lot of people say that the new generation is out of control, but I can clearly see that even older men are doing such things. They should be setting a good example for the next generation, not this. There were also young guys in the train who were laughing and enjoying what was happening. No one seemed disturbed at all.
"
nike,India,"Strava and nike run 
I have noticed for the past few times that the strava and nike run both have very difficult measurements and metrics for run
Today i ran 3.12km with a time of 16:51 on strava and for the same run its 2.78km and 17:00 ..( i had both active coz i knew something was wrong and this is the second time i have measure the difference)
Earlier it was 5.62km in 33:23 on strava and 5:03 and 33:14 on nike run idk which one is reliable .."
nike,India,Best places to buy 1st copy/Replica Nike Shoes in Mumbai Can ya'll suggest some good markets in Mumbai where i can find cheapest Nike Shoes Replicas? I dont mind if they dont last enough though.
nike,India,"Where to buy Nike shoes for the best price in mumbai? I am going to buy airforce 1 in colored whoosh, in Mumbai ofc. Which stores or sites will I get the shoe for best deal?"
nike,India,"Where are the factory outlets of Nike, Adidas or Puma?? I wanted to check out some sport shoes and sports wear, so can anyone tell me where are the sports factory outlets in Mumbai?? Would be even better if they are next to each other."
nike,India,"Original Nike sneaker resellers  Hi Guys, I wanted to buy some original nike jordan sneakers, or air jordans for my dad's birthday. He loves those shoes a lot. I am not much of a sneaker head myself. Are there any offline stores from where i can purchase original(not first copy 🙂) Sneakers from branded companies. Any online store would also suffice. But i just wanted to be extra sure if i can get it offline. 

Need help from the sneake head in this sub reddit. Any online and offline store would do. "
nike,India,First copy nike dunks Where in mumbai i can get first copy of nike dunks?
nike,India,"Nike Factory Store Info required !! Hey guys, as the title suggests I need info on the Nike Factory Store, Dahisar. I am planning to buy Nike sneakers. I wanted to know what is the price difference between this store and a normal store. Also, please suggest some nice affordable sneakers."
nike,India,Nike factory outlet or Bandra linking road first copy sneakers? I want to buy nike sneakers but cannot make a decision of buying one from nike factory outlet or should I go for the first copy sneakers in bandra linking road. Confused between the right Tradeoff :  look vs affordability. Can someone help?
nike,India,"My interaction with a Socks selling guy in the local So you know that there are all these people who get on trains and try to sell various things to the passengers? 

I've never bought anything from them but I admire the hustle because some of them come up with really inventive and catchy sales pitches and they usually have some kind of a colourful personality that helps them sell whatever. 

So today I was going on western line in the afternoon and it wasn't too crowded and this fellow boarded at Matunga Road. He was selling obviously fake branded socks of Nike and Adidas etc. But they looked authentic with good packing. 

One thing that I noticed he was saying - ""Koi bhi colour milega, black milega, white milega, grey milega, manchaha colour milega, manchaha pattern milega... "" 

He went up and down the compartment and no one bought anything from him, then I thought he'd get off at next station and try in another train/compartment, but this guy came and sat down opposite to me. 

I was ignoring him mostly but then he directly asked me in English ""Sir will you buy some socks very comfortable?""

I wasn't interested so in a friendly way I told him no thanks bhai. 

Then he repeated that part of his sales pitch where he said ""Sir you can buy any colour, any pattern you want please see.""

Now I found this a little too aggressive and irritating so I looked at him and as a joke told him ""I want orange colour socks, do you have it?"" 

To my surprise he said ""Yes sir"" and he got one pair of Orange socks out of his bag! 

I didn't think he would have it but also I didn't want to buy it. So I said ""That's too dark orange, I want a lighter orange colour"" 

Well this fellow immediately put the dark orange socks back and took out a pair which was light orange! 

I was pretty surprised and I thought 'ab toh kharidna padega' but I told him ""Yes but this doesn't have any stripes. You said manchaha pattern milega so I want the orange socks with two stripes."" 

He looked a little downcast and put the socks back and I thought he would leave me alone. But he turned back to me with a pair of LIGHT ORANGE SOCKS WITH TWO STRIPES! 

This was insane for me. 

I decided I will buy that pair. But still I told him""The stripes are black coloured bhai. I want socks which has two different colour stipes. Yellow and green. Do you have? ""

He smiled and once more looked inside the bag. I couldn't believe it. His hand came out with light orange socks with a yellow stripe and a green stripe. It was too much. 

Now I was thinking this is too fishy. So I told him ""Here upper stripe is green and lower stripe is yellow. But I wanted lower stripe green and upper stripe yellow.""

He laughed and said sir you're lucky this is the last piece with that pattern. 

And he took out one pair from his bag that was exactly light orange with upper stripe yellow and lower stripe green. 

I gave him 60 rupees and took the socks from him. But I had to know how he got to have the exact random socks I wanted. So I asked him bhai how come you got this exact pair of socks? 

He smiled and said ""Sir that is a secret but I can tell you"" and he motioned me to come close and whispered. 

""Sir the secret is that this is not a true story and you can post it on reddit to annoy people."""
nike,India,"Any idea what has happened to Nike Vapormax Backpacks Apparently can't find any of those MaxAir Backpacks has Nike stopped production of them..
Like i searched everywhere online no luck....need to visit the offline stores but i guess they also would not have it...

Also if any other alternatives for that would be a great help..need something comfortable on the back

Any help is much appreciated!!"
nike,India,Where will I get Nike dunks low in Mumbai (first copy) 
nike,India,Factory outlets of Nike adidas etc near fort area?! Any factory outlets of adidas Nike puma any big brands near fort area? Link the address pls
nike,India,Best Nike shop to visit. Im gonna buy Nike Air jordan 1 shoes but don’t know where to get in offline market in Mumbai. Suggest me some great Nike stores where I can find these.
nike,India,"where can i find nike air jordans ? hey, can someone tell me where can i find nike air jordans in mumbai ?? is there a specific nike outlet that is bigger than the others and carries more colllection ?"
nike,India,"Help me find this! I've been looking for this cap from Nike and I badly want to buy it. Looked online everywhere but couldn't find it. Visited palladium lower parel store too, it was out of stock. Y'all got any idea if any nike store has this in stock? Or any online store? Thanks! "
nike,India,"Is there any Nike store in North Mumbai that keeps original Nike Football Jersies ? I am looking for a specific Liverpool FC away jersey. It is not available on their site since a long time. I have visited 2 Nike stores in dahisar & Infinity mall but they both said they dont keep Football jersies. 

So, DOes anyone kno any Nike store in North Mumbai that keeps original Nike Football Jersies ?"
nike,India,"Hilarious convo. This evening I took a rickshaw from Nike factory outlet in Dahisar to Anandnagar Metro station in Dahisar.
Rickshaw driver was tbh driving a bit rough . As soon as he tried to take right on signal 500m before metro station a two wheeler almost crashed into the rickshaw.
The next convo that followed was something I will remember for rest of my life.

Let two wheeler be X and auto driver be Y.
X:- Dikha nai tereko?
Y:- Tu wrong mai aa rha tha!
X:- Galti teri nai hai! Galti tere maa baap ki hai.
Vo raat tera baap jaldi so gya hota toh tere jaisa bhadwa paida nai hota.
Y:- Bhaag idher se.
X:- Daaru peeke gaadi chalata hai tu saale bihari.

People gathered and sorted things out.
But this was new for me .. 

P.s I am not a local ."
nike,India,"Lending money to close friends Recently, one of my good friend of 13yrs is recurringly requesting some money from me around a few thousand rupees.

I'm cool with lending him this money and not asking it back immediately. I understand he's going through a financially tough time and still adjusting to a lot of changes especially his mom's cancer treatment and what not.

Here's my problem with this situation - he hasn't returned previous 10k he owes me from a few months back (when he was trying to earn some quick bucks trying too flip Coldplay passes, which he failed to do) and it is a little bothering that he calls asking for small cash around 200rs for cab or some other reason, mostly small amounts. I did speak with him once about the 10k he owes me and he acknowledged that he still owes me that and will return it to me eventually. 

Often times I've noticed, he lives a better lifestyle than me in some ways. 
- He regularly goes out with his girlfriend and probably spends there.
- He prefers taking cabs whenever going somewhere out, whilst I'm the perfect middle class kid who tries to save money by taking the train or bus, whichever is cheaper.
- He owns much better and more expensive  branded clothes, perfumes, shoes like Zara, Nike, etc. and I'm literally wearing Wildcraft sandals as my everyday-wear. He has reduced the frequency of his purchases past few months but still, he maintains on wearing branded and expensive clothes.

What would you do in my situation?
 Do you guys have any advice for me? I'm just trying to be a good friend but I need to look out for myself as well."
nike,India,Which Brand are you Loyal to and why? Inspired from another subreddit and wanted to create a indian version of this.
nike,India,Is FindyourKicks legit? I was looking for some jordans but the one's that i am looking for isn't available on Superkicks or VegnonVeg. So currently my options are either through Nike App directly which could take upto 2 to 3 weeks depending on the conditions or through Findyourkicks..
nike,India,"Old Woman's Shoe, Kamala Nehru Park The shoe structure is inspired by the nursery rhyme There was an Old Woman Who Lived in a Shoe.

Soli Arceivala, Former BMC Environment Officer, VJTI Vice Principal Of 15 Years, NEERI Director had designed Old Woman's Shoe at Kamala Nehru Park. (Wiki)"
nike,India,"Was having a hectic work day, looked at this and felt a lil calm 🙂‍↔️ "
nike,India,Switching from business to job I'm 39 M. Was running a software development company since 2008. Business has shut down and I am looking to get on a job. How is that going to be possible? Any references. Thank you in advance
nike,India,"Where can I get original jordans from? Hey,
I am planning to buy jordans and was looking up for stores to buy them. I know Veg Non Veg sell them but apart from that is there any store which i should visit or any Nike store which have jordans cause most of the Nike store dont have one."
nike,India,"Am I stupid or are all condoms the same size? TL;DR: All condoms seem to be 10.6cm in girth but I'm 13cm. Are there any brands that have slightly-larger-than-average condoms?

So I recently I got the opportunity to... ""smash"". Like the good boy that I am, I went to the pharmacy and asked for condoms. The phramacist reading virginity on my face gave me ""Durex Extra Time""s. I have zero confidence I'm lasting longer than a minute so that was nice of him.

We do kissy kissy for about an hour and decide to do it. And... I get ""nervous"". In my defence it takes way more force than I expected. No problem I'll just try again but surprise surprise, now I have the numbing cream on me and I can't get it back up.

_Mission Failed_

I'm sure the nervousness was the main factor for my downfall but another thing I noticed was how irritatingly tight the condoms were. ""All condoms have a length of 180 ± 2 mm and a width of 53 ± 2 mm."" I'm not well endowed enough to exceed the length. But! What I'm reading is these condoms are made for 10.6cm girth?! Not to reveal too much on a throwaway but I'm 12-13cm girth-wise. That 2cm didn't seem like much before but it's quite annoying. Am I just supposed to power through it?

I checked most popular brands and all of them seem to be of similar size. Are there any brands that have slightly-larger-than-average condoms?

(My old post about this got removed because I marked it as NSFW? Not sure)

Edit: So many people seem to be confused about how condom widths work. Condom width on the box should be around half of your circumference/girth.
[Source](https://myonecondoms.co.uk/pages/about-condom-sizes) [Another source](https://www.ripnroll.com/blogs/sexual-education/118070213-condom-size-chart)
[One more source](https://www.condomjungle.com/blog/condom-size-chart/)"
nike,India,"Please don't wear fake sneakers and boots if you are actually going to use them for what the original was designed for There are a lot of posts in this sub about where people can buy replica/first copy/ inspired/ totally not fake bro sneakers either because they are short on cash but just have to buy a pair of  nikes or because for some reason they or someone they know will be bullied at college or school.

As long as you know these shoes are fake and you will only use it to impress people who don't deserve your attention then that's upto you. But understand these shoes were originally designed for a purpose. Wearing fake Air Jordans in the gym doens't only mean you will screw up your ankle if you actually go constantly but also the high probability of your shoes giving in when you are actually using it for it's intended purpose because of shoody QC. Imagine your sole giving our when you are running on the treadmill , or wearing fake boots in places you are actually risk of frostbite. The premium on quality matters depending on the function. That's why the Indian army is given boots and not chappals to fight wars. 

The irony about these ""luxury branded"" items is that it spawns a whole new black market of fakes, which inturn give this idea that if 9/10 luxury items in the market are fake then even if you buy the original, everyone will assume you have brought the fake item because we are inherently cynical and eventually it will no longer be desirable because they provide no real function. So if you are going to spend money, atleast think of shoes as a tool with a practical purpose. "
nike,India,"Where to buy football jerseys I’ll be visiting Mumbai in a few days and wanted to know places from where I can buy cheap but good quality football jerseys. Can you guys please recommend some? Also it’d be better if the places are nearby BKC
Thank you
"
nike,India,Any good place to buy FC Barcelona authentic jersey in Mumbai? Cant find it anywhere online or in Nike stores. If anyone could point me towards a store or an online shop to get the authentic nike jersey
nike,India,"Where to buy running shoes from? Hi!

I want to get into running but the shoes that I have are very old and hence am planning to buy good running shoes which will make me less injury prone running on paved road. 

I have browser through shoes online but would love to try the shoes offline before buying from a shop. Are there good shops in the city including running focused stores where I can buy from? 

Any good shoes recommendations for beginner runners are also welcome. "
nike,India,"Best place to buy running shoes Need to get a pair of good running shoes. Budget is quite good.

What would be the best place to get it from? Online stores, physical outlets, factory outlets, chor bazaar, etc?

Any recommendations based on your experience with them?
 I'm inclined towards Nike as I haven't tried their shoes yet but every brand seems to have too many options.

Edit 1: I'm hoping to get one in the 6-7k range. Can go upto 10k.

Edit 2: Got Nike WinFlo 8 from the official site"
nike,India,"I want to buy shoes, please help? Basically the title! I (M22) am looking to buy two pairs of shoes for casual wear but it seems nowadays the only way to get good shoes is to invest in a Nike/Puma. That's easily ~10k assuming 4-6k per pair.

Would you folks suggest any alternative brands that have good designs and don't pinch my pocket as much? Thanks!

ETA: budget is preferably under 2.5k for a pair. Maximum 3k"
nike,India,"Need some good shoes/footwear for my daily commute on the local trains! Ever since the lockdown began, I have been working from home! I live in Mira Road and recently changed my job and my office is in Marine Lines.
And now I have realised that the crowd is not the same as it was in 2020!
Pata nahi itni gardi kaha se aa gayi bc! Jahan Mira Road pe trains khali hoti thi, ulta log aur chadte hai!

I have a first-class pass and there is no legit difference between the second-class and the first-class. It has been around 2 and a half months and mere do joote fatt gaye! One of them was the first copy of Nike and one was saste wale Crocs (But soooo comfortable! Pairon me baadal the, bc!)

I am no Ambani but can afford to buy a good pair of shoes with a budget of 5-6k. 
What do I want in those shoes? Comfort, durability and floorgrip.
People stamp on them while boarding or getting down, during peak hours. Sometimes, I have to bolt myself to get the train. And sometimes, gate pe Spiderman ban na padta hai, kyuki ""andar jagah nahi hoti""

So, please Reddit! Suggest me some good pair of shoes that can survive the dukh, dard and peeda of the Mumbai local! (Along with my feet, of course)

Mandal tumcha khupach aabhari aahe!"
nike,India,"Any Sneaker customisation shop in Mumbai I asked in the sub about Lehenga shopping in Mumbai, and thanks to you all We got 4 lehenga’s for different functions along with wedding. Now I have another favour to ask 😀
Does anyone know where can I get the Nike sneakers customised for both Bride and Groom?
If the shop sells the customised shoe that works too and if they need us to buy and give it to them, that will also work.
Please drop your suggestions.
Thanks 🙏 "
nike,India,"Places for buying good Formals 🙏  Please help a brother out. 

I was placed during pandemic and have been working from home since then so never got to wear formals and the ones I'd got back then fail to fit now. 🥲

I have a joining in one day which is no longer WFH and I failed in haste that I need formals now (I don't even have shoes 😭). 

Kindly suggest places to buy good quality formal clothes, shoes, etc(preferably Suburban) as I do not have time to order online so that I can wrap my shopping tomorrow. Helpful if they are not very expensive but you can still suggest those. 

Bhagwan aapko local me seat de de during rush hours 🫠"
nike,India,"Sneakerheads of Mumbai, which pair of sneakers do you swear by? I'm 30M looking for my first real pair of sneakers, not too high end, probably under 8-9k, will love yoir recommendations!"
nike,India,"want to gift my friend a sneaker there's short friend of mine who has a shoe size of 3.5UK according to nike women's shoe size chart (23cm). i am unable to find good sneakers for her. if anyone has any information regarding this, kindly dm."
nike,India,Scam? Tesco Mira road How come Tesco enterprises Mira road sell Nike shoes even Jordans and dunks at such huge discount? Are they selling dupes?? They claim that if you prove it fake we will give it for free.
nike,India,Where can I get gym tshirts? Where can I get counterfeit Nike Adidas tshirts at cutthroat prices of a decent & good quality. Are also brands like souled store good in performance wear? Kindly suggest any other brands as well
nike,India,"What are the best running shoes under 5k? It'd be preferred if only those answer who usually run above 5k per day, I need to increase my speed and need some incredible shock absorption 

I'm open to trying new brands outside Nike/Adidas as well (abros for example) if you think their technology is worth it "
nike,India,"Mumbai Turfs- Football. Should I go for turf shoes or multi ground boots while playing on turfs? I play football regularly and I have been using Nike Mercurial Multi Ground boots for the past 3 years and I feel they provide excellent grip and comfort.

I own another pair of Adidas turf football shoes but honestly I feel I don’t get the grip on the turf with these turf shoes.

Of late however, I have had a few folks asking me to avoid wearing the Multi ground cleats on turfs because there is a risk or chance of injury.

I started to wear the turf shoes as a result and wore them for nearly 8-9 games but found my agility, grip and pace dropping. So I decided to move back to my Nike MG cleats.

What are your suggestions?
Would it be a good option to try and get more comfortable with turf shoes or continue wearing the MG cleats?"
nike,India,"How to get red of stench from flip flops/slides? I have Nike slides. Was in Goa a month ago and those got wet as I was crossing a beach. I thought keeping the slides in Sun...soaking them in detergent would help..but to no avail. Can anyone give any tips?

"
nike,India,"Good long lasting perfume/deodorant, under ₹1000 for men? Tired of trying out stuff like David Beckham/Axe/Nike/Adidas/Nivea/Fogg.

I like the smell of Beckham Deo but doesn't last for long.

So can y'all please recommend a good one that will last for at least 8 hours, for office/casual outing purposes.

TIA"
nike,India,"Best place to get first copy shoes/sneakers in Bandra. My maid's children got trolled for wearing 'Asian' shoes in college.

I am currently on a tight budget. They also told me most of their friends wear knock off shoes but they don't really last, and hence their mother won't buy them those shoes or buy new ones cause current ones work fine.

Can y'all tell me where I can pick up first copy shoes for Converse/Nike/Adidas in Bandra? I vaguely know there's a store in front of Bonobo in Bandra, but don't know the exact store name.  


&#x200B;"
nike,India,"Where can i get? Where in Mumbai and can i get master quality of air jordan , yeezy. I’ve seen so many videos on YouTube but don’t know if it is trustworthy or not specially with quality."
nike,India,"Which are the best SG/AG football boots? So guys I am looking to play football on a routine basis and wanted to buy a pair of studs for AG/SG pitches. My budget is close to 10K and my concern is that the shoes should be comfortable to play with (I get a lot of splinters due to boots) and impart manueverability (since I have a high BMI).

Suggestions are highly appreciated!"
nike,India,"People of Mumbai, where do you sneaker shop from? I want to know where people buy daily wear sneakers from? Priority is quality and not flashy designs. Something which can last me long?

Usually i go shopping on Myntra but it feels like there is a lot of subpar junk there.

Something around the budget of 1k?"
nike,India,Sneakers / shoes I am looking to buy some sneakers for my birthday and one of my friend recommended to visit the Dahisar Nike factory. Is it worth it? I don't live near dahisar. Thank-you
nike,India,"Need suggestions for running shoes Hey guys, I want to invest in a good pair of running+casual shoes. I'm thinking somewhere in the range on 5-6k but I can be a little flexible on the budget. Any suggestions would be appreciated. Also, it'd be great if you mention where can I get the best price in Mumbai.

Thanks in advance :)"
nike,India,"Can sneakers be resoled Hello r/mumbai

I have a pair of Nike Air whose sole has become brittle and the sole is coming off. This was most likely from the pandemic where they were not used.

The store said they can't do much, they only cover a year's warranty. 

I have sentimental value for these. Can they be resoled and if yes, then where? Open to other suggestions?

More info

The base layer is there, white coloured. Part of the sole came off on one shoe. The soles are not rubbery but have become hard plasticy."
nike,India,"Sneakerheads of Mumbai, what sneakers should I get ? Okay I know, r/Mumbai is probably not a good place to ask this question. But I feel like the city itself has some challenges to sneakers in general. Dust, Crowd, Road Quality, etc. I just wanted to know the perspective of Mumbaikar Sneakerheads. I owned a pair of Nike Liteforce iii but they're getting old now and want to buy some new ones. 

My Budget is around 5k 

I'm looking for the comfort and something I can wear to college everyday."
nike,India,"any tips to improve communication skills I'm very shy to approach anyone, i literally can't talk to any person please help me through this. How can i overcome my fear."
nike,India,"Is AJIO Genuine E-com site? I'm getting this Firstbuy offer on AJIO for the nike shoes and I'm getting a discount of more than 2k. 

Now I have never used AJIO but Ik it comes under JiO but only thing that is giving me doubts is that they don't have any reviews for their products like Amazon, Flipkart.


Has anyone ordered from here? Do they deliver original products?"
nike,India,"Tall people of Mumbai, where do you find shoes? Hey folks, I'm looking for UK size 12/13 sneakers. Are there any shops that are catered to big foots?"
nike,India,"Best Shoe repair service ? Can anyone recommend some good places which repair shoes ? 
I have an Old Nike pair which has the sole coming off 
I applied glue but it didn't help much 
The stitching is off

Any help would greatly appreciated"
nike,India,Some good Wholesale Shops for Original Brand Shoes What are some good places to get a pair of shoes (PUMA/NIKE/ADIDAS/SKECHERS) at discounted prices in Mumbai?
nike,India,"Sports shoes in Mumbai I want to buy sports shoes is there any wholesale market like Crawford or any shop which keeps original products of sketchers, Adidas, nike, power etc"
nike,India,"suggest a good place/site to buy sneakers at a affordable price. I'm looking to buy a sneaker under 2---3k if possible, please suggest me a place/site where i can buy good quality sneaker for the quoted price."
nike,India,"Flipkart selling fake products and asking Aadhar/PAN Order ID OD123925256533511000

Order Date - 17th Jan 2022Ordered Item - Flex Experience Run 9 Running Shoes For Men (Black)

Received Date - 19th Jan 2022Received Item - Footox Slippers

I requested for Refund but received mail from Flipkart as below,

Hi Flipkart Customer,

We are writing to you about your recent return request for the NIKE Flex Experience Run 9 Running Shoes For Men

To help you with your return request, please share a copy of either Aadhar (both sides) or PAN card by replying to this email within the next 48hours . Please ensure that the information on your photo ID should match the details on your recent order(s).

We will be validating the ID proof shared by you through a third-party service provider. Please provide your consent to Flipkart for use of the identity proof that will be provided by you for the purpose of authenticating the Flipkart Account. Please share the below clause in the email reply along with the photo ID so we can work on your request.

“I give my express consent to Flipkart for collection, use and/or disclosure of my information provided in this email and the documents attached hereto for the purpose of authenticating my Flipkart Account”

When the product was bought, no ID proof was required but now that they have sent wrong product and i want to return it, Flipkart is asking for ID proof. This is a complete breach of privacy and unacceptable."
nike,India,"need to buy shoes A place won't rip me off 

A wholesale market kind of stuff like someone recommended mobile repair at manish market way much cheaper than original service centre.

Not in buying Nike, puma looking for local brand like nivia,sega , anza(a on Amazon anza shoes are less. And anza is most preferred by me. Use to wear polaris something similar to it)

Thanks in advance"
nike,India,"Good Running shoes for under 5K I have started running 1-2 times a week recently with my old Decathlon Running shoes which are 4 years old now..

I used to run 5-10K marathon before and looking to get back in shape..

Any runners in here who can suggest a good running shoe under 5K?

I have seen Nike Downshifter being a popular choice for a 10K..

Any feedback?"
nike,India,"Replacing Soles of Sport Shoes I have sport shoes of nike and reebok, but due to covid i did not use it much. i plan to start using it but the soles are in a bad shape. is there a place to buy and replace these soles. 

how much would it cost ?"
nike,India,"Cool places to buy sneakers? What are some nice places that give good discounts on sneakers? 

I'm mainly looking at converse, nike and reebok 

It can be a mall, shop or maybe a dealer that deals wholesale. 

Also, I am not looking to buy knock offs so please only refer if they sell genuine products."
nike,India,"Looking for brands which make waterproof sneakers/loafers? All those mainstream brands like puma, nike and adidas make that cloth/fabric material shoes which may be comfortable but gets fucked in rains, looking for alternatives."
nike,India,Need sneaker restoration service in Mumbai aside from Futstep. I have a 3 year old Nike AF1 which is in pretty rough condition but i think they can be restored. After a bit of googling i found futstep. Their site is filled with pictures of how good their service is but i've been trying to contact them since 2 days and they haven't reached out. So i was wondering if anyone knows any good service that does shoe restoration?
nike,India,"Factory outlets query Hey guys, am new here, just wanted to know, where are the factory outlets for Nike, adidas, converse, vans, and other sneaker stores. Basically want to buy quite a few amount of kicks and I want to see if I can get them for a decent price. If it helps, I live in Powai, and go to school in santacruz, so stuff close to that will be awesome. Incase not, I'm ok with a little distance. Thanks in advance."
nike,India,"New to Mumbai, where can I get export reject shoes? Just moved here and I'd heard about a lot of markets which sold export reject Nikes, Pumas, etc for dirt cheap. Any clue where I can get those?"
nike,Brazil,Presidente da CBF diz que mandou Nike parar produção de camisa vermelha 
nike,Brazil,"Nike proíbe nomes como 'Exu' e 'Ogum' da camisa da seleção, mas libera 'Cristo' | O TEMPO "
nike,Brazil,"Nostalgia - Quem lembra dos Nike Shox? Tava lembrando de como foi ser adolescente nos anos 2000 e o símbolo de status que foram os Nike Shox.

Quanto mais molas, mais alto na pirâmide. Tinha o TL com 12 molas que era o suprasumo. Quem tinha, tinha até medo de sair na rua e voltar sem o tênis.  
Na época você era o cara se tivesse boné Von Dutch, calça Diesel e Shox no pé."
nike,Brazil,Diga-me que você é racista sem dizer que é racista 
nike,Brazil,Marcas favoritas da Geração Z 
nike,Brazil,Quem criou essa fonte horrível??? 
nike,Brazil,"Estudante é preso no ES por ameaçar deputado Nikolas Ferreira de morte Gente, parece que nessa semana a direita finalmente entendeu os limites da liberdade de expressão. "
nike,Brazil,Qualidade da camisa Nike da seleção caiu muito! Linhas com pontas soltas em toda a camisa. 
nike,Brazil,"Depois de anunciar boicote à Nike, loja de artigos esportivos nos EUA declara falência "
nike,Brazil,"Pq lojas como Netshoes, Centauro etc.. Anunciam tênis da nike ou adidas, muito abaixo do valor no site da fabricante sendo que o tênis é vendido e entregue pela própria fabricante? Ultimamente tenho me deparado muito com isso, já que estou atrás de tênis  para comprar, logicamente eu fico procurando o melhor custo beneficio em vários marketplaces, como Kanui, Centauro, Netshoes, Dafiti etc... Só que tenho notado que as vezes o mesmo produto é 100 ou até 200 mais caro que no site da fabricante, alguém sabe a explicação para isso? 

Obs: Comprei um tênis na dafiti vendido e  entregue pela adidas, ele estava a 299 e no site da adidas 499, e o veio tênis certinho."
nike,Brazil,Fiz 1 episódio do treino básico da Nike na Netflix 10 minutos. Fiz que nem meu focinho e as minhas pernas estão tremendo. Estou muito mais podre do que eu imaginava. Plz semd halp o sedentarismo tá me matando. Alguma outra pobre alma em um corpo acabado já testou essa bagaça?
nike,Brazil,"Preços irreais, como tênis Nike a R$ 35, fazem Procon notificar Shopee "
nike,Brazil,"Comerciais da Nike para Copa do Mundo Como já é tradição de décadas, a Nike Football costuma lançar comerciais lendários com seus jogadores patrocinados em época de Copa do Mundo. Eu assisti hoje o comercial dessa copa e decidi fazer um compilado, pra quem não conhece, de alguns dos melhores comerciais que eu lembro.

Isso não é publi hehe, não sou influencer, os comerciais são muito legais mesmo.

Pra começar, o comercial dessa copa é o ""**multiverso do futebol**"", cientistas conseguem colocar jogadores de diferentes épocas pra jogar e ver quem é o melhor:

[https://www.youtube.com/watch?v=6p4SeR3pliM](https://www.youtube.com/watch?v=6p4SeR3pliM)

Um dos antigos mais legais foi o ""**Take it to the next level**"", que acompanha a carreira de um jogador pelos olhos dele:

[https://www.youtube.com/watch?v=BcfIXfg3rr0](https://www.youtube.com/watch?v=BcfIXfg3rr0)

Também o ""**Write the Future**"" mostrava os desdobramentos futuros de lances que aconteciam dentro do campo, com destaque pro Rooney da Inglaterra que foi muito engraçado:

[https://www.youtube.com/watch?v=DBrA6LNx0cE](https://www.youtube.com/watch?v=DBrA6LNx0cE)

Na campanha ""**Winner Stays**"" acontece tudo na imaginação de uma galera jogando uma pelada em um campinho. Se alguém fala ""Eu sou o Cristiano Ronaldo"", se transforma no jogador:

[https://www.youtube.com/watch?v=Bv09DRd4lsM](https://www.youtube.com/watch?v=Bv09DRd4lsM)

Uma bem antiga, nem sei de que época, mas pelos jogadores deve ser do final da década de 90, fazia uma partida de futebol do ""**bem contra o mal**"":

[https://www.youtube.com/watch?v=BOM1k4oLGJU](https://www.youtube.com/watch?v=BOM1k4oLGJU)

Bom eu não quero me prolongar, pra quem gostou procurem aí também ""**The Mission**"", ""**Secret Tournament**"", e se não me engano um dos primeiros foi com a **seleção brasileira no aeroporto**, em 1998. Tem também comerciais da Adidas, da Pepsi e outras marcas bem legais.

Só pra provar que não é publi hausuhsah, um dos meus preferidos mesmo é da Adidas, o ""**José +10**"" que mostra duas crianças escolhendo seus times até que descobrem que podem chamar também jogadores de outras épocas:

[https://www.youtube.com/watch?v=LfEGxyS7\_8g](https://www.youtube.com/watch?v=LfEGxyS7_8g)

É isso gurizada, esqueci algum? Comentem aí se tem algum outro que vocês lembram. Boa copa pra nós, um abraço!!!!"
nike,Brazil,"Achei a camisa da seleção de basquete da hora, fui ver quanto custava e tive um troço Pelo menos tem desconto no pix ಠ_ಠ "
nike,Brazil,"[Fora do Loop] Alguém que entendeu a atual polêmica da Nike, me explica de modo simples? "
nike,Brazil,"[6 de maio de 2023, Paris] Neonazistas do cm9 desfilam por Paris [média : democ.de] "
nike,Brazil,Em V de Nike 
nike,Brazil,"Funcionária da Nike acusa Neymar de agressão sexual ocorrida em 2016, revela jornal - Esportes - Estadão "
nike,Brazil,"David Blaine hoje, no Rio de Janeiro. Foto publicada pela NatGeo. "
nike,Brazil,Trump: os imigrantes brasileiros que querem voltar dos EUA por causa do novo presidente - BBC News Brasil 
nike,Brazil,As 10 Profissões que Pagam os MENORES Salários do Brasil - Tire as Suas Conclusóes 
nike,Brazil,Seria tão triste o banquinho racista e europeu perder seu maior mercado 
nike,Brazil,Fãs queimam produtos e Nike perde R$ 15bi de valor após anúncio polêmico 
nike,Brazil,Alguém sabe dizer qual o nome do modelo desse tênis da Nike? Ele aparece em um vídeo de 2013 do Magalzão kkkkk 
nike,Brazil,"É impossível comprar qualquer coisa em lojas físicas... Eu e minha esposa sempre tivemos vontade de fazer academia, e esse ano decidimos iniciar.

Porém, com essa decisão, precisei separar uma grana para investir em roupas, pois como bom sedentário/preguiçoso que sou, tudo que tenho são calças básicas pretas de sarja, que combinam com qualquer camiseta, e é aí que começa minha dor de cabeça.

Procurei marcas de qualidade tipo Nike, Puma, Adidas...no próprio site da Nike ou na Centauro/Netshoes...sempre filtrando por preços, achei que iria ser tudo um absurdo(faz tempo que não compro roupa), porém tinha camisetas legais de R$79,90, bermudas de R$89,90.

Sou ansioso e não queria esperar 6-8 dias úteis, então fui nas lojas físicas, o quão ruim pode ser?

Meu amigo...camisetas R$250,00, bermudas R$289,90...exatamente as mesmas coisas que vi no site, da mesma forma itens de suplementação, tudo 100%(ou mais) caro do que a loja virtual.

Como vou ""ajudar o comerciante local"" desse jeito? como essas lojas se mantém de pé? vai se foder."
nike,Brazil,Novas Fadas | Vai no novo - Campanha da Nike com a Rayssa Leal 
nike,Brazil,Será que vem outro 7x1? 
nike,Brazil,Centauro compra nike no Brasil e terá distribuição exclusiva da marca. 
nike,Brazil,"Apple, Nike among dozens of top brands using uighur labor in China "
nike,Brazil,Investigação aponta lavagem de quase R$100 milhões em acordo entre Nike e CBF 
nike,Brazil,Saudades de quando o dólar alto era o maior dos nossos problemas 
nike,Brazil,não aguento mais 
nike,Brazil,Pode comer? Nike vai lançar modelo de tênis muito fofo inspirado em waffles! - Moda - CAPRICHO 
nike,Brazil,Nike – Alex Roca Campillo – Dream Crazier 
nike,Brazil,Polícia apreende uniforme vermelho pirata da seleção vendido no Brás 
nike,Brazil,O futuro chegou: Nike lança em novembro tênis que se amarram sozinhos 
nike,Brazil,"Fui doar uns calçados para um catador de lixo... Foi uma puta coincidência. Separei uns calçados para doar, mas minha mãe furou de passar lá em casa para pegá-los e levar para a ONG que ela conhece. Não era muita coisa, uns três pares de tênis e sapatos, duas Havaianas. 

Voltei do trabalho mais cedo e encontro um catador de lixo que já conheço há alguns anos na porta da minha casa. Ele teve um acidente na infância e perdeu boa parte da massa encefálica, a cabeça dele parece uma bola murcha por conta da queda. Reza a lenda que ele caiu de uma laje soltando pipa. Por isso ele tem certa deficiência mental, age de maneira meio infantil em geral.

É um garoto educado, tem a minha idade e eu esbarro com ele na rua desde que a gente é adolescente. Geralmente pedindo dinheiro, catando lixo, fazendo bico. Ele me parou na rua. Estava descalço e com os pés machucados. Me pediu um tênis velho, chinelo, qualquer coisa. Pensei caralho, oportunidade perfeita. 

Subi, catei as coisas e levei tudo para ele na entrada do prédio. Ele começou colocando um tênis da Nike que eu usava para fazer exercício antigamente, todo bobo com ele. Do nada fez um cara de assustado e ficou olhando de um lado para o outro. 

""Qual foi, cara? Tá tudo bem?"". 

""Tô com medo"". 

""Medo de que?"". 

""De acharem que eu tô te assaltando e atirarem em mim. Já me esculacharam achando que eu tava assaltando. Posso experimentar o sapato ali na tua portaria?"". 

Bateu uma bad fodida. "
nike,Brazil,Leticia Bufoni | Welcome to Nike SB 
nike,Brazil,"Existe alguma PM que preste no Brasil? Falo do RS. Aqui, PM só serve pra bater em professor e torcedor, inclusive deixando um cego com elastômero, e torturando outro dentro da Arena do Grêmio.

Me subscrevo à máxima: polícia é para segurança da população; militares é para inimigos do Estado; se a polícia é militar, a população vira o inimigo do Estado.

A PM tem que acabar.

Como é no seu estado?"
nike,Brazil,"Hoje fui almoçar com um amigo argentino em SP e ele disse que o custo de vida aqui está melhor que lá. Um amigo argentino que mora em Buenos Aires está de férias e veio acompanhar a esposa que é professora universitária num congresso na PUC em SP.   
Ele me mandou uma mensagem me convidando pra almoçar com eles.   
Fomos no ""Macedo"" um restaurante por kg tradicional no bairro.   
Meu amigo disse que ficou espantado como os preços em SP estão mais baratos que em Buenos Aires.   
Segundo ele, um almoço num restaurante estilo o ""Macedo"" em Buenos Aires custa US$50 por cabeça.    
Uma cerveja long neck local sai por volta de US$7.   
Até os produtos importados em SP estão mais baratos que na Argentina.  
Perfume, camiseta Lacoste, tênis Nike.... 
Que o Brasil virou a Miami dos argentinos.  
O que a brasileirada traz de Miami porque lá é mais barato, os argentinos trazem do Brasil, já que a passagem pro Brasil é muito mais barata que pros EUA, e não precisa nem de passaporte pra vir pra cá.  
Agora de noite ele disse que pesquisou preço de aluguel em SP e que os preços são equivalentes aos de lá, porém o salário da esposa dele que é professora de uma universidade pública, é praticamente metade de um professor de faculdade federal ou estadual no Brasil. "
nike,Brazil,Contexto 
nike,Brazil,"Brasil pode compensar eventuais perdas com 'tarifaço' de Trump? Veja possibilidades no Brics, segundo Apex "
nike,Brazil,"Estaria eu ficando louco, ou parece aquilo "
nike,Brazil,Barraco na inauguração da loja SHEIN em São Paulo. 
nike,Brazil,Tá na hora da Seleção trocar de patrocinador esportivo? A Nike já não faz camisas bonitas para a Seleção.
nike,Brazil,"Boas marcas de Jaqueta impermeável  Quero comprar uma jaquetas impermeável, vi alguns videos de review mas não achei nada tão interessante. Você conhece alguma marca que se destaque no mercado?

Vi aluns da nike, nordface e marcas chinesas e eles são funcionais, mas quero saber outras opiniões, uma pesquisa de mercado para mim (e todos que lerem o post).

O objetivo é ser funcional, e possuir um bom custo benefício. Não digo que precisa ser algo barato, apenas que valha o preço independentemente de qual ele for (exemplo em outro campo seria as mochilas da targus)."
nike,Brazil,Amigo de Robinho citado em processo de estupro trabalha no Instituto Neymar 
nike,Brazil,Mastercard desiste de patrocínio à Copa América | Radar Econômico 
nike,Brazil,O amor está nos detalhes. 
nike,Brazil,"Ajuda pra comprar tenis de corrida Bom dia. Estou pensando em começar a correr e queria comprar um tenis bom para isso. Alguem que entende pode me ajudar a escolher com bom custo beneficio? Tava pensando um mizuno, tem de 500, 800, 1000 e 1500 reais. Este ultimo, o mizuno prophecy, parece ter uma tecnologia avançada pra absorçao de impactos, mas acho muito dinheiro pra dar num tenis. Tambem vi a marca li ning no aliexpress que alguns youtuber recomendaram. Minha duvida é: faz diferença um mizuno pra uma outra marca tipo asics? A partir de qual eu consigo um tenis que nao vai me gerar um problema ortipedico? Pois eu ja torci e quase rompi ligamento dos dois tornozelos. Obrigado"
nike,Brazil,"Sapatos confortáveis até R$ 350 para ficar em pé por horas Alguém tem recomendações?

Vi principalmente Asics, Mizuno, Olympikus como opções. New Balance, Adidas e Nike têm bons tênis, mas também são bem mais caros."
nike,Brazil,"[Discussão] Black Friday: só frustração Ok, eu nao esperava muito da Black Friday mas achava que ia conseguir ALGUMA COISA pois ano passado ainda conseguir comprar roupas. Minha experiência até agora:

* Pichau : preços muito bons, servidor caiu ou ficava dando erro que impedia de finalizar o pedido. Acordei e tudo que eu ia comprar ta caro. testei de novo agora, as coisas estao indo pro carrinho com preco mais alto e o site da bug no checkout. 

* Loja que explode: Um ou outro preço bom, mas o frete enfraquece e fica mais caro que comprar no Mercado Livre.

* Renner, C&A, Riachuelo: Ano passado comprei roupas MUITO baratas, esse ano ta foda. Nada interessante baixou de preço.

* Adidas, Nike: algumas coisas interessantes até, mas nada que valha a pena quebrar o orçamento.

* Lojas de pneu locais: tudo subiu, ta foda.  

* Mercado Livre: as coisas que procurava subiram de preço.



Enfim..nem sei pq ainda me animo com essas coisas."
nike,Brazil,"Porque não passo nem na porta do Carrefour Um dia deste em resposta a um post, eu afirmei que, como homem negro, não pedia nada no carrefour , nem por delivery.

A empresa dia a dia confirma que é um ambiente tóxico:

[https://www.opovo.com.br/noticias/fortaleza/2022/07/06/caixa-de-supermercado-vitima-de-assedio-sexual-e-indenizada-em-rs25-mil.html#:\~:text=Uma%20ex%2Dfuncion%C3%A1ria%20da%20rede,danos%20morais%20e%20verbas%20rescis%C3%B3rias](https://www.opovo.com.br/noticias/fortaleza/2022/07/06/caixa-de-supermercado-vitima-de-assedio-sexual-e-indenizada-em-rs25-mil.html#:~:text=Uma%20ex%2Dfuncion%C3%A1ria%20da%20rede,danos%20morais%20e%20verbas%20rescis%C3%B3rias).

Eu acho que o consumidor é responsável por punir as empresas por seu mau comportamento."
nike,Brazil,"[5° dia] #BOICOTENACIONAL: empresas que querem financiar o golpe contra o Congresso e iniciar uma ditadura **ATUALIZAÇÕES DE ONTEM PRA HOJE ABAIXO EM FORMATO CITAÇÃO**

Imagem ""Golpe em Progresso"" na bandeira**: https://www.instagram.com/p/B9H6BdanXoG/?igshid=1952ed2mq76qo
 
. 
 
**CONTEXTO**

.


) No dia 26/fev/2020, Bolsonaro gravou e postou video convocando a população a manifestar nas ruas em 15 de março contra o Congresso Nacional (rumo a um golpe ditatorial). https://www.terra.com.br/noticias/brasil/bolsonaro-compartilha-video-que-convoca-ato-contra-congresso,a9ca484dc724332732158a232a8fd4a0aort0spa.html)

> Entendam a gravidade da situação com opinião de JORNALISTAS: https://open.spotify.com/episode/2c4jswsVd2u9yihN0qTgEp?si=NrN9Nf6SQ_yTIfBzfth48w
Foi noticiado que empresas do grupo Instituto Brasil 200 querem financiar esse golpe, impulsionando a campanha das manifestações contra o Congresso Nacional https://www1.folha.uol.com.br/colunas/monicabergamo/2020/02/empresario-bolsonarista-sugere-impulsionar-videos-com-ataques-ao-congresso.shtml

As seguintes empresas querem financiar o golpe (fonte: https://www.brasil200.com.br ) :


>Instituto Brasil 200 

>Beauty’in

>Bioritmo (rede de academias)

>BNZ

>Centauro Esportes

>Coco Bambu

>Galápagos Capital Gestora de Fundos

>Gocil

>Havan

>Instituto Eu Amo o Brasil

>Polishop

>Riahuelo

>Shark Tank Brasil (lista)[https://freesider.com.br/produtividade-e-gestao/empresarios-do-shark-tank-brasil/] inclui Chilli Beans e China In Box

>Smartfit
 

.


**OBJETIVOS DO BOICOTE**

1) Impedir que o Brasil caminhe para mais uma ditadura

2) Mostrar que somos uma democracia, que o poder emana do povo, e é isso que faremos: mostrar que com organização o poder vem de nós, e não ficaremos calados com tentativas de golpe nem do governo e nem das empresas privadas financiadoras do golpe

>3) ATENÇÃO: isto não é um movimento político partidário, não tem a intenção de mudar o padrão de vidas de vocês. Não se trata de briga de esquerda/direita. O Brasil está caminhando pra uma ditadura, e isso É SÉRIO. (parafraseando)[https://www.reddit.com/r/brasil/comments/fbw944/3_dia_boicote_nacional_empresas_que_querem/fj9udfc/] nosso amigo do Reddit: **O problema não é Bolsonaro em si, mas sim quem ele representa. E são essas pessoas representadas por ele que estão felizaças com o seu governo. Pessoas como empresários e cristãos ultraconservadores, por exemplo. E todos eles apoiam que o Bolsonaro dissolva o congresso e o STF. E isso é literalmente um golpe de Estado. E se olhar na história, grande parte das ditaduras começaram oficialmente no dia que o congresso foi dissolvido.**
 
 
 
**ESTRATÉGIAS DO BOICOTE (DISCUTIR ABAIXO)**

\*Lembrar do boicote **todos os dias** pelo menos até 15 de março de 2020

*Campanha no Twitter, Facebook e Instagram: \#BOICOTENACIONAL. DIGA NÃO À DITADURA. Vamos postar com o texto acima, nomes das empresas e espalhar

*""Eu já não consumia mesmo"". Excelente! Você pode ajudar espalhando a campanha para mais pessoas que ainda não aderiram

*Criar e postar materiais visuais do boicote: informações sucintas e práticas, links ou qr code das notícias comprobatórias do envolvimento dessas empresas

*Conscientizar a população sobre a história da Ditadura Militar do Brasil entre 1964 e 1985, para que não se repita

*Convencer os amigos a não comprarem produtos e serviços dessas empresas, nem na loja física nem pela internet

*Cancelar contratos com essas empresas e procurar outras que prestem o mesmo serviço

*Cancelar compras e faturas de cartão pendentes e devolver produtos já adquiridos

*Remover ações e investimentos do Mercado Financeiro no nome dessas empresas

*Encontrar e divulgar informações (COM FONTES VERÍDICAS) de outras que tentam financiar golpe, assim como de empresas subsidiárias (empresas que não estão na lista do Instituto Brasil 200, mas cuja renda vai pra essas empresas indiretamente)

>Divulgar a ideia do boicote para influencers. Precisamos de nomes que tenham força pra levar a ideia adiante

*Monitorar resultados do boicote (notícias relacionadas, números etc)

*Discutir mais ideias de estratégia do boicote
 
.

**ADENDOS**

.


*Este post diário do Reddit está sendo feio por uma pessoa, sem ajuda de ninguém. Sempre dá pra melhorar. Se a gente esperar ficar pronto pra começar algo, a gente não vai começar nunca. Ninguém tá pronto. Somos uma eterna versão Beta. Eu entendo as críticas de alguns de vocês, de que isto está surtindo pouco efeito. A ideia está aí, e com uma pessoa só fazendo não vai muito longe. Por isso, a ideia precisa de apoio. Criticar E FAZER.

*Sobre a [notícia](https://www1.folha.uol.com.br/colunas/painelsa/2020/03/grupo-de-empresarios-diz-que-nao-vai-a-ato-contra-congresso.shtml) de que o Instituto Brasil 200 ""deu atrás"" e não vai nas manifestações de 15 de março: PALAVRAS não são atitudes. Se o grupo disser que não vai fazer e mesmo assim fizer, corremos o risco de abandonar um movimento contra uma ditadura no Brasil. A partir do momento que se pronunciaram, o estrago já foi feito, o discurso pró-golpe do Presidente foi ainda mais disseminado, fomentaram a população a derrubar o Legislativo Federal (esse foi o início do AI5), a ideologia fascista foi marcada. As marcas que disseram financiar as manifestações já estão com seus nomes manchados, e não será uma matéria de jornal que os fará sair impune; a notícia da Folha diz que outras empresas VÃO CONTINUAR dando apoio à manifestação para derrubar o Congresso.

*A [Mattel](https://exame.abril.com.br/marketing/colecao-barbie-a-la-garconne-da-riachuelo-valoriza-diversidade/) e a [Disney](https://www.disneydenovo.com/disney-riachuelo-mickey-minnie/) estão com parcerias com a Riachuello. Buscar todos os meios necessários para informar Mattel, Disney e seus clientes sobre apoio à ditadura promovido pela Riachuello.
 
*Se você é ou conhece endorser dessas marcas (artistas, influencers etc), conscientizar e convencer a tirar o endorse dessas empresas e procurar outras (alguns nomes: Sabrina Sato, Maisa Silva, Rita Carreira, Paola Antonini, Paloma Barbiezinha, Izabelle Marques e Alexandre Herchcovitch)

*As [Lojas Americanas](https://images-americanas.b2w.io/spacey/2020/01/29/83984837_172399720772494_6504780608911179776_n.png) têm produtos em parceria com a Centauro. Precisam ser boicotados e a marca precisa ser pressionada
 
*A Centauro comprou a [Nike](https://www.em.com.br/app/noticia/economia/2020/02/07/internas_economia,1120073/centauro-compra-nike-no-brasil-por-r-900-milhoes.shtml) no Brasil em fevereiro

>A ameaça de fechar o Congresso é grave, não adianta ""voltarem atrás"" e dar uma de João sem braço. (Não foi aberto processo de impeachment, ninguém foi cassado, ninguém foi preso)[https://www1.folha.uol.com.br/poder/2020/02/e-cedo-para-apontar-crime-de-responsabilidade-a-bolsonaro-diz-chefe-do-ministerio-publico-de-sp.shtml]. Nenhum ministro golpista caiu. Rodrigo Maia reiterou seu compromisso com a aprovação das reformas. **Se elas gerarem bons resultados econômicos, Bolsonaro vai dizer que o Congresso só trabalhou sob ameaça de golpe.** (parafraseando)[https://www.reddit.com/r/brasil/comments/fcegrg/4_dia_boicotenacional_empresas_que_querem/fjabxf0?utm_medium=android_app&utm_source=share] Mesmo aquele que apoiar esse tipo de iniciativa de teste das instituições para a produção de resultados que aprove (reformas) precisa ter em mente que o possível êxito dessa estratégia vai marcar a política pro futuro. Imagine se reformas de esquerda (digamos que algo como o Chile está fazendo recentemente) sejam feitas na base da ameaça. Não é bom pro jogo democrático. 

.


Links antigos do reddit:

Dia 1: https://www.reddit.com/r/brasil/comments/fav6yr/vamos_organizar_um_boicote_nacional_aos/?utm_medium=android_app&utm_source=share

Dia 2: https://www.reddit.com/r/brasil/comments/fbbrbh/2_dia_boicote_nacional_empresas_que_querem/?utm_medium=android_app&utm_source=share

Dia 3: https://www.reddit.com/r/brasil/comments/fbw944/3_dia_boicote_nacional_empresas_que_querem/?utm_medium=android_app&utm_source=share

Dia 4: https://www.reddit.com/r/brasil/comments/fcegrg/4_dia_boicotenacional_empresas_que_querem/

Dia 5: hoje"
nike,Brazil,Aí você me quebra: 
nike,Brazil,PERU: Protestos contra a presidente golpista Dina Boluarte terminam em cenário de guerra 
nike,Brazil,"A convocação do Neymar. https://www.cnnbrasil.com.br/esportes/convocado-por-diniz-neymar-pode-passar-pele-como-maior-artilheiro-da-selecao/

Não é possível que a Seleção precise do Neymar. Por que ele foi convocado? Será que ele chega de muletas na Copa?"
nike,Brazil,"Para quem frequentava academia com regularidade antes da pandemia: como vocês estão se exercitando? Ou não estão? Eu ia todo dia para a academia antes da pandemia, fazia isso há anos, eu nado (e sinto uma baita falta). Tenho usado jogos de videogames para me exercitar. Comecei com o Wii Active, mas cansei, aí passei pro Nike+ no Xbox, é bom, dá para suar, tem uma rotina variada, mas não é o mesmo que uma academia e, por mais variado que seja, cansa.  


E vocês? Tem se exercitado em casa? Tem saído para correr na rua? Deixaram para lá?"
nike,Brazil,Tava lendo uns gibis novos da turma da Monica e vi que o Papa capim agora usa roupa. O que vcs acham sobre isso? Certo ou exagero do politicamente correto? 
nike,Brazil,"[4° dia] \#BOICOTENACIONAL: empresas que querem financiar o golpe contra o Congresso e a democracia **ATUALIZAÇÕES DE ONTEM PRA HOJE ABAIXO EM FORMATO CITAÇÃO**

Imagem ""Golpe em Progresso"" na bandeira**: https://www.instagram.com/p/B9H6BdanXoG/?igshid=1952ed2mq76qo
 
. 
 
**CONTEXTO**

.


) No dia 26/fev/2020, Bolsonaro gravou e postou video convocando a população a manifestar nas ruas em 15 de março contra o Congresso Nacional (rumo a um golpe ditatorial). https://www.terra.com.br/noticias/brasil/bolsonaro-compartilha-video-que-convoca-ato-contra-congresso,a9ca484dc724332732158a232a8fd4a0aort0spa.html)

Foi noticiado que empresas do grupo Instituto Brasil 200 querem financiar esse golpe, impulsionando a campanha das manifestações contra o Congresso Nacional https://www1.folha.uol.com.br/colunas/monicabergamo/2020/02/empresario-bolsonarista-sugere-impulsionar-videos-com-ataques-ao-congresso.shtml

As seguintes empresas querem financiar o golpe (fonte: https://www.brasil200.com.br/ ) :
 


>Beauty’in

>Bioritmo (rede de academias)

>BNZ

>Centauro Esportes

>Coco Bambu

>Galápagos Capital Gestora de Fundos

>Gocil

>Havan

>Instituto Eu Amo o Brasil

>Polishop

>Riahuelo

>Shark Tank Brasil

>Smartfit

>Instituto Brasil 200
 
 
.

 
**OBJETIVOS DO BOICOTE**

1) Impedir que o Brasil caminhe para mais uma ditadura

2) Mostrar que somos uma democracia, que o poder emana do povo, e é isso que faremos: mostrar que com organização o poder vem de nós, e não ficaremos calados com tentativas de golpe nem do governo e nem das empresas privadas financiadoras do golpe

>3) ATENÇÃO: isto não é um movimento político partidário, não tem a intenção de mudar o padrão de vidas de vocês. Não se trata de briga de esquerda/direita. O Brasil está caminhando pra uma ditadura, e isso É SÉRIO. (parafraseando)[https://www.reddit.com/r/brasil/comments/fbw944/3_dia_boicote_nacional_empresas_que_querem/fj9udfc/] nosso amigo do Reddit: **O problema não é Bolsonaro em si, mas sim quem ele representa. E são essas pessoas representadas por ele que estão felizaças com o seu governo. Pessoas como empresários e cristãos ultraconservadores, por exemplo. E todos eles apoiam que o Bolsonaro dissolva o congresso e o STF. E isso é literalmente um golpe de Estado. E se olhar na história, grande parte das ditaduras começaram oficialmente no dia que o congresso foi dissolvido.**
 
 
 
**ESTRATÉGIAS DO BOICOTE (DISCUTIR ABAIXO)**

\*Lembrar do boicote **todos os dias** pelo menos até 15 de março de 2020

*Campanha no Twitter, Facebook e Instagram: \#BOICOTENACIONAL. DIGA NÃO À DITADURA. Vamos postar com o texto acima, nomes das empresas e espalhar

*""Eu já não consumia mesmo"". Excelente! Você pode ajudar espalhando a campanha para mais pessoas que ainda não aderiram

*Criar e postar materiais visuais do boicote: informações sucintas e práticas, links ou qr code das notícias comprobatórias do envolvimento dessas empresas

*Conscientizar a população sobre a história da Ditadura Militar do Brasil entre 1964 e 1985, para que não se repita

*Convencer os amigos a não comprarem produtos e serviços dessas empresas, nem na loja física nem pela internet

*Cancelar contratos com essas empresas e procurar outras que prestem o mesmo serviço

*Cancelar compras e faturas de cartão pendentes e devolver produtos já adquiridos

*Remover ações e investimentos do Mercado Financeiro no nome dessas empresas

*Encontrar e divulgar informações (COM FONTES VERÍDICAS) de outras que tentam financiar golpe, assim como de empresas subsidiárias (empresas que não estão na lista do Instituto Brasil 200, mas cuja renda vai pra essas empresas indiretamente)

*Monitorar resultados do boicote (notícias relacionadas, números etc)

*Discutir mais ideias de estratégia do boicote
 
.

**ADENDOS**

.
>Este post diário do Reddit está sendo feio por uma pessoa, sem ajuda de ninguém. Sempre dá pra melhorar. Se a gente esperar ficar pronto pra começar algo, a gente não vai começar nunca. Ninguém tá pronto. Somos uma eterna versão Beta. Eu entendo as críticas de alguns de vocês, de que isto está surtindo pouco efeito. A ideia está aí, e com uma pessoa só fazendo não vai muito longe. Por isso, a ideia precisa de apoio. Criticar E FAZER.

>Sobre a [notícia](https://www1.folha.uol.com.br/colunas/painelsa/2020/03/grupo-de-empresarios-diz-que-nao-vai-a-ato-contra-congresso.shtml) de que o Instituto Brasil 200 ""deu atrás"" e não vai nas manifestações de 15 de março: PALAVRAS não são atitudes. Se o grupo disser que não vai fazer e mesmo assim fizer, corremos o risco de abandonar um movimento contra uma ditadura no Brasil. A partir do momento que se pronunciaram, o estrago já foi feito, o discurso pró-golpe do Presidente foi ainda mais disseminado, fomentaram a população a derrubar o Legislativo Federal (esse foi o início do AI5), a ideologia fascista foi marcada. As marcas que disseram financiar as manifestações já estão com seus nomes manchados, e não será uma matéria de jornal que os fará sair impune; a notícia da Folha diz que outras empresas VÂO CONTINUAR dando apoio à manifestação para derrubar o Congresso.



>A [Mattel](https://exame.abril.com.br/marketing/colecao-barbie-a-la-garconne-da-riachuelo-valoriza-diversidade/) e a [Disney](https://www.disneydenovo.com/disney-riachuelo-mickey-minnie/) estão com parcerias com a Riachuello. Buscar todos os meios necessários para informar Mattel, Disney e seus clientes sobre apoio à ditadura promovido pela Riachuello.
 
 
> Se você é ou conhece endorser dessas marcas (artistas, influencers etc), conscientizar e convencer a tirar o endorse dessas empresas e procurar outras (alguns nomes: Sabrina Sato, Maisa Silva, Rita Carreira, Paola Antonini, Paloma Barbiezinha, Izabelle Marques e Alexandre Herchcovitch)

>As [Lojas Americanas](https://images-americanas.b2w.io/spacey/2020/01/29/83984837_172399720772494_6504780608911179776_n.png) têm produtos em parceria com a Centauro. Precisam ser boicotados e a marca precisa ser pressionada
 
  
>A Centuro comprou a [Nike](https://www.em.com.br/app/noticia/economia/2020/02/07/internas_economia,1120073/centauro-compra-nike-no-brasil-por-r-900-milhoes.shtml) no Brasil em fevereiro
 
 
 
Links antigos do reddit:

Dia 1: https://www.reddit.com/r/brasil/comments/fav6yr/vamos_organizar_um_boicote_nacional_aos/?utm_medium=android_app&utm_source=share

Dia 2: https://www.reddit.com/r/brasil/comments/fbbrbh/2_dia_boicote_nacional_empresas_que_querem/?utm_medium=android_app&utm_source=share

Dia 3: https://www.reddit.com/r/brasil/comments/fbw944/3_dia_boicote_nacional_empresas_que_querem/?utm_medium=android_app&utm_source=share

Dia 4: hoje"
nike,Brazil,"Camisetas/Shorts tipo Dri-Fit só que mais baratas? Recentemente comecei a ser mais ativo e minhas camisetas/shorts que são todas de algodão ficavam ensopadas toda vez. Resolvi comprar uma camiseta própria pra isso, e encontrei uma da Nike em promoção, o preço ainda era salgado mas resolvi dar uma chance, e amei.

Sei que existem de outras marcas famosas, mas queria saber de uma que não seja mainstream mas que ainda tenha qualidade (e que seja fácil da lavar, sem frescurada)"
nike,Brazil,Copa América: Fase de grupos termina com mais casos de Covid-19 do que gols 
nike,Brazil,"Alguém poderia me recomendar um tênis pra musculação? Oi, galera do Brasiiilll!

Comecei a malhar esse ano e é muito top. Tô bem feliz mas preciso de um calçado novo.

Faço treino de força, e tenho esse [tênis](https://www.netshoes.com.br/tenis-fila-athlon-feminino-preto+rosa-2FU-0221-234?campaign=gglepqpla&gad_source=1&gclid=CjwKCAiAg9urBhB_EiwAgw88mTBox3o_sZLTcv4uwTAYOBWZ73Ac04i38G0NvvP9UTschanElKWPvRoC4RoQAvD_BwE&gclsrc=aw.ds), mas ele é meio desconfortável pra agachamentos, acho que por causa do ""salto"". Também tenho um outro tênis mas ele tá bem velho e esburacado (até senti dor hoje fazendo panturrilha).

Pra musculação o melhor é um tênis mais achatado, certo? Eu queria muito esse [aqui](https://www.nike.com.br/tenis-nike-zoom-bella-6-feminino-025183.html?cor=3X), mas ele é muito caro pra mim. Alguém sabe de outra opção mais em conta?

Muito obrigada ♥️"
nike,Brazil,"Marcas de camisas com identidade? Alguém indica marcas de camisas com identidade diferentona? Eu descobri a bolovo e a desgosto esse fim de semana e gostei muito desse tipo de estilo, alguém me fala algumas outras parecidas? Podem falar qualquer uma que não seja tipo a reserva / nike / colcci, só quero conhecer mesmo."
nike,Brazil,"[Dúvida] Vizinho indo à justiça. Meus caros, moro em uma república com outros seis amigos. Uma vez ou outra fazemos festa em casa e passamos do limite semana passada.
Não fosse a festa ter ocorrido no meio da semana e durado toda madrugada, tivemos um incidente de uma foda em que os gemidos da garota ultrapassavam os limites do porno gritado.

Agora, o vizinho veio me falar que seremos convocados judicialmente. Algum irmão já passou por isso e/ou sabe os riscos que corremos? 

Grato!

[EDIT]
Meus caros, quero tentar esclarecer algumas coisas. Primeiro lugar, sei que estamos errados. Disse no post que é uma vez ou outra, não todo final de semana, nem todo mês. Me expressei mal quando falei do pau toration de sexta, sab e dom. Quando fazemos festa fazemos nesses dias,  não sempre. Essa última foi muito errada, o som tava alto e com um monte de galera da faculdade jogando beerpong e gritando.



E sobre a maconha, fumamos dentro de casa. Assim como se alguém fumasse um tabaco. Eventualmente é certo que ele sente o cheiro.

Entendi a proporção que pode ganhar. Valeu pelas respostas, conselhos e por todos desejos de que eu me fod@."
nike,Brazil,Olimpíadas: Bruno Fratus critica CBF e atletas do futebol masculino por descumprirem obrigação contratual: 'Alienados' 
nike,Brazil,"Na copa do mundo Brasil tem a chance de ganhar, com o time que tem ? Eu acredito que vamos perder essa copa, pelo que estava vendo, até a Argentina está bem mais preparada."
nike,Brazil,Descoberto um novo fetiche 
nike,Brazil,"Marcas de roupa masculina Salve galera!

To procurando indicações de algumas marcas boas de bermudas de moletom e calças de sarja que tenham um bom custo benefício. Geralmente compro roupas da Adidas/Nike e etc, mas ultimamente o preço tá impraticável. Tentei procurar algumas marcas menores que tenham algumas opções além de só peça lisa, mas não sei direito onde procurar, se alguém souber, meu bolso agradece!

Não sei se aceitam esse tipo de post aqui, mas, na falta de um lugar melhor, não custa tentar Hahahahahah"
nike,Brazil,Maldito Lula destruidor da economia pipipi popopó 
nike,Brazil,Velório do Pelé: Neto cita cachê e critica falta de Tite e campeões 
nike,Brazil,Brasil em JusticeServed 
nike,Brazil,"O Air Jordan perdeu a patente ou coisa parecida ou as lojas de calçado da minha cidade é que são cara de pau mesmo? De repente aqui na minha cidade começou a pipocar um monte de gente na rua usando Jordan, principalmente criança e adolescente. Na minha academia tem pelos menos uma cinco pessoas que usam pra treinar. Sei que esse povo de repente não decidiu pagar mil conto num par de tênis mas também não devem ter pegado de camelô. 

Ai eu passo em frente a duas sapatarias vizinhas que ficam aqui no centro e vejo um monte de Jordan no expositor por cento e poucos reais... Loja regulamentada com cnpj bonitinho e tudo vendendo réplica de tênis da Nike WTF KKKKKKKKKKKKK"
nike,Brazil,"Como tiro essa mancha do meu tênis de couro branco? Passei um pano verde com álcool pra tirar uma manchinha e caguei tudo o tênis, será que da pra tirar? Tentei com água, detergente, nada funcionou"
nike,Brazil,"Loja de roupas para obesos Boa tarde!  
Gostaria de algumas recomendações de lojas online que possuam camisetas para gordos/obesos, de preferência com estampas nerds.  
Sou do interior de SP, já comprei pela Chico Rei, mas o maior tamanho não serviu, e pela Doppel, que serviram mas possui poucos modelos.

Agradeço a atenção!"
nike,Brazil,"Essa logo ""Air Jordan"" que a nike vai colocar na camisa da seleção é um escarnio, e aceitar isso é puro viralatismo. Não me incomodo com a cor, mas essa merda dessa logo na camisa pqp, pra começar que é um ex atleta AMERICANO e que jogava BASQUETE, o que isso tem a ver com o Brasil e com futebol ? se lançarem assim mesmo espero q ninguém compre.

  
Colocassem a silhueta do Pelé, [essa](https://agenciauva.net/wp-content/uploads/2020/10/pele-soco-no-ar-blog-dna-santastico-1.jpg?w=328) ou [essa](https://www.infomoney.com.br/wp-content/uploads/2022/12/Pele.jpg?fit=1280%2C844&quality=50&strip=all).

"
nike,Brazil,"Nike revela as novas camisas do PSG, Atlético, Chelsea e Inter com lendas do clube: 🇫🇷 Ronaldinho pelo PSG 🇪🇸 Fernando Torres pelo Atlético 🏴󠁧󠁢󠁥󠁮󠁧󠁿 Didier Drogba para o Chelsea 🇧🇷 Ronaldo pelo Inter "
nike,Brazil,"""Camisas falsificadas geram prejuízos bilionários"". Talvez cobrar R$700 por uma camisa de jogador não ajude isso a mudar, dona Nike "
nike,Brazil,"Já como presidente da CBF, Xaud mandou Nike parar produção da camisa vermelha da seleção "
nike,Brazil,"Pelo amor de Deus Nike,esse uniforme eu faço naquele criador de quarta camisa no PES,ta pior que a do Tottenham que foi vazada "
nike,Brazil,esse comercial da Nike é muito nostálgico. 
nike,Brazil,"Após sondagens, CBF recusa 1ª oferta e pede alto para renovar com Nike "
nike,Brazil,A propaganda sensacional que a Nike fez pra camisa nova da Seleção Nike Futebol apresenta: Veste a Garra
nike,Brazil,Queria ser executivo da Nike 😔 
nike,Brazil,"Nike prepara uma camisa retrô, com um desenho que remete à camisa usada na Copa de 70, e outra mais futurista, azul e assinada pela Jordan, para a seleção em 2026 "
nike,Brazil,"Confirmada para o dia 21/06, a reedição da camisa do Brasil de 1998 custará R$799,99/R$899,99 no aplicativo da Nike. "
nike,Brazil,"A Nike estava correta em romper com o Neymar. Depois que rolou a treta com a Najila eu achei que a Nike tomou um posicionamento exagerado ao romper com o Neymar, afinal, ele foi inocente nessa história, e até uma possível vítima, se formos considerar que a mulher era uma doida varrida. 

Porém, após esses anos, mudei de ideia e agora acho que a Nike foi certeira na decisão. O Neymar só tem polêmicas atreladas ao nome dele. Não é um esportista respeitável, não é uma pessoa pública decente, não é um um cara que representa os valores da Nike, na minha visão. 

Após a polêmica dessa semana, tudo se comprovou. O Neymar se mostra cada vez mais um paspalho e não merece respeito nenhum. Nem o futebol dele hoje em dia é grande coisa."
nike,Brazil,"A morte gradual que a Nike fez com a camisa da Seleção Não sei o que mais horrível, o futebol da Seleção do Dorival ou essa porcaria de camisa que a nike fez.  


https://preview.redd.it/scw98bcwh4bd1.png?width=600&format=png&auto=webp&s=cfddabfc2e08af3e8b40501eb4a2a797e5c156df

https://preview.redd.it/hlfx3y3xh4bd1.png?width=500&format=png&auto=webp&s=dbd5dd38e4dfeee58cad42364494ea8b7078e5d7

https://preview.redd.it/2aie2ttxh4bd1.png?width=1280&format=png&auto=webp&s=52156e7540061efc9dc7b05254f137cfd1e1e56d

https://preview.redd.it/hr8n5hoyh4bd1.png?width=620&format=png&auto=webp&s=d7ba9fad257c393e1a599f435ca1ce779db65f0d



"
nike,Brazil,Corinthians receberá adiantamento de R$ 100 milhões da Nike para reforços 
nike,Brazil,"Nova camisa III do Chelsea pra temporada 25/26 inspirada no estilo Total 90, da Nike Deve ser cara"
nike,Brazil,"Uma verdade?Adidas e Nike estão 85% das vezes cagando em suas roupas A Adidas e Nike tão cagando pros times das prateleiras menores de suas pirâmides,a Adidas vem fazendo umas merdas colossais com os times sul americanos,e com os times de escala A tendo muitos autos e baixos,a Nike sempre traz um modelo pra todos os times que sempre vem pobres de detalhes,e fazendo umas cagadas colossais nas seleções,claro que tem excessões,mas sempre sendo isso,já a puma sempre lança uma ou outra camisa top,e depois lança camisas básicas das básicas,é a menos bostileira das 3"
nike,Brazil,"Após terrorismo no DF, CBF vai conversar com a Nike sobre camisa da seleção. "
nike,Brazil,"Não faz mais sentido comprar camisas originais. Seguinte rapaziada, tenho uma coleção bem grande de camisetas de fut, curto muito, principalmente as retrô e de times menores e/ou alternativos. Antigamente ainda dava pra achar as antigas em brechós, físicos e online, por uns preços bacanas, ou esperar um time lançar a camisa nova e a da temporada passada ficar uns 50% mais barata. Mas de uns anos pra cá tá impossível, preços completamente fora da realidade, inclusive pro padrão europeu. Porra olha essa foto, 900 conto numa camisa? Quando que isso virou item de luxo? Qualquer time de série B, C com camisa a 350 conto. Fora a queda de qualidade visível, caiu um ESCUDO de uma camisa original versão jogador minha com menos de 2 anos. Enfim, sei que gente que coleciona, que nem eu, tende a preferir as originais, ou quem realmente quer apoiar o time e comprar original sempre, mas simplesmente não dá mais, De um tempo pra cá acho que uns 30-40% da minha coleção é só de tailandesas. "
nike,Brazil,"Nike faz proposta para renovar com o Corinthians; contrato pode chegar a R$ 1,3 bilhão até 2036 "
nike,Brazil,"EXCLUSIVE: Nike to Introduce Revolutionary Pink Nigeria 2026 World Cup Away Kit? De acordo com a Footy Headlines, há chances consideráveis do uniforme visitante da Nigéria ser rosa."
nike,Brazil,"é só eu ou está demorando de fato pra Nike lançar as camisas do Barcelona da temporada no site? Estou esperando faz um mês quase e nada deles lançarem já. Lançaram todas as outras, menos a do Barça "
nike,Brazil,"Nike proíbe nomes como 'Exu' e 'Ogum' da camisa da seleção, mas libera 'Cristo' | O TEMPO "
nike,Brazil,Vai chegar quando as camisas novas da Nike pra temporada 2025-26? Tô esperando faz tempo chegarem e até agora nada 
nike,Brazil,"A Nike anunciou por alguns momentos a camisa da França com 3 estrelas, já em referência ao terceiro título da copa, mas logo apagou "
nike,Brazil,"CBF renova contrato com a Nike até 2038; empresa vai pagar 100 milhões de dólares fixos, além de valores variáveis, no maior contrato da história da Confederação Brasileira de Futebol  "
nike,Brazil,"Inspirado pelo novo uniforme do Norwich, fiz um esboço (porcamente) do que a Nike está desperdiçando com a seleção brasileira  "
nike,Brazil,"O veículo de esportes FootyHeadlines divulgou um vazamento de que a Nike está preparando uma chuteira pra Vinicius JR. em homenagem ao Ballon d'Or O veículo é conhecido por vazamentos ligados à camisas de futebol e chuteiras de alta credibilidade.

Mais informações em: https://www.footyheadlines.com/2024/09/nike-release-ballon-dor-for-vinicius-jr.html"
nike,Brazil,Nike prepara proposta 'à altura do Corinthians' e deve permanecer no clube 
nike,Brazil,"Corinthians acerta renovação com a Nike por mais dez anos > Timão vai receber R$ 59 milhões por temporada em novo acordo com a empresa; valor pode atingir até R$ 1,3 bilhão somando prêmios e outros ganhos variáveis."
nike,Brazil,"Você é um designer da Nike. Que referências positivas do Brasil você usaria para desenhar os uniformes da nossa seleção? Pessoal, com base nos comentários do post recente sobre os novos uniformes da seleção, gostaria de saber de vocês, quais referências culturais/naturais legais sobre o nosso país vocês consideram que poderiam ser representadas nos uniformes da nossa seleção? Não importa se a referência é batida ou não, a ideia é apenas ter uma perspectiva de opiniões diversas, já que temos gente do tudo que é canto aqui no sub. Valeu!"
nike,Brazil,Nike JOGA BONITO!  
nike,Brazil,John Textor explica uso de boné azul do Botafogo com símbolo da Nike e diz que pediu ‘autorização’ do clube: ‘Eu mesmo mandei fazer’ 
nike,Brazil,Atlético trocará Adidas por Nike; saiba quando e outros detalhes Galo mudará de fornecedora de material esportivo nas próximas temporadas. Cortina de fumaça?
nike,Brazil,CBF acerta com Nike 'maior acordo do mundo' que pode chegar a R$ 1 bilhão 
nike,Brazil,Hoje em dia só sobrou o Corinthians de Nike no Brasil (Imagem de 2014) 
nike,Brazil,Todas as camisas da Nike para a Copa do Mundo (1/2 por que bateu o limite de imagens) 
nike,Brazil,É impressionante como os chineses conseguem fazer camisas mais bonitas do que a Nike por um quarto do preço. 
nike,Brazil,"CBF avança por renovação com Nike e prevê maior contrato entre seleções Nike avançaram para renovar o contrato de patrocínio da seleção brasileira. A tendência é por um acordo que pelo menos triplique o valor atual ganho pela confederação considerando todos os ativos.

O atual acordo entre CBF e Nike vai até 2026 e tem uma remuneração anual de US$ 35 milhões (R$ 199 milhões)."
nike,Brazil,"A pior contratação de cada clube do G12 Palmeiras - Wesley

Corinthians - Alexandre Pato

Santos - Leandro Damião 

São paulo - Daniel Alves

Fluminense - Ronaldinho

Flamengo - Conca

Vasco - Bruno César 

Botafogo - Honda

Athletico Pr - Adriano

Cruzeiro - Rivaldo

Atlético Mg - Diego Souza

Grêmio - Douglas Costa

Internacional - Fabrício "
nike,Brazil,Algumas camisas lançadas pela Nike em 2021 
nike,Brazil,"⚠️ Segundo o jornal @WSJ, de Nova Iorque, a Nike rompeu com Neymar após uma funcionária ter o acusado de tentar forçá-la a fazer sexo oral. A Nike abriu investigação, e Neymar não teria colaborado, fazendo com que a empresa rompesse o contrato. Neymar nega todas as acusações. "
nike,Brazil,"Novo uniforme principal do Corinthians. Achei muito legal o que a Nike fez com o design da camisa, em referência à situação atual do clube, quebrado. "
nike,Brazil,"Nike e Corinthians. Aos Corintianos do grupo, já que falar de futebol está difícil kkkkkkk, e já que o pessoal está falando de camisetas no grupo, o que vcs acham das camisas da nike no corinthians? Até aonde eu sei o contrato vai até 2028 e é o terceiro mais longevo da empresa, o primeiro é o da seleção brasileira -1997- o segundo é o do Barcelona - 1999 - e o terceiro é o do Corinthians 2003."
nike,Brazil,"adidas assumirá o lugar da Nike no fornecimento de material esportivo do Liverpool O Liverpool terá um novo fornecedor de material esportivo na temporada 2025/2026. De acordo com o SportBusiness, a adidas assumirá o lugar ocupado atualmente pela Nike.

Segundo a publicação, a marca alemã foi a vencedora do processo de licitação ocorrido recentemente e fechou um acordo de cinco temporadas com os Reds, válido até 2029/2030.

Sem valores oficialmente divulgados, sabe-se apenas que a Nike paga ao Liverpool cerca de £ 30 milhões por temporada, um valor relativamente baixo quando comparado aos grandes da Premier League. O SportBusiness afirma que o novo acordo deve superar os £ 50 milhões, ainda bem abaixo dos 90 milhões que a mesma adidas investe para figurar no uniforme do Manchester United.

Vale lembrar que, atualmente, Trent Alexander-Arnold, lateral da seleção inglesa e do Liverpool, é um dos grandes nomes do portfólio da adidas no futebol."
nike,Brazil,"Eu acho a Nike muito sem graça Na copa notei quantas seleções eram patrocinados pela Nike, e sei lá, para mim não rola. Eu lembro quando a seleção foi a primeira a fechar com eles, e na época era super novo e diferente. Mas agora parece meio carne de vaca... Meio nada a ver a Inglaterra, por exemplo, com uniforme da Nike. Da mesma forma, o Liverpool com a New balance era bem mais legal.

Vocês têm essa Inhaca de algumas marcas?"
nike,Brazil,Relembrando a propaganda que a Nike fez pra Copa de 1998 
nike,Brazil,"Presidente da CBF revela reunião para vetar camisa vermelha da Seleção: “Pedi para parar a produção” >Na ocasião, a fornecedora de material esportivo da Seleção já havia começado a produção das camisas vermelhas com detalhes em preto, que seriam o uniforme número 2 do Brasil na Copa do Mundo de 2026, em substituição ao azul. A mudança havia sido aprovada pelo então presidente da CBF, Ednaldo Rodrigues, mas Xaud decidiu manter as cores atuais das camisas.

>— *Foi um assunto delicado. Vou fazer até um parêntese. Muita gente levou para o lado político. Eu levei para o lado do Brasil, das cores da bandeira do Brasil. Azul, amarelo, verde e branco são cores das nossas bandeiras e são as cores que têm que ser seguidas. Eu fui contra a camisa vermelha, não por questão política. Realmente estava em produção. Fiz uma reunião urgente com a Nike, pedi que parasse a produção.*"
nike,Brazil,"Qual a pior fornecedora q já passou pelo seu time? Champs 2009, preciso falar mais alguma coisa?"
nike,Brazil,Nova propaganda da Nike Football para a Copa do Mundo 
nike,Brazil,"[OC] (extra) A Nike e a CBF não aprenderam ainda como fazer camisa para a seleção nessa ""nova era""... (Alerta de TEDTalk nos comentários, você foi avisado) "
nike,Brazil,"Vini Jr. tatua nas costas INTEIRA os ídolos negros dele Canto Superior: pai do Vini Jr, o Vinicius. E na direita, Pelé.
No meio: Kobe Bryant
Canto Inferior: Muhammad Ali e Michael Jordan.

A tatuagem inteira demorou 8 horas para ser feita."
nike,Brazil,"RB Leipzig e RB Salzburg deixarão a Nike e serão patrocinados pela PUMA a partir da próxima temporada. O RB Bragantino não tem contrato assinado, mas deve realizar a transição para a Puma a partir de janeiro de 2025. "
nike,Brazil,[OC] Dia 12 fazendo os uniformes da galera: Santos+Nike e Bahia+Puma 
nike,Brazil,"Compra de Camisas de Temporadas Anteriores - Nike Pessoal, tudo bem?

&#x200B;

Sou corintiano e, em 2022, gostei muito do modelo da terceira camisa do Corinthians - aquela com escritos em japonês, em homenagem ao mundial de 2012.

&#x200B;

Na época estava curto de grana e não comprei, e sempre que olhava as tamanho G estavam esgotadas. Hoje, quero comprar aquele modelo, porém no site da Nike não tem mais modelo G, nem de torcedor nem de jogador.   


Não acho muitas opções em Olx/Mercado Livre/Enjoei. As poucas que achei, são paralelas - e eu gostaria de uma original, para durar por uns bons anos/décadas.  


Quais as formas mais efetivas para conseguir comprar camisas de anos anteriores, originais? Existem lojas especializadas onde consigo encontrar? Nas lojas das torcidas (como a ""Poderoso Timão"") se encontra? Consigo encomendar com o fabricante (nike)?  


Muito obrigado desde já! :) "
nike,Brazil,Propaganda antiga da Nike com R9 
nike,Brazil,Nike Futbol Commercial - The Robbery umm dos melhores comerciais da historia? 
nike,Brazil,"'Exu' e 'Jesus': após polêmica, Nike faz acordo com MPF e veta nomes religiosos em camisa da seleção - BBC News Brasil "
nike,Brazil,"Porque a Nike só fornece material esportivo pro Corinthians? Antigamente, eles atuavam em outros clubes no cenário nacional."
nike,Brazil,"Seleção Brasileira usa Nike no pódio e gera atrito com o COB, patrocinado pela Peak "
nike,Brazil,Nike lança nova camisa titular do Chelsea para a temporada 2023-2024 https://www.instagram.com/p/CuhHN4nOhCc/?igshid=YmM0MjE2YWMzOA==
nike,Brazil,"Além da tradição nossa, já existens muitas camisas vermelhas no futebol. A seleção brasileira não pode ter uma camisa comum! Somos penta nesse caraio (camisas da euro 2024) Já passou da hora da soberba e arrogância voltar na seleção brasileira, que papo é esse de mudar as cores da SEGUNDA camisa do Brasil? É muita falta de dignidade da CBF

O que não falta nas seleções são camisas vermelhas de seleções, o Brasil não pode ser só mais um! Somos o diferencial.

Se fosse uma camisa de treino, pré jogo tranquilo, mas entrar em campo assim? Ahh Nike me esquece, Vou Trabalhar No Cruzeiro "
nike,Brazil,Todas as camisa da Nike para a Copa do Mundo (2/2) 
nike,Brazil,Times brasileiros patrocinados pela Nike e Adidas. Qual é o melhor fornecedor de material esportivo atualmente? 
nike,Brazil,Novo comercial da Nike 
nike,Brazil,"Vou te dizer, a galoucura fez melhor do que muito uniforme da nike nessas camisas comemorativas da T.O... "
nike,Brazil,Qual era o nome do seu time no interclasse? 
nike,Brazil,A notícia antigona mas eu não lembro de ver muita repercussão na época: o Felipão se hospedava na casa do então executivo da Nike e compartilhava infos de convocação com ele antes de oficializar. 
nike,Brazil,Contra-capa do meu álbum de figurinhas do Brasileirão 2007: Titulares Nike 
nike,Brazil,E se a Nike fizesse as camisas do Fortaleza? 
nike,Brazil,COMO DIMINUIR A FONTE 
nike,Brazil,Saudades dessa época de interclasse O nome mais meia boca desses aí é o Chelsea mesmo. O resto é based demais 
nike,Brazil,Comercial da Nike (FC Barcelona 2009) 
nike,Brazil,E se as camisas do Flamengo ainda fossem feitas pela Nike? 
nike,Brazil,"Onde voces constumam comprar chuteiras de primeira linha Nike de futsal/tf? Por exemplo as Mercuriais Elite ou Pro, e ha algum tempo atras, as versoes finale da Magista e da Tiempo.
Eu nunca acho esses modelos no site da Nike, só as versoes Club e Academy. 
Tem alguma loja fisica especifica, outlet, site, etc?"
nike,Brazil,A Nike é fod*! 
nike,Japan,"Went YOLO and spent a fortune on 2000 yen gachas So after living here in Japan for around 3+ years I finally gave in to my desire and did a YOLO moment and decided to spend my money on those real life gachas that gives away gaming consoles like switch or ps5 as major prizes. Heres what happened:

This huge gacha machine gives these capsules containing tickets with letters inside if you put 2000 yen. Decided to give it a try. Got a capsule with 2 Z tickets as expected.

For context, these are the ranking of the tickets:
- S ticket (a normal/slim PS5, a switch+switch lite, PS5 VR)
- A ticket (switch, ps5 portal, ps5 controller, fighting stick, etc.)
- B ticket (switch lite, some huge anime figures etc.)
- C ticket (popular PS5 and switch games those that cost around 8k yen I think and some more figures, bluetooth and wired headset)
- D ticket (less popular ps4, ps5 and switch games, more figures etc.
 - Z tickets x2 (these are like currencies that you can save or exchange for foods, drinks, toys or even games or a switch lite)

After a few pulls and spending around 30k yen which is 15 capsules all I got was probably 3 D tickets and the rest was Z. 

I decided to go all in. Went to the atm and withdrew what I estimated was around 100k yen. Yes. I had to. I was gonna get a switch or ps5 no matter what. The last gaming console I had was a PS2 probably like 20 years ago lol.

Another 40k in (total 70k or 35 capsules) I got more Z, D and this time a couple of Cs and a B! Yes I got a switch lite! But it wasnt enough! The gacha high feeling was there and the capsules were getting fewer and Im not gonna let other people take the grand prize if I quit!

I continued and after a total of 130k yen I finally got an A ticket! I counted the remaining capsules and there were around 30-35 (it was a total of 100) I think but I ran out of money! So I quickly jumped to my car and straight to the atm ! I was very nervous because there were other people there that might try and somehow get the S ticket. 

I came back and thankfully no one dare tried lol!
Spent more and finally after around 20+ capsules I finally got the S ticket! I immediately went to a series of different feelings of excitement, euphoria, relief, guilt, disgust and wtf am I doing with my life? lol. 

After a few minutes of composing myself, I called for the staff immediately to exchange for the prizes.

To summarize I spent around 180,000 yen and heres what I got:

- 1 S ticket (exchanged for PS5 slim)

- 1 A ticket (exchanged for Switch oled)

- 1 B ticket (switch lite)

- 4 C tickets (i got the mario kart 8, smash bros, mario party jamboree, dragon quest 3)

- 17 D tickets (exchanged all for ps4, ps5, switch games)

- 67 Z tickets(134 total Z tickets) . I exchanged 80 Z tickets for another switch lite and 30 tickets for a nike SB dunk shoes and probably the rest are for a hat, handkerchief and snacks)

Thats about it! Just wanted to share. Btw I sold the switch and 1 switch lite to my friends and Im using the ps5 and switch lite now. 

Was it a bad idea? Probably?

Would I do it again? Nah!

Was it worth it? Well, for me? Absolutely! 😁



"
nike,Japan,"Something to clean white Nike sneakers with Could someone recommend me a cheap and effective spray, paste or other thing to clean white Nike Air Force 1 sneakers? Too many salary men stepped on them on trains and they have some dirt on them. I couldn't find anything good in Daiso. Amazon Japan links would be perfect."
nike,Japan,Looking for a store in Harajuku that sells Nike/Jordan shoes larger than Size 11US/29CM? Name the place below with a location link if possible. Please do not reply with internet sites. I like to try and smell new shoes before I buy them.
nike,Japan,"Nike Pegasus Trail 2/ Trail 3 GTX suitable for daily life during rainy season in Tokyo? I have already read a fair bit about both Nike Pegasus models, and seems like they're both too hot for summer temperatures and quite slippery on wet surfaces.

I'm looking for a comfortable dark colour running shoe (open to other brands as well) that's a good fit and suitable for those rainy monsoon days in Tokyo.

I went to ABC Mart recently and it's not an easy task to find shoes in my size, which is usually 10.5 or 11.5. Where do you gents/ladies find your larger sneakers?"
nike,Japan,"People who have started their own businesses in Japan...what was your experience like?  So I am an executive at a fairly large Japanese firm right now. It is quite a cushy job and I like it in a lot of ways. However based on the knowledge and connections I have built up over the years, I've had a nagging feeling to strike out on my own and I've sort of come across a good opportunity and timing. And I think I have enough money to give it a proper run and still have enough savings and a career to return to if it doesn't work out.

I don't want to go into my business proposal and details here, but I can say that it would mostly be a services/consulting thing and largely done online and through print, so I don't think it would be affected by COVID. It feels fairly future proof and I've bounced the idea off a few successful confidants, who gave it their stamp of approval. I have an MBA and a lot of business experience, albeit working for others not myself.

Anyway I am not looking for specific feedback on my particular plan, just to hear the voice of experience from people who have done it. What went well, what didn't, what was unexpected, what to be careful about, etc.

I know a few people who have started IRL businesses here in Japan, but they were mostly restaurants, which have their own pitfalls and nothing to do with my idea. So I'd like to hear any advice or suggestions from those of you who have been through it, for the better or worse...

Thanks in advance for any helpful feedback!"
nike,Japan,"Received very expensive gift and unsure what to do *THANK YOU FOR THE FEEDBACK*

Hi all,
A friend in my kendo dojo got me a pair of custom Nike shoes that I found out were around ¥20,000. I had mentioned that my shoe size is 33 so it's difficult to buy shoes in Japan, and he (completely unprompted, no occasion) got me these. They're admittedly nice sneakers, if not completely my style. We're the same rank in kendo but he's 12 years older than me. He also only joined the dojo about 6-7 months ago, so we haven't known each other that long. We're friendly but I didn't imagine us as being particularly close.

I don't feel comfortable accepting this present because of the expense, but given it's a custom order, ~~returns might not be an option~~. I already accepted them because he kind of sprung it on me during the break at practice and I panicked. I'm an eikaiwa teacher, so I don't exactly have the means to reciprocate. I don't know what to do from here but it's making me super anxious. Any advice would be appreciated.

TLDR dojomate got me a custom gift that I feel was too expensive for me to accept.

EDIT: I've discovered returns are possible on this product, and so if possible I'm curious if anyone knows the polite procedure for giving it back to him.

EDIT 2: Thanks everyone! I'm gonna keep them and get him a new hakama, those are around 10k so it's a fair okaeshi price."
nike,Japan,Daily Boss Super Premium Deluxe Stupid Questions Thread - 13 February 2024 Now daily! Feel free to ask any silly stupid questions or not-so-silly stupid questions that you haven't had a chance to ask here. Be kind to those that do and try to answer without downvoting. Please keep criticism and snide remarks out of the thread.
nike,Japan,"Now that it's getting warmer again: what shoes do you wear? Update: Thanks everyone who left some comments. Not sure how it got some much traction as I posted on a Monday morning (JST) and I am still at work lol. Will try my best to reply soon-ish :D 

I'm a big fan of Airmax 1s but would love to hear what the more seasoned Japan experts prefer? 

Follow up question: what shoes for the rainy days in spring/summer?"
nike,Japan,"How common are counterfeit or mislabeled goods on Japanese Amazon, Rakuten, other online stores? Had any experiences with them, and how to avoid? Just kind of curious how bad the problem here is. In the US, some major brands like Nike have pulled out of having official Amazon storefronts because Amazon doesn't do anything about counterfeit goods. They've even had issues with third party sellers pulling their goods out of garbage.

Has Amazon Japan gotten the same kind of reputation? Do they or Rakuten deal with counterfeit goods any better than the US one? Have you ever run into counterfeit goods here?

In my experience, I've bought one electronics item from Amazon that was mislabeled as new when it was clearly used/a return, it wasn't counterfeit though."
nike,Japan,"Is buying shoes on Shein worth it? I wanted to buys shoes but I am confused whether I should buy Nike shoes worth 8-9k or shoes on shein in 3-4k range. Shoes on shein have really really crazy designs but I am fearful that the colors will fade off super hard and the I will regret wasting my money on non branded items. Please help if you have any experience of shopping on shein

Thanks guys for sharing. I will buy the Nike ones then"
nike,Japan,"What do you wear on your feet at home? Slippers are a nightmare for me.

They’re loose and floppy, they constantly slide off my feet, and it’s so annoying to have to keep changing them when I want to use the WC. So I just pad around my home in thick socks in winter, and (gasp!) bare feet in summer.

One of my students broke her nose when she slipped and fell wearing her *own* slippers on the stairs of her own home.

Another student was so exhausted at work one day that she forgot to change back from toilet slippers when she returned to her desk. It took her a long time to live it down. 

Not to mention the questionable hygiene of using slippers that have been used by dozens, if not hundreds, of other people in certain public facilities. How often do they get cleaned? 

Slippers: yay or nay?"
nike,Japan,"Amazon.com doesn't seem to ship shoes to Japan anymore Since I moved to Japan 14 years ago, I've pretty much bought my shoes from Amazon.com since it's impossible to buy an 11.5in/29.5cm shoe anywhere in Tokyo. Another reason for doing so is I don't want to be limited on selection. 

I know the Nike store on Omotesando has larger sizes, but I want a pair of New Balance and the local stores never have anything over a 10.

Anyone know of an online store that will deliver to Japan?"
nike,Japan,"Japanese Brand (Technical) Sling Bags Started living here not long ago, and think a sling bag (3L-6L size) would be super convenient for my lifestyle.

Any cool Japanese brands that people could introduce to me?

Not a must, but something with technical functions would be a bonus. Like waterproof etc. [Or for example this ACG one can open up to double its size.](https://www.nike.com/jp/en/t/acg-ays%C3%A9n-fanny-pack-3l-KBtc86/DV4051-011)

Looking at up to ¥10000 ideally. \~¥20000 if it’s really functional or high quality."
nike,Japan,"Where do my fellow Sasquatch feet buy shoes around here? I'm an average heighted dude with size 13 U.S (31 Japan) feet. trying to buy shoes is a slog, and impossible in person as most stores barely go up to size 11-12. I've ordered shoes off Amazon with a varying price range but they all seem to be made out of what feels like quite a cheap material. Is there anywhere reputable online or in person (I live on the West side of the Tokyo prefecture) where someone can find large shoes without breaking the bank?"
nike,Japan,Where to sell secondhand sneakers in Tokyo I have some sneakers that are used but still in great condition (Nike Womens Air Force 1 Low Shadow's) and I'm struggling to find a place to sell them to in Tokyo. All of the places in Shimokitazawa offer much lower than I was hoping for. Does anyone know a decent place that buys sneakers secondhand? Thanks!!
nike,Japan,"What do I use to wash sneakers in Japan? It might be a very funny question for most but in my country, it's very hot and we rarely wear sneakers except for fashion. I have zero experience washing sneakers and it would be very helpful if people can show me pictures of the products they used for washing sneakers or explain me. I have one white Nike Airmax and one leather brown Timberland boot. Can I also use the laundry machine? Thanks in advance."
nike,Japan,"Mercari Shops - Parallel Import Sneakers Please describe your experiences with buying from Mercari Shops / メルカリShops sellers who sell sneakers (especially Nike, New Balance) with (or without) the disclaimer that they are ""parellel import"" goods and priced very competitively (i.e. very cheap compared to retail price). 

  
(If it is too good to be true, it probably isn't but wondered if people have been nicely surprised) "
nike,Japan,"What shoes do you wear at work? Crocks with white athletic socks seem to be the rage where I am, followed by ripped up Birkenstocks from 1989.  "
nike,Japan,"もったいない: If you're in the US for a week, what must you absolutely do, absolutely buy? Hi guys,  
I'll be in the US for a week. I'll go again later I'm sure but I'm trying to make a list of what, regardless of where in the US, you should do or should buy or at least, is much easier or cheaper to do in the US?  
The things I've heard, if I need them:  
Skincare, Toothpaste, Deodorant, brand (ie: Nike) shoes/western clothing, Bath Towels, Vitamins?, make-up.  
Things we should do:  
For food, definitely taco shops, hole in the wall burgers, real American BBQ (smoked ribs), gonna visit tourist areas, trails and hiking areas.  
What would you absolutely do?  Absolutely buy? Any ideas?  
Also, I only really want stuff for myself, I'm not trying to buy things to resell lol (so that leaves iPhones out). "
nike,Japan,Birthday discounts in Japan? Any reccpmendations for birthday discounts?
nike,Japan,"Shops for large size graphic tees? Hello there, I'm about a US 2-3XL (though sometimes I'll wear larger for comfort/style) and although I've found shops for more work casual clothes, I haven't found a place for more fun shirts that also fit bigger men. Any recommendations? Online would be awesome but I'm in the Tokyo area if that makes a difference."
nike,Japan,"Mask recommendations for working out I’ve been using a fairly cheap washable/reusable face mask at the gym and always feel like I’m suffocating. Occasionally, it’ll slip below my nose and I’ll get the stink eye from other members.

Does anyone have any recommendations for masks suitable for exercise? Along with the aforementioned slippage problem, the mask fills into my mouth/nostrils when I breathe heavily, hence the oxygen deprivation. I’m looking for options without these problems.

Thanks in advance for any suggestions!

EDIT: Thanks all for the recommendations! This is very helpful, I’ll look into the options people have posted here."
nike,Japan,Where do I buy gym wear in Japan? Currently looking for some online stores where I can buy good quality gym wear. Does anybody know any here in Japan?
nike,Japan,"Looking for big size Men's sneakers. 6'2 Japanese male, I normally wear size 33cm(US13) shoes but the biggest shoes I can find at the stores in Japan are mostly up to size 30.  Rarely I'll find some on Amazon or Rakuten that are 31cm but its a bit too small for me, I once had a foot cramp while driving on the highway and that was the most painful ride I've ever experienced.

I know my options will be limited so I won't be too picky. Usually end up buying 31cm white Nike Air Force Ones that I find online."
nike,Japan,"Training Gears during Winter in Tokyo and Where to Find Them Recently I started running outdoor and exercising in the park. But the weather is becoming cold and I found all my training clothes are too thin/not appropriate for winter. Anyone knows where to find nice winter training gears such as tights, shirt, and jacket in Tokyo? For shoes I have no problem with my Nike but if you have any tips, please let me know. Thanks!"
nike,Japan,"First times   

**It’s never too late to start something new**

*In Greek mythology, when Achilles was born, his mother Thetis bathed him in the waters of the river Styx, which flows through the underworld, to make him immortal. At that time, Thetis's hand held onto Achilles' heel, so that he won’t submerged, but only his heel did not become immortal. This is where the ""Achilles heel"" comes from.* 

MY FIRST FUTSAL GAME

I was excited that my co-teachers in the junior high school invited me to play futsal, I told my Japanese family the news and they were also glad.

“Have you ever played soccer or futsal?” my father-in-law asked. 

“A long time ago, once, during gym class back when I was a university student, we played soccer.” I said. (the university I studied has a big field, which is rare, considering the mountainous terrain in the region where I’m from)

I was a little anxious about the shoes I had to wear since I only have basketball shoes and since I’m wearing glasses, I thought it would be disastrous if the ball would hit my face. Fortunately, my wife is a straightforward person and told me to not be impulsive for I was planning to buy a new pair of shoes and contact lenses just for that day.

Nonetheless, I still went to play wearing Nike basketball shoes and a pair of glasses. I had a strong feeling that I needed to go since it was the first invitation I had since working at that school.

I know as little about playing soccer. I know that you cannot use your hands and the objective is to kick the ball into the goal while a goalkeeper is defending it. That’s all I know about soccer, and I think the only difference between futsal and soccer is that futsal is played indoor and soccer is played outdoors. 

During the game and after an hour of playing, I felt a strong impact on my calf like someone had kicked me. I stumbled down in agony while holding my sheen. 

Ugh! That’s a red card I thought.

Sadly, we didn’t have a referee at that time. 

I asked the other teachers, “dare ga kicku shitandesuka?” (who kicked me?) 

“Jibun de kicku shitandayo”, (you kicked yourself) they replied.

In my head I was thinking, “How could I kick myself and if so, why is the pain so bad?” 

My initial suspicion was that I pulled a muscle. So, I tried to shake it off and see if it would be any better. 

It wasn’t.

After 15 minutes of rest, I still played since the players were too few. 

I couldn’t run anymore, my foot was swollen, I was skipping for the next 30 minutes. 

Surprisingly, I didn’t know how but I managed to score a goal during the game and another goal during the penalty kick.

It was my first time playing futsal and I genuinely had a great time. 

MY FIRST SURGERY

The day after the game was a Sunday. Therefore, I couldn’t go to the hospital for a check-up. 

On Monday, I took a day-off from work and paid a visit to a clinic near our place.

The doctor touched just above my heel and said that there’s a big chance that my Achilles tendon is torn. It could be completely torn or partially torn so he advised me to go to a bigger hospital near the station to run some tests.

My wife and I then went as per advice. As soon as we came and talked to the doctor in that hospital, he then prescribed me to take some tests. After the tests were done, I was scheduled for surgery ASAP as my Achilles’ tendon was completely torn and it would be better to fix it immediately.

I visited the hospital on Monday, and the scheduled surgery was Friday. So, I had to be admitted to the hospital by Thursday for my pre-surgery check-up.

Wednesday was the third graders’ graduation day and I didn’t want to miss it. 

And I’m glad that I didn’t. 

I signed their year books, they gave me letters, we took some commemorative pictures and we bid farewell. 

It was an emotional day and it was my first time to attend a graduation ceremony in Japan. 

MY FIRST HOSPITAL STAY AND MY FIRST “SHUGI-BUKURO” 

***A shūgi-bukuro (祝儀袋, lit.*** ***'celebratory gift bag') is a special envelope in which*** [***money***](https://en.wikipedia.org/wiki/Money) ***is given as a gift of celebration in Japan, especially at*** [***weddings***](https://en.wikipedia.org/wiki/Marriage_in_Japan) ***or other auspicious occasions, such as a birth or celebrating a new home. The giver inserts the money into a shūgi-bukuro on which they have written their name, and the amount of money inside. (wiki)***

**The hospital I was admitted to was a public hospital. Even though there was a language barrier, in all fairness, the service I got was excellent. The nurses, the staff and the doctors were all courteous and they even tried to communicate in English which I really appreciated.**

**My hospital experience was great but after all, it was done. The hospital bill was also great. In fact, it was too great! (sarcasm)**

**Good thing I had my national insurance. I only had to pay 30% of my hospital bill. Without my national insurance I would’ve paid around 250,000 yen. On top of that I had to pay another 80,000 yen for my leg brace which will also be reimbursed by the government.**

**After 5 days since the surgery, I came back to work. I got surprised that during the morning meeting the principal mentioned my name. Obviously, I didn’t know what he was saying, but as soon as everyone clapped, I assumed it was about my successful surgery. The principal then handed me an envelope which I also have no idea. My first thought was that it was just a simple letter or congratulatory note. So, I only said “arigatou gozaimasu” to the principal.** 

**After the meeting was over, I hurriedly messaged my wife saying “I got a letter from the principal and I don’t have any idea what it is”.** 

**I sent the picture and she got shocked. “Did you say thank you to all of the teachers?” she said. I said no, of course. I didn’t have any idea what that was.**

**The envelope contained a 5,000-yen paper bill. It was from all of the teachers. Also, it is a way to say “congratulations on the successful surgery and may it be the last”.** 

**(I thanked them during the “Owarikai”)**

**So far, my life here in Japan has never been boring. There is always an event. It may be good or bad but either way, I am grateful.** 

**My life back in the Philippines was also great and exciting. But, when I came to Japan I experienced a lot of things that I would never experience if I was still in the Philippines.**"
nike,Japan,"Tips japanese brands/stores Hello! I live in Japan 5+years now and being a latin woman, most  stores are hard to find a fit for me. Usually get some rare goodies in shimamura, GU and H&M are my to go stores, but lot of stuff are poor quality and I was interested in some good sportswear, that doesn't cost an eye of my face, fits a non skinny body without transparency and last a bit more. Any tips?  (maybe the us amazon clothes worth it?)(Am I doomed to get adidas or Nike clothes?)"
nike,Japan,"Do Outlet mall shops in Japan give additional discount if asked? How to Bargain? So we went to this Makuhari Chiba Outlet mall last weekend. The price for luxury bags etc. were being shown discounted up to 50% or 70%. However, I found the things were pricey(or not really outlet prices) even after those discounts based on shopping experience in Tokyo. We got good deals in Nike, Adidas but briefcases and bags did not seem to be discounted.  
Is it what everyone has experienced when shopping in Outlet malls."
nike,Japan,"How are the mid-tier shoe brands like Cedar Crest, Spalding, etc? So, between the big names of shoes like Nike, Asics, etc and the no-name Chinese brands, there's the ""low end but still sold with recognizable names"", Spalding, Dunlop, Texaco, Captain Stag, Cedar Crest... anyone have these, of any type, are they good/bad in your experience?"
nike,Japan,"Running shoes (27.5cm and wide) in Tokyo? I've tried all kinds of shoes here and I haven't ended up very satisfied. I need about 27.5cm shoes (just barely too big to be common), but I also have fairly wide feet. I use them for running and everyday walking around. Bonus points if I can get them waterproof so I don't have to bring extra socks to work in monsoon season.

Anyone know where I could go that I might have good luck finding shoes?

I've typically gone with the Nike Free line, but they seem to be getting narrower (the most recent pair of ワイド that I bought squeeze my toes a bit too much) and they're the opposite of waterproof.

Online, North Face has some waterproof shoes marketed as trail-runners -- is it worth finding a North Face store in Tokyo or are they only going to have non-wide shoes?"
nike,Japan,"Any photographers? quick question... Thinking about getting a Canon 70d, my google searches did not come with a %100 answer... If i buy the Canon here in Japan will I be able to put the menu in English?(Yamada denki salesperson said no English menu, some google searches said yes) I read that some of the cameras are ""region"" locked? But, I seen some google images with the language setting on the 70d that had a bunch of languages to choose from. Also, warranty wise, If i buy the Canon say from Costco in America will i be able to get warranty work done here in Japan if need be? I've been reading about ""gray"" market this and that and to be careful??  Any info would be greatly appreciated! Thanks! "
nike,SouthAfrica,From Nike to feldskone and mr price yah neh 
nike,SouthAfrica,"See how it runs Why is there a picture of a boy sprinkling salt on a bird with the caption ""see how it runs"" on a lable for a bottle of table salt?"
nike,SouthAfrica,Nike released a new ad 
nike,SouthAfrica,"Someone was asking if Temu is a scam - I recommend watching this video about the concerns the EU has for its consumers buying from Temu.  I doubt our government will care about us in the same way, so best to educate ourselves as South Africans. "
nike,SouthAfrica,Caster Semenya honoured in new Nike ad 
nike,SouthAfrica,"I want to quit my job but I’m kinda scared So I (25M) want to quit my job due to a whole number of factors, I have a registered company in my name and have limited time to focus on it due to working full time and not having too many people who offer support, my job that I want to quit has been nothing but exhausting, drama, bs and toxicity, (as an example my boss chops and changes rules on a whim, my department takes the brunt of all the stress and frustration because he doesn’t remember a rule he set in place 10 minutes ago)… I know job scarcity is rough in SA and people would kill to have something but I can’t take it anymore, I drive 45km to and from work daily, I have debt to pay and responsibilities to attend to, which my salary can barely cover, if I even get the whole amount around payday (we have a you make a mistake you pay policy).

I would love to just say f-it and resign to focus completely on my dream and nurture my hard work and long hours invested into my business, but the thought of “what if” scares me senseless to the point where I just swallow my pride and eat the crap dished out for another week.

I know I need support and confidence to take the leap but advice will make a world of difference too."
nike,SouthAfrica,Just don’t do it 
nike,SouthAfrica,He strikes again! I like him more and more.... how can we put these words and attitude into action! Any ideas!? 
nike,SouthAfrica,When the truth is laid bare 
nike,SouthAfrica,"DA for the head, EFF for the heart, and ANC only trying to cover their ass "
nike,SouthAfrica,"Springbok jerseys in SA? I GIVE UP I've been to 6 Totalsports from Mpumalanga, Centurion, Pretoria not a single one. All have said we don't do them try Totalsports in X area. I've been to Addidas, Puma etc outlets but they only have the teams they sponsor e.g. bulls and sharks.

How tf is it so hard to find a simple top? Bafana Bafana tops are in every shop is demand for boks tops that low or so high?y family has just said go to predominantly white areas they'll have them, last time I had to travel to Randburg however, I don't have time for a 5 hour drive this time.

Edit: Went to the airport only kid sizes were left 😭 eish all the kiosks told me they haven't received any stop. Lucky there were some kids XL that fit like a adult S/M. Thanks for all the suggestions, and thanks to u/Stu_Thom4s for mentioning the sponsor change to Nike makes the most sense."
nike,SouthAfrica,"Hello guys! Where can I find shoes like these? Looked nearly everywhere online. Apparently my dad whore them at my age. I'll check the comments, thanks. "
nike,SouthAfrica,[Question] Are these legit 
nike,SouthAfrica,"Where can I buy Diadora shoes? In 2012, when I was in Queenstown for a family visit, a local sports clothing store which I can't remember the name of now stocked Diadora shoes. I ended up picking up a pair of their sneakers for only R299 and it amazingly lasted me up until the beginning of this year when they finally broke.

I'm a collector of 'non-mainstream' sports shoes and sneakers (as in not the big 4 of Nike, Adidas, Puma and New Balance) and own or owned Kappas, Umbros, Lottos and even a pair of Jomas. Every B&M store in Cape Town I've visited doesn't stock them, and I've been to the Diadora site and seen that it has South Africa as a selectable location, but the currency remains in dollars, so I'm a bit put off. Any thoughts on where in Mzansi that I can get another pair of Diadoras?"
